Date,close,ret1,ma5,明日漲
2015-01-09,98.00163269042969,-0.0289854415131936,99.31805419921875,0
2015-01-12,96.53888702392578,-0.014925727524606303,98.22102203369141,1
2015-01-13,96.90458679199219,0.0037881083917590264,98.0747573852539,0
2015-01-14,95.07621765136719,-0.018867725472578867,97.4896743774414,1
2015-01-15,96.1732177734375,0.011538112781188659,96.53890838623047,1
2015-01-16,100.1956787109375,0.04182516744917497,96.97771759033203,1
2015-01-19,101.65840148925781,0.014598661310935679,98.00162048339844,0
2015-01-20,100.92704772949219,-0.007194228406620207,98.80611267089844,1
2015-01-21,103.1211166381836,0.02173915672805582,100.41509246826172,0
2015-01-22,102.3897705078125,-0.0070921083306063615,101.65840301513671,1
2015-01-23,106.04653930664062,0.035714200556286047,102.82857513427734,0
2015-01-26,106.04653930664062,0.0,103.70620269775391,1
2015-01-27,107.50922393798828,0.01379285586225687,105.02263793945312,0
2015-01-28,107.14356231689453,-0.0034012116142208004,105.8271270751953,0
2015-01-29,104.94950866699219,-0.020477699289230933,106.33907470703124,0
2015-01-30,103.1211166381836,-0.017421634956006682,105.75399017333984,1
2015-02-02,104.21814727783203,0.01063827347310009,105.38831176757813,1
2015-02-03,105.68083190917969,0.014034836250238936,105.0226333618164,1
2015-02-04,106.77789306640625,0.010380890625173667,104.94949951171876,0
2015-02-05,106.41220092773438,-0.0034247926061291567,105.24203796386719,0
2015-02-06,104.58380889892578,-0.017182165323789134,105.53457641601562,0
2015-02-09,103.85247039794922,-0.006992846298831568,105.46144104003906,1
2015-02-10,104.21814727783203,0.0035211187416301915,105.16890411376953,1
2015-02-11,108.24060821533203,0.03859655004973983,105.4614471435547,1
2015-02-12,108.60626983642578,0.0033782295491753267,105.90026092529297,0
2015-02-13,108.60626983642578,0.0,106.70475311279297,1
2015-02-24,110.43466186523438,0.016835050421696307,108.02119140625,1
2015-02-25,112.99439239501953,0.023178687619914484,109.7764404296875,0
2015-02-26,110.06897735595703,-0.025889913446637935,110.1421142578125,0
2015-03-02,108.97196197509766,-0.00996661736314386,110.21525268554687,1
2015-03-03,110.06897735595703,0.010066950809879627,110.50779418945312,0
2015-03-04,110.06897735595703,0.0,110.43465728759766,0
2015-03-05,109.70329284667969,-0.003322321312159926,109.77643737792968,0
2015-03-06,108.97196197509766,-0.006666444120361437,109.55703430175781,0
2015-03-09,106.41220092773438,-0.0234900886518703,109.04508209228516,0
2015-03-10,105.3151626586914,-0.01030932787291916,108.09431915283203,1
2015-03-11,106.77789306640625,0.013889077040647013,107.43610229492188,1
2015-03-12,108.24060821533203,0.013698670267038304,107.14356536865235,1
2015-03-13,108.97196197509766,0.006756741040392811,107.14356536865235,0
2015-03-16,106.77789306640625,-0.020134251682031756,107.21670379638672,1
2015-03-17,108.97196197509766,0.02054796967502348,107.94806365966797,1
2015-03-18,112.2630386352539,0.03020113247945666,109.0450927734375,1
2015-03-19,112.62874603271484,0.0032575939677628174,109.92272033691407,0
2015-03-20,112.62874603271484,0.0,110.6540771484375,0
2015-03-23,112.2630386352539,-0.003247016506378486,111.75110626220703,0
2015-03-24,110.8003158569336,-0.013029424431247993,112.11677703857421,0
2015-03-25,110.43466186523438,-0.0033001168712493145,111.75110168457032,0
2015-03-26,106.41220092773438,-0.036423898706808955,110.50779266357422,0
2015-03-27,104.21814727783203,-0.020618440655995385,108.82567291259765,0
2015-03-30,104.21814727783203,0.0,107.21669464111328,1
2015-03-31,106.41220092773438,0.021052510596386576,106.33907165527344,0
2015-04-01,105.3151626586914,-0.01030932787291916,105.31517181396484,1
2015-04-02,107.50922393798828,0.020833289565410862,105.53457641601562,0
2015-04-07,106.77789306640625,-0.006802494193464459,106.04652557373046,0
2015-04-08,104.58380889892578,-0.02054811257716005,106.11965789794922,0
2015-04-09,104.58380889892578,0.0,105.7539794921875,1
2015-04-10,107.50922393798828,0.02797196879576025,106.19279174804687,0
2015-04-13,107.50922393798828,0.0,106.19279174804687,0
2015-04-14,105.3151626586914,-0.020408121265598766,105.9002456665039,0
2015-04-15,104.58380889892578,-0.006944429855136991,105.9002456665039,1
2015-04-16,107.50922393798828,0.02797196879576025,106.4853286743164,0
2015-04-17,104.21814727783203,-0.03061203996835249,105.82711334228516,1
2015-04-20,104.58380889892578,0.003508617555049609,105.24203033447266,0
2015-04-21,104.21814727783203,-0.003496350199361564,105.02262725830079,1
2015-04-22,104.94950866699219,0.007017601140139718,105.09576721191407,1
2015-04-23,107.50922393798828,0.024389969076636042,105.09576721191407,1
2015-04-24,111.53170013427734,0.03741517284702223,106.55847778320313,0
2015-04-27,110.8003158569336,-0.0065576358691135095,107.8017791748047,0
2015-04-28,110.8003158569336,0.0,109.118212890625,0
2015-04-29,108.60626983642578,-0.019801802941977087,109.84956512451171,0
2015-04-30,107.50922393798828,-0.010101128600492282,109.84956512451171,1
2015-05-04,107.87489318847656,0.0034012825792435475,109.11820373535156,0
2015-05-05,107.50922393798828,-0.003389753071174728,108.4599853515625,1
2015-05-06,107.87489318847656,0.0034012825792435475,107.8749008178711,0
2015-05-07,107.14356231689453,-0.006779435417880508,107.58235931396484,0
2015-05-08,107.14356231689453,0.0,107.5092269897461,1
2015-05-11,108.60626983642578,0.013651846997629669,107.65550231933594,0
2015-05-12,107.87489318847656,-0.006734202813988177,107.7286361694336,1
2015-05-13,108.24060821533203,0.003390177417988305,107.8017791748047,0
2015-05-14,106.77789306640625,-0.013513552566296383,107.72864532470703,1
2015-05-15,107.14356231689453,0.003424578252924304,107.72864532470703,0
2015-05-18,107.14356231689453,0.0,107.43610382080078,0
2015-05-19,107.14356231689453,0.0,107.28983764648437,0
2015-05-20,107.14356231689453,0.0,107.07042846679687,0
2015-05-21,106.41220092773438,-0.006825994706028515,106.9972900390625,0
2015-05-22,106.41220092773438,0.0,106.85101776123047,1
2015-05-25,107.87489318847656,0.0137455315085111,106.99728393554688,0
2015-05-26,107.14356231689453,-0.006779435417880508,106.99728393554688,0
2015-05-27,106.04653930664062,-0.010238814041008681,106.77787933349609,1
2015-05-28,107.50922393798828,0.01379285586225687,106.99728393554688,0
2015-05-29,106.77789306640625,-0.006802494193464459,107.07042236328125,0
2015-06-01,106.04653930664062,-0.0068492994079850655,106.70475158691406,0
2015-06-02,105.3151626586914,-0.006896751678377666,106.33907165527344,0
2015-06-03,104.58380889892578,-0.006944429855136991,106.04652557373046,0
2015-06-04,103.1211166381836,-0.013985838497771685,105.16890411376953,0
2015-06-05,102.3897705078125,-0.0070921083306063615,104.29127960205078,0
2015-06-08,101.29270935058594,-0.01071455821988443,103.34051361083985,1
2015-06-09,101.65840148925781,0.003610251330193659,102.60916137695312,1
2015-06-10,102.0240478515625,0.003596814006005422,102.09720916748047,1
2015-06-11,104.94950866699219,0.028674228057349982,102.46288757324218,1
2015-06-12,105.68083190917969,0.006968334120629471,103.12109985351563,0
2015-06-15,104.58380889892578,-0.010380529661203508,103.7793197631836,0
2015-06-16,103.85247039794922,-0.006992846298831568,104.21813354492187,1
2015-06-17,104.21814727783203,0.0035211187416301915,104.65695343017578,0
2015-06-18,103.85247039794922,-0.0035087639670657866,104.43754577636719,0
2015-06-22,103.85247039794922,0.0,104.07187347412109,1
2015-06-23,105.68083190917969,0.017605373316825546,104.29127807617188,1
2015-06-24,106.04653930664062,0.003460489389175425,104.73009185791015,1
2015-06-25,107.14356231689453,0.01034473182648421,105.31517486572265,0
2015-06-26,106.77789306640625,-0.003412890542193847,105.90025939941407,0
2015-06-29,104.51395416259766,-0.02120231855858612,106.03255615234374,1
2015-06-30,106.02320098876953,0.014440625065470725,106.10102996826171,1
2015-07-01,106.40048217773438,0.0035584776298613896,106.17181854248047,1
2015-07-02,106.77777862548828,0.0035460031762231115,106.09866180419922,1
2015-07-03,107.53241729736328,0.007067375643033502,106.24956665039062,0
2015-07-06,106.02320098876953,-0.014034989136534115,106.551416015625,0
2015-07-07,106.02320098876953,0.0,106.551416015625,0
2015-07-08,104.13664245605469,-0.01779382734270285,106.09864807128906,0
2015-07-09,103.0047378540039,-0.010869417098102074,105.34403991699219,0
2015-07-10,103.0047378540039,0.0,104.43850402832031,1
2015-07-13,104.51395416259766,0.014651911553164476,104.13665466308593,0
2015-07-14,104.51395416259766,0.0,103.83480529785156,0
2015-07-15,104.51395416259766,0.0,103.91026763916015,0
2015-07-16,103.0047378540039,-0.0144403330702213,103.91026763916015,1
2015-07-17,105.64588928222656,0.025641067423191277,104.4384979248047,0
2015-07-20,104.89126586914062,-0.007142951024530664,104.51396026611329,1
2015-07-21,106.02320098876953,0.01079150976251042,104.81580963134766,0
2015-07-22,104.89126586914062,-0.010676296405621732,104.89127197265626,0
2015-07-23,102.6274185180664,-0.02158280131635104,104.81580810546875,1
2015-07-24,103.38202667236328,0.0073528903405479795,104.3630355834961,0
2015-07-27,101.11820220947266,-0.02189765992946824,103.6084228515625,0
2015-07-28,101.11820220947266,0.0,102.62742309570312,1
2015-07-29,102.25011444091797,0.01119395130364853,102.0991928100586,1
2015-07-30,104.51395416259766,0.022140216996899165,102.47649993896485,1
2015-07-31,105.2685546875,0.0072200935362982666,102.85380554199219,0
2015-08-03,101.49549865722656,-0.035842194675077654,102.92926483154297,1
2015-08-04,103.0047378540039,0.014870011150685425,103.30657196044922,0
2015-08-05,101.11820220947266,-0.018315037578224502,103.08018951416015,0
2015-08-06,101.11820220947266,0.0,102.40103912353516,0
2015-08-07,100.36360931396484,-0.007462483301914569,101.42005004882813,0
2015-08-10,97.34512329101562,-0.030075502899727047,100.58997497558593,1
2015-08-11,98.47704315185547,0.011627905154076856,99.68443603515625,0
2015-08-12,96.96780395507812,-0.015325797246471318,98.85435638427734,0
2015-08-13,96.59052276611328,-0.0038907882160518215,97.94882049560547,0
2015-08-14,95.08129119873047,-0.015625048132696273,96.8923568725586,0
2015-08-17,93.57203674316406,-0.015873306268126885,96.13773956298829,1
2015-08-18,95.08129119873047,0.016129332096393334,95.45858917236328,0
2015-08-19,94.32667541503906,-0.007936532772931937,94.93036346435547,1
2015-08-20,95.08129119873047,0.00800002523539689,94.6285171508789,0
2015-08-21,91.30821990966797,-0.0396825836239052,93.8739028930664,0
2015-08-24,86.78054809570312,-0.04958668363531904,92.51560516357422,1
2015-08-25,93.19477081298828,0.07391313903907859,92.13830108642578,0
2015-08-26,92.44014739990234,-0.00809727205188604,91.76099548339843,1
2015-08-27,93.57203674316406,0.01224456445709765,91.45914459228516,1
2015-08-28,94.32667541503906,0.008064788350672814,92.06283569335938,1
2015-08-31,97.34512329101562,0.0319999391762229,94.17575073242188,0
2015-09-01,93.57203674316406,-0.03875989284611436,94.25120391845704,1
2015-09-02,94.7039794921875,0.012097019456041025,94.70397033691407,1
2015-09-03,95.83589935302734,0.011952188988354262,95.15674285888672,0
2015-09-04,94.32667541503906,-0.01574800203448612,95.15674285888672,0
2015-09-07,92.44014739990234,-0.01999994176446862,94.17574768066406,1
2015-09-08,92.81745910644531,0.004081686552388275,94.02483215332032,1
2015-09-09,97.34512329101562,0.04878030737059791,94.55306091308594,0
2015-09-10,94.32667541503906,-0.03100769482774024,94.25121612548828,1
2015-09-11,96.21319580078125,0.01999986088178618,94.62852020263672,0
2015-09-14,96.21319580078125,0.0,95.3831298828125,0
2015-09-15,95.08129119873047,-0.01176454635593338,95.83589630126953,1
2015-09-16,97.7224349975586,0.02777774434413005,95.91135864257812,1
2015-09-17,98.85435485839844,0.011583009171518555,96.81689453125,1
2015-09-18,99.23165130615234,0.0038166902034246775,97.42058563232422,0
2015-09-21,97.7224349975586,-0.015209021403236322,97.7224334716797,0
2015-09-22,97.34512329101562,-0.0038610551052313813,98.17519989013672,0
2015-09-23,93.9493637084961,-0.03488371546223046,97.42058563232422,1
2015-09-24,95.83589935302734,0.020080345092966745,96.81689453125,0
2015-09-25,95.83589935302734,0.0,96.137744140625,0
2015-09-29,95.83589935302734,0.0,95.76043701171875,1
2015-09-30,98.09973907470703,0.023622042856199954,95.91136016845704,1
2015-10-01,100.74085998535156,0.0269228127980361,97.26965942382813,0
2015-10-02,99.60892486572266,-0.01123610737285241,98.02426452636719,1
2015-10-05,99.98626708984375,0.0037882370945150345,98.85433807373047,1
2015-10-06,100.36360931396484,0.0037739405130710058,99.75988006591797,1
2015-10-07,101.872802734375,0.015037257335863474,100.51449279785156,1
2015-10-08,102.6274185180664,0.007407431261698072,100.89180450439453,1
2015-10-12,104.51395416259766,0.018382374532778023,101.87281036376953,0
2015-10-13,103.75932312011719,-0.007220385531547802,102.62742156982422,0
2015-10-14,103.0047378540039,-0.007272457485480444,103.15564727783203,1
2015-10-15,105.64588928222656,0.025641067423191277,103.91026458740234,0
2015-10-16,103.75932312011719,-0.017857449777998746,104.1366455078125,1
2015-10-19,104.13664245605469,0.0036364860967790236,104.06118316650391,1
2015-10-20,104.89126586914062,0.00724647343421303,104.28757171630859,0
2015-10-21,104.51395416259766,-0.003597169920836807,104.58941497802735,0
2015-10-22,103.75932312011719,-0.007220385531547802,104.21210174560547,1
2015-10-23,105.64588928222656,0.018182136364993218,104.58941497802735,0
2015-10-26,105.64588928222656,0.0,104.89126434326172,0
2015-10-27,104.89126586914062,-0.007142951024530664,104.89126434326172,0
2015-10-28,104.13664245605469,-0.007194339841673614,104.81580200195313,0
2015-10-29,103.0047378540039,-0.010869417098102074,104.66488494873047,0
2015-10-30,103.0047378540039,0.0,104.13665466308593,1
2015-11-02,103.75932312011719,0.0073257335714285166,103.75934143066407,1
2015-11-03,105.2685546875,0.014545503208763577,103.83479919433594,1
2015-11-04,109.0416030883789,0.03584212219954552,104.81579132080078,0
2015-11-05,107.53241729736328,-0.013840458579762682,105.72132720947266,0
2015-11-06,105.64588928222656,-0.0175438073703843,106.24955749511719,1
2015-11-09,107.15509796142578,0.014285540965701449,106.9287124633789,0
2015-11-10,105.2685546875,-0.017605725810683426,106.9287124633789,0
2015-11-11,103.75932312011719,-0.014336964840669819,105.87225646972657,1
2015-11-12,104.51395416259766,0.007272898663832628,105.26856384277343,0
2015-11-13,102.6274185180664,-0.018050562335401366,104.66486968994141,0
2015-11-16,101.872802734375,-0.007352964681252017,103.60841064453125,1
2015-11-17,104.51395416259766,0.025925971970254258,103.45749053955078,0
2015-11-18,103.38202667236328,-0.01083039580029077,103.38203125,1
2015-11-19,106.02320098876953,0.025547712706161407,103.68388061523437,1
2015-11-20,106.40048217773438,0.0035584776298613896,104.43849334716796,0
2015-11-23,106.40048217773438,0.0,105.34402923583984,0
2015-11-24,105.2685546875,-0.010638368051223424,105.49494934082031,1
2015-11-25,106.40048217773438,0.010752759868268402,106.09864044189453,1
2015-11-26,107.53241729736328,0.010638439755734197,106.40048370361328,0
2015-11-27,104.89126586914062,-0.024561443838084562,106.09864044189453,0
2015-11-30,104.89126586914062,0.0,105.79679718017579,1
2015-12-01,107.53241729736328,0.02517989850096458,106.24956970214843,0
2015-12-02,107.53241729736328,0.0,106.47595672607422,0
2015-12-03,107.53241729736328,0.0,106.47595672607422,0
2015-12-04,106.02320098876953,-0.014034989136534115,106.70234375,1
2015-12-07,108.28703308105469,0.021352233012894573,107.38149719238281,0
2015-12-08,107.53241729736328,-0.0069686624725101565,107.38149719238281,0
2015-12-09,106.02320098876953,-0.014034989136534115,107.07965393066407,1
2015-12-10,106.40048217773438,0.0035584776298613896,106.85326690673828,0
2015-12-11,105.2685546875,-0.010638368051223424,106.70233764648438,0
2015-12-14,104.89126586914062,-0.0035840600213368212,106.02318420410157,0
2015-12-15,104.13664245605469,-0.007194339841673614,105.34402923583984,1
2015-12-16,108.28703308105469,0.03985523757164966,105.79679565429687,1
2015-12-17,109.41895294189453,0.010452958481119268,106.4004898071289,0
2015-12-18,107.15509796142578,-0.020689788373966067,106.77779846191406,0
2015-12-21,106.77777862548828,-0.0035212448415037345,107.1551010131836,1
2015-12-22,107.15509796142578,0.003533687821516862,107.75879211425782,0
2015-12-23,106.77777862548828,-0.0035212448415037345,107.45694122314453,1
2015-12-24,107.15509796142578,0.003533687821516862,107.00417022705078,1
2015-12-25,107.90970611572266,0.0070422048848157726,107.15509185791015,1
2015-12-28,108.28703308105469,0.0034966916222289868,107.45694274902344,0
2015-12-29,107.15509796142578,-0.010453099391703136,107.45694274902344,1
2015-12-30,107.53241729736328,0.0035212448415038455,107.60787048339844,1
2015-12-31,107.90970611572266,0.003508605384700436,107.75879211425782,0
2016-01-04,105.2685546875,-0.02447556872585932,107.23056182861328,0
2016-01-05,104.13664245605469,-0.010752614917203918,106.40048370361328,0
2016-01-06,102.25011444091797,-0.018115890532315104,105.41948699951172,0
2016-01-07,100.36360931396484,-0.018449907242335528,103.98572540283203,1
2016-01-08,101.11820220947266,0.007518590659162605,102.62742462158204,0
2016-01-11,100.36360931396484,-0.007462483301914569,101.646435546875,0
2016-01-12,100.36360931396484,0.0,100.89182891845704,1
2016-01-13,100.74085998535156,0.0037588392243503854,100.58997802734375,0
2016-01-14,99.23165130615234,-0.014981097832782675,100.36358642578125,1
2016-01-15,103.38202667236328,0.041825116397651074,100.81635131835938,0
2016-01-18,103.38202667236328,0.0,101.42003479003907,1
2016-01-19,104.13664245605469,0.007299293774564175,102.17464141845703,0
2016-01-20,101.49549865722656,-0.02536229070322371,102.32556915283203,1
2016-01-21,101.872802734375,0.0037174464103346683,102.85379943847656,1
2016-01-22,104.51395416259766,0.025925971970254258,103.08018493652344,1
2016-01-25,105.2685546875,0.0072200935362982666,103.45749053955078,0
2016-01-26,103.75932312011719,-0.014336964840669819,103.38202667236328,1
2016-01-27,105.2685546875,0.014545503208763577,104.13663787841797,1
2016-01-28,105.64588928222656,0.003584494874530275,104.89125518798828,1
2016-01-29,107.90970611572266,0.021428347556888383,105.57040557861328,1
2016-02-01,108.66431427001953,0.0069929590345434445,106.24955749511719,0
2016-02-02,107.53241729736328,-0.010416455303289385,107.00417633056641,1
2016-02-03,110.17354583740234,0.0245612309889347,107.98517456054688,0
2016-02-15,109.41895294189453,-0.006849129614303839,108.73978729248047,1
2016-02-16,111.30546569824219,0.017241188163712895,109.41893920898437,1
2016-02-17,111.68278503417969,0.0033899443623051084,110.0226333618164,1
2016-02-18,113.94662475585938,0.020270265654521946,111.30547485351562,0
2016-02-19,113.94662475585938,0.0,112.06009063720703,0
2016-02-22,113.94662475585938,0.0,112.965625,0
2016-02-23,112.814697265625,-0.009933839573218028,113.26747131347656,0
2016-02-24,111.68278503417969,-0.0100333756051324,113.26747131347656,1
2016-02-25,113.56930541992188,0.01689177419030896,113.19200744628907,0
2016-02-26,112.4374008178711,-0.00996664193608976,112.89016265869141,1
2016-03-01,114.70124053955078,0.02013422317851976,113.04108581542968,1
2016-03-02,115.45585632324219,0.006578967935671143,113.56931762695312,1
2016-03-03,116.2104721069336,0.006535968011693649,114.4748550415039,0
2016-03-04,115.07854461669922,-0.009740322620777286,114.77670288085938,0
2016-03-07,114.70124053955078,-0.0032786657009362674,115.2294708251953,0
2016-03-08,114.70124053955078,0.0,115.2294708251953,1
2016-03-09,115.45585632324219,0.006578967935671143,115.2294708251953,1
2016-03-10,116.5877685546875,0.009803852896610898,115.3049301147461,1
2016-03-11,116.96507263183594,0.003236223506340341,115.68223571777344,1
2016-03-14,117.71971130371094,0.0064518292075987915,116.28592987060547,0
2016-03-15,116.5877685546875,-0.009615575305847335,116.66323547363281,1
2016-03-16,117.71971130371094,0.009708932275279691,117.11600646972656,1
2016-03-17,119.60621643066406,0.01602539715788165,117.71969604492188,1
2016-03-18,120.36082458496094,0.006309104800872323,118.39884643554687,1
2016-03-21,120.7381362915039,0.0031348381655247337,119.00253143310547,0
2016-03-22,119.60621643066406,-0.009374998617727504,119.60622100830078,1
2016-03-23,120.36082458496094,0.006309104800872323,120.13444366455079,0
2016-03-24,119.60621643066406,-0.006269549555671272,120.13444366455079,0
2016-03-25,119.2289047241211,-0.003154616188044801,119.9080596923828,1
2016-03-28,119.98355102539062,0.006329390536763624,119.75714263916015,0
2016-03-29,119.98355102539062,0.0,119.83260955810547,1
2016-03-30,121.87004089355469,0.015722904115121894,120.13445281982422,1
2016-03-31,122.24735260009766,0.0030960169027309803,120.66268005371094,0
2016-04-01,119.60621643066406,-0.021604853710602834,120.73814239501954,0
2016-04-06,115.83314514160156,-0.03154577915479628,119.90806121826172,1
2016-04-07,116.5877685546875,0.006514745085816731,119.2289047241211,1
2016-04-08,118.85160827636719,0.019417471916171047,118.62521820068359,1
2016-04-11,119.60621643066406,0.006349162331418912,118.09699096679688,0
2016-04-12,119.60621643066406,0.0,118.09699096679688,1
2016-04-13,121.87004089355469,0.018927314402616968,119.3043701171875,0
2016-04-14,121.87004089355469,0.0,120.36082458496094,0
2016-04-15,120.36082458496094,-0.01238381720009385,120.66266784667968,0
2016-04-18,119.2289047241211,-0.009404387721196117,120.58720550537109,0
2016-04-19,118.85160827636719,-0.0031644713052335627,120.43628387451172,0
2016-04-20,116.2104721069336,-0.022222132352572976,119.3043701171875,1
2016-04-21,118.47429656982422,0.019480382635460813,118.6252212524414,0
2016-04-22,118.09699249267578,-0.0031846914315804,118.17245483398438,1
2016-04-25,118.85160827636719,0.006389796791296032,118.0969955444336,1
2016-04-26,119.2289047241211,0.003174516973103003,118.17245483398438,0
2016-04-27,118.09699249267578,-0.00949360588411341,118.54975891113281,0
2016-04-28,115.45585632324219,-0.022364127262575195,117.94607086181641,0
2016-04-29,113.19200134277344,-0.01960797011570059,116.96507263183594,0
2016-05-03,111.30546569824219,-0.016666686887338855,115.45584411621094,0
2016-05-04,110.92815399169922,-0.003389875817652044,113.79569396972656,1
2016-05-05,111.30546569824219,0.0034014061621470137,112.43738861083985,1
2016-05-06,111.68278503417969,0.0033899443623051084,111.68277435302734,0
2016-05-09,111.30546569824219,-0.003378491464212874,111.30546722412109,0
2016-05-10,110.92815399169922,-0.003389875817652044,111.2300048828125,0
2016-05-11,110.92815399169922,0.0,111.2300048828125,0
2016-05-12,110.17354583740234,-0.006802674768691674,111.00362091064453,0
2016-05-13,108.66431427001953,-0.01369867472188091,110.3999267578125,1
2016-05-16,109.0416030883789,0.003472058153533686,109.94715423583985,1
2016-05-17,110.92815399169922,0.017301202934363102,109.94715423583985,0
2016-05-18,110.92815399169922,0.0,109.94715423583985,0
2016-05-19,110.92815399169922,0.0,110.09807586669922,1
2016-05-20,112.06010437011719,0.01020435604204395,110.77723388671875,1
2016-05-23,116.2104721069336,0.03703697904035841,112.21100769042968,0
2016-05-24,113.94662475585938,-0.019480579590031133,112.81470184326172,1
2016-05-25,116.5877685546875,0.023178780455208825,113.94662475585938,1
2016-05-26,116.96507263183594,0.003236223506340341,115.15400848388671,1
2016-05-27,118.09699249267578,0.009677417671536181,116.36138610839843,1
2016-05-30,118.47429656982422,0.0031948660942557883,116.81415100097657,0
2016-05-31,118.09699249267578,-0.0031846914315804,117.64422454833985,1
2016-06-01,119.98355102539062,0.015974653485200774,118.32338104248046,0
2016-06-02,119.98355102539062,0.0,118.92707672119141,1
2016-06-03,121.11542510986328,0.009433577142862859,119.5307632446289,1
2016-06-06,121.49275970458984,0.0031154957709498277,120.13445587158203,1
2016-06-07,122.24735260009766,0.006211011235094155,120.9645278930664,1
2016-06-08,124.88848114013672,0.021604791301116144,121.94551391601563,0
2016-06-13,122.24735260009766,-0.021147895433810793,122.39827423095703,0
2016-06-14,122.24735260009766,0.0,122.62465972900391,1
2016-06-15,123.00199127197266,0.006173047152551625,122.92650604248047,0
2016-06-16,121.11542510986328,-0.015337687972367453,122.70012054443359,1
2016-06-17,123.00199127197266,0.0155765969561521,122.32282257080078,0
2016-06-20,123.00199127197266,0.0,122.47375030517578,1
2016-06-21,124.88848114013672,0.01533706770643084,123.0019760131836,1
2016-06-22,125.26583099365234,0.0030214944570605695,123.45474395751953,0
2016-06-23,123.756591796875,-0.01204829110065797,123.98297729492188,0
2016-06-24,119.98355102539062,-0.030487594371354065,123.37928924560546,1
2016-06-27,121.94403076171875,0.016339570879288612,123.16769714355469,1
2016-06-28,123.12034606933594,0.009646354153371561,122.81407012939454,1
2016-06-29,124.68878173828125,0.01273904532449932,122.69866027832032,1
2016-06-30,127.43348693847656,0.022012447005508307,123.43403930664063,1
2016-07-01,130.17822265625,0.021538575014419692,125.4729736328125,0
2016-07-04,130.17822265625,0.0,127.11981201171875,0
2016-07-05,128.6097869873047,-0.012048372123553586,128.2177001953125,0
2016-07-06,126.64927673339844,-0.01524386518189147,128.60979919433595,1
2016-07-07,129.00189208984375,0.018575829385884646,128.92348022460936,0
2016-07-08,129.00189208984375,0.0,128.68821411132814,1
2016-07-11,133.3149871826172,0.03343435528658434,129.31556701660156,1
2016-07-12,134.09921264648438,0.005882500388294298,130.4134521484375,0
2016-07-13,132.13873291015625,-0.014619621529742943,131.51134338378907,1
2016-07-14,132.5308074951172,0.00296714351898264,132.21712646484374,1
2016-07-15,132.9229278564453,0.0029587110253030957,133.00133361816407,0
2016-07-18,132.9229278564453,0.0,132.92292175292968,1
2016-07-19,133.7071075439453,0.005899506579834846,132.84450073242186,0
2016-07-20,133.3149871826172,-0.0029326815046032406,133.07975158691406,1
2016-07-21,134.8834686279297,0.011765229689921997,133.55028381347657,0
2016-07-22,134.09921264648438,-0.005814322462366794,133.78554077148436,1
2016-07-25,134.4913330078125,0.002924106365649104,134.0992218017578,1
2016-07-26,135.6676483154297,0.008746402324296021,134.4913299560547,1
2016-07-27,137.23606872558594,0.011560754753481506,135.27554626464843,1
2016-07-28,138.41238403320312,0.008571473363677695,135.98132934570313,0
2016-07-29,135.27554321289062,-0.022663006942789332,136.2165954589844,1
2016-08-01,138.80442810058594,0.026086643630339745,137.07921447753907,0
2016-08-02,138.02029418945312,-0.005649199538249494,137.54974365234375,0
2016-08-03,135.27554321289062,-0.01988657532344429,137.1576385498047,1
2016-08-04,136.84393310546875,0.011594038769519921,136.8439483642578,1
2016-08-05,138.80442810058594,0.014326502831559118,137.5497253417969,1
2016-08-08,139.5886993408203,0.005650188909434917,137.70657958984376,1
2016-08-09,139.9807891845703,0.0028088938832553367,138.0986785888672,1
2016-08-10,140.7649688720703,0.005602052196362672,139.19656372070312,0
2016-08-11,138.41238403320312,-0.016712857309017393,139.51025390625,1
2016-08-12,139.1965789794922,0.005665641494195572,139.58868408203125,1
2016-08-15,140.37286376953125,0.008450529450241495,139.74551696777343,0
2016-08-16,137.62814331054688,-0.019553070196606903,139.27498779296874,1
2016-08-17,138.80442810058594,0.00854683324023986,138.88287963867188,0
2016-08-18,138.02029418945312,-0.005649199538249494,138.80446166992186,0
2016-08-19,136.84393310546875,-0.008523102279217376,138.33393249511718,0
2016-08-22,135.27554321289062,-0.01146115766322886,137.31446838378906,1
2016-08-23,137.23606872558594,0.014492830456499517,137.23605346679688,0
2016-08-24,136.05975341796875,-0.008571473363677584,136.68711853027344,1
2016-08-25,138.41238403320312,0.017291157422630432,136.76553649902343,1
2016-08-26,138.80442810058594,0.0028324349018420403,137.1576354980469,0
2016-08-29,138.02029418945312,-0.005649199538249494,137.7065856933594,0
2016-08-30,136.45179748535156,-0.011364246926966914,137.5497314453125,1
2016-08-31,138.41238403320312,0.014368345335004085,138.02025756835937,0
2016-09-01,136.45179748535156,-0.014164820305249903,137.62814025878907,0
2016-09-02,136.45179748535156,0.0,137.1576141357422,1
2016-09-05,138.80442810058594,0.017241477639654557,137.31444091796874,1
2016-09-06,139.5886993408203,0.005650188909434917,137.9418212890625,1
2016-09-07,145.078125,0.03932571680302499,139.27496948242188,0
2016-09-08,143.50970458984375,-0.010810867662897183,140.68655090332032,0
2016-09-09,141.5491485595703,-0.013661487464396771,141.70602111816407,0
2016-09-12,137.62814331054688,-0.027700662907013562,141.47076416015625,0
2016-09-13,137.62814331054688,0.0,141.07865295410156,0
2016-09-14,136.45179748535156,-0.008547276718984587,139.35338745117187,1
2016-09-19,143.50970458984375,0.05172454474445365,139.35338745117187,1
2016-09-20,143.90179443359375,0.00273214863671134,139.82391662597655,1
2016-09-21,144.2938690185547,0.0027245983033370447,141.1570617675781,1
2016-09-22,145.078125,0.005435130312740233,142.64705810546874,1
2016-09-23,146.64651489257812,0.010810657310177607,144.68600158691407,0
2016-09-26,143.90179443359375,-0.018716574757981386,144.76441955566406,0
2016-09-27,143.90179443359375,0.0,144.76441955566406,0
2016-09-28,143.90179443359375,0.0,144.68600463867188,1
2016-09-29,146.64651489257812,0.019073566593021063,144.9996826171875,0
2016-09-30,144.2938690185547,-0.016042971602474143,144.5291534423828,1
2016-10-03,145.86233520507812,0.010869943381459635,144.9212615966797,1
2016-10-04,146.64651489257812,0.005376162985444299,145.47020568847657,0
2016-10-05,145.86233520507812,-0.0053474144140038815,145.86231384277343,1
2016-10-06,147.03860473632812,0.008064244478166449,145.94073181152345,1
2016-10-07,147.43072509765625,0.002666785107430014,146.56810302734374,0
2016-10-11,147.03860473632812,-0.0026596922796682243,146.80335693359376,1
2016-10-12,148.60704040527344,0.01066682910762018,147.19546203613282,0
2016-10-13,147.82284545898438,-0.005276970351811405,147.58756408691406,0
2016-10-14,147.43072509765625,-0.002652637081302367,147.66598815917968,0
2016-10-17,146.25439453125,-0.007978869842952041,147.43072204589845,1
2016-10-18,146.64651489257812,0.002681084302354586,147.35230407714843,1
2016-10-19,148.60704040527344,0.013369056292482862,147.35230407714843,1
2016-10-20,149.39126586914062,0.005277175709363924,147.66598815917968,0
2016-10-21,147.82284545898438,-0.010498742353051038,147.74441223144532,1
2016-10-24,149.7833251953125,0.013262359618642972,148.4501983642578,1
2016-10-25,151.35179138183594,0.010471567408977034,149.39125366210936,0
2016-10-26,150.17544555664062,-0.007772262319826639,149.7049346923828,0
2016-10-27,147.82284545898438,-0.015665677494320684,149.39125061035156,1
2016-10-28,148.60704040527344,0.005304964492153896,149.54808959960937,0
2016-10-31,147.82284545898438,-0.005276970351811405,149.15599365234374,1
2016-11-01,148.60704040527344,0.005304964492153896,148.60704345703124,0
2016-11-02,145.86233520507812,-0.018469550249504252,147.74442138671876,0
2016-11-03,144.68600463867188,-0.008064662921736243,147.11705322265624,0
2016-11-04,144.68600463867188,0.0,146.33284606933594,1
2016-11-07,148.21493530273438,0.024390269624732452,146.41126403808593,0
2016-11-08,147.82284545898438,-0.002645413857578771,146.25442504882812,0
2016-11-09,142.7255096435547,-0.03448273370467636,145.62705993652344,1
2016-11-10,145.47021484375,0.019230656152848802,145.78390197753907,0
2016-11-11,142.3334197998047,-0.021563142993323736,145.31338500976562,0
2016-11-14,141.5491485595703,-0.0055100990430601016,143.9802276611328,0
2016-11-15,141.1571044921875,-0.002769667436168466,142.64707946777344,0
2016-11-16,141.1571044921875,0.0,142.3333984375,1
2016-11-17,142.3334197998047,0.00833337657250044,141.70603942871094,0
2016-11-18,141.9413299560547,-0.0027547279079044307,141.62762145996095,0
2016-11-21,141.9413299560547,0.0,141.7060577392578,1
2016-11-22,144.2938690185547,0.016574024374918395,142.33341064453126,1
2016-11-23,145.47021484375,0.008152431099093027,143.19603271484374,0
2016-11-24,143.50970458984375,-0.013477056152092937,143.43128967285156,0
2016-11-25,142.7255096435547,-0.0054644035992570394,143.58812561035157,1
2016-11-28,144.2938690185547,0.010988640915817083,144.05863342285156,0
2016-11-29,142.7255096435547,-0.010869203145411066,143.74496154785157,1
2016-11-30,143.50970458984375,0.005494427367942256,143.3528594970703,0
2016-12-01,143.50970458984375,0.0,143.3528594970703,0
2016-12-02,139.5886993408203,-0.027322230647953916,142.72549743652343,1
2016-12-05,140.37286376953125,0.005617678454015174,141.94129638671876,1
2016-12-06,142.7255096435547,0.016759976329086657,141.94129638671876,0
2016-12-07,142.3334197998047,-0.0027471602289542707,141.70603942871094,1
2016-12-08,145.47021484375,0.022038359285944775,142.0981414794922,1
2016-12-09,145.86233520507812,0.0026955371018686503,143.35286865234374,0
2016-12-12,145.078125,-0.005376372207229196,144.2939208984375,1
2016-12-13,145.86233520507812,0.005405433831448647,144.9212860107422,1
2016-12-14,147.03860473632812,0.008064244478166449,145.86232299804686,0
2016-12-15,146.64651489257812,-0.0026665775593633922,146.0975830078125,0
2016-12-16,145.078125,-0.010695036930997048,145.94074096679688,0
2016-12-19,143.1175994873047,-0.013513584578621396,145.54863586425782,0
2016-12-20,143.1175994873047,0.0,144.99968872070312,0
2016-12-21,141.1571044921875,-0.013698489928145374,143.823388671875,0
2016-12-22,140.37286376953125,-0.005555800577502268,142.56865844726562,0
2016-12-23,139.9807891845703,-0.0027930938675202466,141.5491912841797,1
2016-12-26,140.7649688720703,0.005602052196362672,141.07866516113282,1
2016-12-27,141.1571044921875,0.002785747215797496,140.6865661621094,1
2016-12-28,142.7255096435547,0.011111060665416117,141.0002471923828,0
2016-12-29,141.1571044921875,-0.01098896164591845,141.15709533691407,1
2016-12-30,142.3334197998047,0.00833337657250044,141.62762145996095,1
2017-01-03,143.50970458984375,0.008264290928255091,142.17656860351562,0
2017-01-04,143.50970458984375,0.0,142.64708862304687,1
2017-01-05,143.90179443359375,0.00273214863671134,142.8823455810547,1
2017-01-06,144.2938690185547,0.0027245983033370447,143.50969848632812,0
2017-01-09,144.2938690185547,0.0,143.90178833007812,0
2017-01-10,144.2938690185547,0.0,144.05862121582032,0
2017-01-11,142.7255096435547,-0.010869203145411066,143.9017822265625,1
2017-01-12,144.68600463867188,0.013736121874872609,144.05862426757812,0
2017-01-13,142.3334197998047,-0.016259933673214322,143.66653442382812,0
2017-01-16,140.7649688720703,-0.011019554858868963,142.96075439453125,1
2017-01-17,141.9413299560547,0.008356916450238838,142.49024658203126,0
2017-01-18,141.9413299560547,0.0,142.33341064453126,0
2017-01-19,141.5491485595703,-0.0027629823998817082,141.70603942871094,1
2017-01-20,141.9413299560547,0.002770637622869998,141.62762145996095,1
2017-01-23,145.078125,0.022099236669942846,142.49025268554686,1
2017-01-24,145.47021484375,0.00270261173936448,143.19602966308594,0
2017-02-02,144.68600463867188,-0.005390864417987196,143.74496459960938,0
2017-02-03,144.68600463867188,0.0,144.3723358154297,0
2017-02-06,144.68600463867188,0.0,144.92127075195313,0
2017-02-07,144.68600463867188,0.0,144.8428466796875,0
2017-02-08,143.90179443359375,-0.0054200833524745695,144.52916259765624,1
2017-02-09,144.2938690185547,0.0027245983033370447,144.45073547363282,1
2017-02-10,145.47021484375,0.008152431099093027,144.60757751464843,1
2017-02-13,147.03860473632812,0.010781519050224286,145.07809753417968,0
2017-02-14,147.03860473632812,0.0,145.54861755371093,1
2017-02-15,148.21493530273438,0.00800014777422331,146.41124572753907,0
2017-02-16,148.21493530273438,0.0,147.195458984375,1
2017-02-17,148.60704040527344,0.00264551680799352,147.82282409667968,1
2017-02-20,148.99911499023438,0.0026383311577411472,148.21492614746094,0
2017-02-21,148.99911499023438,0.0,148.60702819824218,0
2017-02-22,147.82284545898438,-0.007894473274737912,148.5286102294922,0
2017-02-23,147.82284545898438,0.0,148.4501922607422,1
2017-02-24,148.21493530273438,0.002652430634335179,148.37177124023438,0
2017-03-01,145.86233520507812,-0.015872894947131844,147.74441528320312,0
2017-03-02,145.86233520507812,0.0,147.11705932617187,0
2017-03-03,144.2938690185547,-0.010753058247135683,146.41126403808593,0
2017-03-06,143.90179443359375,-0.0027171950383457766,145.6270538330078,1
2017-03-07,145.47021484375,0.01089924150237076,145.07810974121094,1
2017-03-08,146.64651489257812,0.008086191734105741,145.23494567871094,0
2017-03-09,144.68600463867188,-0.013368952240988219,144.9996795654297,0
2017-03-10,143.90179443359375,-0.0054200833524745695,144.9212646484375,1
2017-03-13,146.25439453125,0.016348650181300606,145.39178466796875,0
2017-03-14,145.86233520507812,-0.0026806669804927408,145.47020874023437,1
2017-03-15,146.25439453125,0.0026878722709371416,145.39178466796875,1
2017-03-16,148.99911499023438,0.018766755472758856,146.25440673828126,1
2017-03-17,150.17544555664062,0.007894882909092127,147.50913696289064,0
2017-03-20,150.17544555664062,0.0,148.29334716796876,1
2017-03-21,152.92019653320312,0.018276962431433397,149.70491943359374,0
2017-03-22,151.7438507080078,-0.007692547170771502,150.8028106689453,0
2017-03-23,151.7438507080078,0.0,151.3517578125,0
2017-03-24,150.95965576171875,-0.0051678861623067895,151.50859985351562,1
2017-03-27,151.35179138183594,0.00259761866929642,151.74386901855468,1
2017-03-28,152.52809143066406,0.007771959869708578,151.6654479980469,0
2017-03-29,150.17544555664062,-0.015424344800727408,151.35176696777344,0
2017-03-30,150.17544555664062,0.0,151.0380859375,0
2017-03-31,148.21493530273438,-0.01305479898287909,150.48914184570313,1
2017-04-05,151.35179138183594,0.02116423741436324,150.48914184570313,0
2017-04-06,150.17544555664062,-0.007772262319826639,150.01861267089845,0
2017-04-07,149.7833251953125,-0.0026110817242771533,149.9401885986328,0
2017-04-10,148.99911499023438,-0.005235630895865984,149.70492248535157,1
2017-04-11,149.7833251953125,0.0052631870003356784,150.0186004638672,0
2017-04-12,149.7833251953125,0.0,149.7049072265625,1
2017-04-13,150.17544555664062,0.0026179173203479955,149.7049072265625,0
2017-04-14,148.21493530273438,-0.01305479898287909,149.39122924804687,0
2017-04-17,147.03860473632812,-0.00793665337439542,148.99912719726564,1
2017-04-18,147.43072509765625,0.002666785107430014,148.5286071777344,0
2017-04-19,146.25439453125,-0.007978869842952041,147.82282104492188,1
2017-04-20,146.64651489257812,0.002681084302354586,147.11703491210938,1
2017-04-21,148.99911499023438,0.016042659447990104,147.27387084960938,0
2017-04-24,148.99911499023438,0.0,147.6659729003906,1
2017-04-25,150.56753540039062,0.010526374000671357,148.2933349609375,0
2017-04-26,149.7833251953125,-0.005208361835722042,148.99912109375,1
2017-04-27,151.35179138183594,0.010471567408977034,149.94017639160157,1
2017-04-28,152.52809143066406,0.007771959869708578,150.6459716796875,1
2017-05-02,154.0965118408203,0.010282829841014696,151.6654510498047,1
2017-05-03,155.2728271484375,0.007633627092301198,152.60650939941405,0
2017-05-04,155.2728271484375,0.0,153.70440979003905,0
2017-05-05,154.88070678710938,-0.002525363700328964,154.41019287109376,1
2017-05-08,158.80174255371094,0.025316489367466666,155.66492309570313,1
2017-05-09,159.58590698242188,0.004938008967034557,156.76280212402344,1
2017-05-10,161.15432739257812,0.009828063391142727,157.93910217285156,1
2017-05-11,162.72274780273438,0.009732412622935671,159.42908630371093,0
2017-05-12,161.54644775390625,-0.007228860529408743,160.76223449707032,0
2017-05-15,161.54644775390625,0.0,161.31117553710936,0
2017-05-16,160.37013244628906,-0.007281591913485763,161.4680206298828,0
2017-05-17,159.97804260253906,-0.0024449056552430237,161.232763671875,0
2017-05-18,159.58590698242188,-0.002451184010867302,160.6053955078125,0
2017-05-19,159.19383239746094,-0.0024568246180041164,160.13487243652344,1
2017-05-22,160.76223754882812,0.009852172837018891,159.9780303955078,0
2017-05-23,160.76223754882812,0.0,160.05645141601562,1
2017-05-24,161.15432739257812,0.002438942439022096,160.29170837402344,1
2017-05-25,162.33065795898438,0.007299404151529076,160.84065856933594,0
2017-05-26,162.33065795898438,0.0,161.46802368164063,0
2017-05-31,159.19383239746094,-0.019323679217243206,161.1543426513672,1
2017-06-01,162.33065795898438,0.01970444152441586,161.46802673339843,1
2017-06-02,163.89903259277344,0.009661604613130592,162.0169677734375,1
2017-06-05,166.2516632080078,0.014354145830010934,162.8011688232422,0
2017-06-06,165.0753936767578,-0.007075234668649899,163.35011596679686,1
2017-06-07,165.85958862304688,0.004750525979811515,164.68326721191406,1
2017-06-08,167.03590393066406,0.007092235772335309,165.62431640625,0
2017-06-09,166.2516632080078,-0.00469504282733002,166.09484252929687,0
2017-06-12,162.72274780273438,-0.02122634647485111,165.3890594482422,1
2017-06-13,163.1148223876953,0.0024094638902991683,164.9969451904297,0
2017-06-14,162.33065795898438,-0.004807438203544234,164.2911590576172,1
2017-06-15,163.1148223876953,0.0048306613092707895,163.50694274902344,1
2017-06-16,165.85958862304688,0.016827203041227756,163.42852783203125,1
2017-06-19,167.03590393066406,0.007092235772335309,164.2911590576172,1
2017-06-20,169.78065490722656,0.016432101793527165,165.62432556152345,0
2017-06-21,168.99639892578125,-0.004619230511708539,166.9574737548828,1
2017-06-22,170.95693969726562,0.011601080164704625,168.52589721679686,0
2017-06-23,170.17269897460938,-0.004587358220409232,169.38851928710938,1
2017-06-26,174.2244415283203,0.02380959212685152,170.82622680664062,0
2017-06-27,171.38821411132812,-0.01627915918175671,171.14773864746093,0
2017-06-28,168.9571990966797,-0.014184260144453842,171.13989868164063,1
2017-06-29,170.17271423339844,0.007194219265100443,170.9830535888672,0
2017-06-30,168.9571990966797,-0.007142832164336421,170.73995361328124,1
2017-07-03,169.3623504638672,0.002397952672946957,169.7675354003906,0
2017-07-04,167.74160766601562,-0.009569675866049954,169.03821411132813,1
2017-07-05,168.9571990966797,0.007246809229850548,169.03821411132813,0
2017-07-06,168.14678955078125,-0.004796537526848499,168.63302917480468,0
2017-07-07,166.9313201904297,-0.0072286206807682385,168.22785339355468,0
2017-07-10,166.9313201904297,0.0,167.74164733886718,1
2017-07-11,171.79335021972656,0.029125930494951158,168.55199584960937,0
2017-07-12,170.577880859375,-0.007075182821668968,168.87613220214843,1
2017-07-13,173.81927490234375,0.01900242884152714,170.01062927246093,0
2017-07-14,172.60374450683594,-0.006993070223027531,171.14511413574218,0
2017-07-17,172.60374450683594,0.0,172.27959899902345,1
2017-07-18,173.41404724121094,0.004694583751298165,172.6037384033203,1
2017-07-19,173.81927490234375,0.0023367637603726177,173.25201721191405,1
2017-07-20,174.629638671875,0.004662105338930633,173.41408996582032,0
2017-07-21,173.41404724121094,-0.006960968595646766,173.5761505126953,1
2017-07-24,173.81927490234375,0.0023367637603726177,173.8192565917969,0
2017-07-25,173.41404724121094,-0.0023313160255701293,173.8192565917969,0
2017-07-26,172.60374450683594,-0.004672647615725722,173.5761505126953,1
2017-07-27,174.629638671875,0.011737255010471737,173.5761505126953,0
2017-07-28,172.60374450683594,-0.011601090058060981,173.41408996582032,1
2017-07-31,173.81927490234375,0.0070423176448508595,173.41408996582032,0
2017-08-01,171.79335021972656,-0.011655351132694558,173.08995056152344,1
2017-08-02,175.03477478027344,0.018868160824624614,173.57615661621094,0
2017-08-03,173.00889587402344,-0.011574150958248985,173.25200805664062,0
2017-08-04,172.60374450683594,-0.002341794999272784,173.25200805664062,1
2017-08-07,175.03477478027344,0.014084458482540141,173.49510803222657,1
2017-08-08,176.25030517578125,0.006944508010100936,174.3864990234375,0
2017-08-09,173.81927490234375,-0.013793055683012478,174.14339904785157,0
2017-08-10,173.41404724121094,-0.0023313160255701293,174.22442932128905,0
2017-08-11,172.19854736328125,-0.00700923539509446,174.1433898925781,0
2017-08-14,170.9830322265625,-0.007058800177648594,173.33304138183593,1
2017-08-15,173.41404724121094,0.01421787286721643,172.7657897949219,0
2017-08-16,172.60374450683594,-0.004672647615725722,172.5226837158203,1
2017-08-17,173.41404724121094,0.004694583751298165,172.5226837158203,0
2017-08-18,172.19854736328125,-0.00700923539509446,172.5226837158203,0
2017-08-21,171.38821411132812,-0.004705807710698062,172.60372009277344,1
2017-08-22,173.81927490234375,0.014184527236140498,172.684765625,1
2017-08-23,174.629638671875,0.004662105338930633,173.0899444580078,1
2017-08-24,175.84512329101562,0.0069603569496268225,173.57615966796874,1
2017-08-25,176.25030517578125,0.002304197450474943,174.38651123046876,0
2017-08-28,175.03477478027344,-0.006896614416046054,175.1158233642578,0
2017-08-29,175.03477478027344,0.0,175.35892333984376,1
2017-08-30,176.25030517578125,0.006944508010100936,175.683056640625,0
2017-08-31,175.4399871826172,-0.004597540936771116,175.6020294189453,0
2017-09-01,175.4399871826172,0.0,175.4399658203125,1
2017-09-04,176.25030517578125,0.004618775948271203,175.68307189941407,1
2017-09-05,176.65548706054688,0.002298900330195197,176.00721435546876,0
2017-09-06,175.84512329101562,-0.004587255018314251,175.92617797851562,0
2017-09-07,175.84512329101562,0.0,176.0072052001953,1
2017-09-08,176.65548706054688,0.004608394900950108,176.25030517578125,0
2017-09-11,175.84512329101562,-0.004587255018314251,176.1692687988281,1
2017-09-12,177.46585083007812,0.009216789801900216,176.3313415527344,0
2017-09-13,176.65548706054688,-0.004566308198117319,176.49341430664063,1
2017-09-14,177.0606231689453,0.0022933683812469408,176.73651428222655,0
2017-09-15,177.0606231689453,0.0,176.81754150390626,1
2017-09-18,177.87098693847656,0.004576758824337945,177.22271423339845,1
2017-09-19,179.4916534423828,0.009111471925811188,177.62787475585938,0
2017-09-20,179.4916534423828,0.0,178.19510803222656,0
2017-09-21,179.08645629882812,-0.0022574706722212623,178.60027465820312,0
2017-09-22,177.0606231689453,-0.011312039847962918,178.60027465820312,0
2017-09-25,175.84512329101562,-0.006864879701512727,178.19510192871093,0
2017-09-26,173.41404724121094,-0.01382509792882547,176.97958068847657,1
2017-09-27,174.2244415283203,0.004673175558737475,175.92613830566407,0
2017-09-28,173.41404724121094,-0.004651438569700628,174.79165649414062,1
2017-09-29,175.4399871826172,0.01168267492533781,174.467529296875,1
2017-10-02,178.6813201904297,0.018475451690717293,175.0347686767578,1
2017-10-03,180.30198669433594,0.009070150714014291,176.4123565673828,1
2017-10-05,181.92274475097656,0.008989130327156536,177.95201721191407,0
2017-10-06,181.92274475097656,0.0,179.65375671386718,1
2017-10-11,188.81065368652344,0.03786172501396301,182.32789001464843,1
2017-10-12,192.4571990966797,0.019313239687261063,185.08306579589845,0
2017-10-13,192.4571990966797,0.0,187.51410827636718,1
2017-10-16,192.86239624023438,0.0021053883432604614,189.70203857421876,0
2017-10-17,190.83653259277344,-0.010504192040305615,191.48479614257812,1
2017-10-18,192.4571990966797,0.008492433193410642,192.21410522460937,1
2017-10-19,193.67271423339844,0.006315768609456596,192.45720825195312,0
2017-10-20,192.4571990966797,-0.006276130024459259,192.45720825195312,1
2017-10-23,193.67271423339844,0.006315768609456596,192.61927185058593,0
2017-10-24,192.86239624023438,-0.004183955372193182,193.02444458007812,0
2017-10-25,192.86239624023438,0.0,193.10548400878906,0
2017-10-26,191.2416534423828,-0.00840362263171679,192.61927185058593,1
2017-10-27,193.67271423339844,0.012711983750695044,192.86237487792968,1
2017-10-30,196.91415405273438,0.016736688139918465,193.5106628417969,0
2017-10-31,196.91415405273438,0.0,194.32101440429688,0
2017-11-01,196.50897216796875,-0.0020576574940220915,195.05032958984376,0
2017-11-02,195.2933807373047,-0.0061859334831033674,195.8606750488281,0
2017-11-03,193.67271423339844,-0.008298624857573933,195.8606750488281,1
2017-11-06,194.07789611816406,0.0020920958657981714,195.29342346191407,1
2017-11-07,197.72451782226562,0.018789474623536417,195.45549621582032,0
2017-11-08,196.50897216796875,-0.0061476728717554385,195.45549621582032,0
2017-11-09,195.2933807373047,-0.0061859334831033674,195.45549621582032,0
2017-11-10,194.88829040527344,-0.0020742655511512,195.6986114501953,0
2017-11-13,194.07789611816406,-0.004158250274678643,195.6986114501953,1
2017-11-14,194.4830780029297,0.0020877281383910873,195.05032348632812,0
2017-11-15,192.4571990966797,-0.010416736134850169,194.2399688720703,1
2017-11-16,192.86239624023438,0.0021053883432604614,193.75377197265624,1
2017-11-17,195.69859313964844,0.014705805562434282,193.91583251953125,0
2017-11-20,193.267578125,-0.012422240628545023,193.75376892089844,1
2017-11-21,196.91415405273438,0.01886801688680495,194.23998413085937,0
2017-11-22,196.10377502441406,-0.004115392477593516,194.96929931640625,1
2017-11-23,196.50897216796875,0.0020662383653973215,195.69861450195313,1
2017-11-24,197.72451782226562,0.006185700535128014,196.10379943847656,0
2017-11-27,192.05209350585938,-0.02868852269249278,195.86070251464844,0
2017-11-28,189.62103271484375,-0.012658340487923136,194.4020782470703,1
2017-11-29,190.02618408203125,0.002136637277979414,193.18656005859376,0
2017-11-30,183.13821411132812,-0.03624747823031427,190.5124084472656,1
2017-12-01,187.18994140625,0.022123876846690482,188.4054931640625,1
2017-12-04,189.62103271484375,0.012987296701576723,187.91928100585938,0
2017-12-05,185.97447204589844,-0.019230781610756753,187.18996887207032,0
2017-12-06,183.94857788085938,-0.010893399200182063,185.97444763183594,0
2017-12-07,183.54339599609375,-0.0022026910424284285,186.05548400878905,1
2017-12-08,183.94857788085938,0.002207553600970913,185.40721130371094,1
2017-12-11,184.35372924804688,0.0022025251396611267,184.35375061035157,0
2017-12-12,184.35372924804688,0.0,184.02960205078125,0
2017-12-13,183.94857788085938,-0.0021976846838958064,184.02960205078125,1
2017-12-14,186.7847900390625,0.015418505491464618,184.677880859375,0
2017-12-15,186.37962341308594,-0.002169162841855754,185.16408996582032,0
2017-12-18,183.94857788085938,-0.013043515636033232,185.08305969238282,0
2017-12-19,182.32791137695312,-0.00881043236417911,184.67789611816406,0
2017-12-20,181.92274475097656,-0.0022221865150361397,184.2727294921875,1
2017-12-21,182.32791137695312,0.0022271356257907993,183.38135375976563,1
2017-12-22,184.35372924804688,0.011110848886463076,182.9761749267578,1
2017-12-25,185.16407775878906,0.004395617675039709,183.21927490234376,0
2017-12-26,183.13821411132812,-0.01094091074241732,183.38133544921874,0
2017-12-27,182.32791137695312,-0.004424542077725135,183.46236877441407,1
2017-12-28,183.13821411132812,0.004444205652637256,183.62442932128906,1
2017-12-29,185.97447204589844,0.015486980411669737,183.94857788085938,1
2018-01-02,188.40548706054688,0.013071767258725941,184.59685974121095,1
2018-01-03,192.05209350585938,0.0193550968297469,186.3796356201172,1
2018-01-04,194.07789611816406,0.010548193332986955,188.72963256835936,1
2018-01-05,194.4830780029297,0.0020877281383910873,190.99860534667968,1
2018-01-08,196.10377502441406,0.008333357524606733,193.02446594238282,0
2018-01-09,196.10377502441406,0.0,194.56412353515626,0
2018-01-10,191.64686584472656,-0.022727299253329725,194.4830780029297,0
2018-01-11,190.4313201904297,-0.006342632575487617,193.7537628173828,1
2018-01-12,192.05209350585938,0.008511064849043404,193.26756591796874,1
2018-01-15,194.4830780029297,0.012657943231408453,192.94342651367188,1
2018-01-16,194.88829040527344,0.0020835355266108913,192.70032958984376,1
2018-01-17,196.10377502441406,0.006236827346645546,193.59171142578126,1
2018-01-18,201.3710174560547,0.02685946474505596,195.77965087890624,1
2018-01-19,207.04344177246094,0.028169020487986307,198.77792053222657,1
2018-01-22,211.90553283691406,0.023483434311319717,202.26241149902344,1
2018-01-23,215.5521240234375,0.017208569959000997,206.39517822265626,0
2018-01-24,209.0693817138672,-0.030075056504038078,208.98829956054686,0
2018-01-25,209.0693817138672,0.0,210.52797241210936,0
2018-01-26,206.63827514648438,-0.011628228616995862,210.44693908691406,1
2018-01-29,209.4744873046875,0.013725492802301842,209.96072998046876,0
2018-01-30,205.01754760742188,-0.021276766228733424,207.85381469726562,1
2018-01-31,206.63827514648438,0.007905311315916874,207.36759338378906,1
2018-02-01,210.2848663330078,0.017647220409376718,207.61069030761718,0
2018-02-02,210.2848663330078,0.0,208.3400085449219,0
2018-02-05,205.01754760742188,-0.025048491683869467,207.44862060546876,0
2018-02-06,193.67271423339844,-0.05533591395672677,205.17965393066407,1
2018-02-07,194.4830780029297,0.004184191731596565,202.7486145019531,0
2018-02-08,193.267578125,-0.006249900456179458,199.34515686035155,0
2018-02-09,188.40548706054688,-0.025157303214657478,194.9692810058594,1
2018-02-12,191.64686584472656,0.017204269550483042,192.2951446533203,1
2018-02-21,196.50897216796875,0.02537013220545692,192.86239624023438,0
2018-02-22,194.07789611816406,-0.012371323420931057,192.78135986328124,1
2018-02-23,198.53482055664062,0.02296461641238623,193.83480834960938,1
2018-02-26,199.7503204345703,0.006122351104565604,196.10377502441406,0
2018-02-27,199.34518432617188,-0.0020282125581427835,197.64343872070313,0
2018-03-01,196.91415405273438,-0.012195079011589338,197.72447509765624,0
2018-03-02,194.4830780029297,-0.012345867474582994,197.80551147460938,1
2018-03-05,195.69859313964844,0.006249978914363075,197.23826599121094,1
2018-03-06,202.58657836914062,0.03519690723876079,197.805517578125,0
2018-03-07,200.155517578125,-0.012000107858013642,197.96758422851562,1
2018-03-08,202.18136596679688,0.010121371687298764,199.02102661132812,1
2018-03-09,202.9917755126953,0.004008329561051349,200.72276611328124,1
2018-03-12,205.82794189453125,0.013971829029391092,202.7486358642578,1
2018-03-13,209.8797149658203,0.019685243091850158,204.20726318359374,0
2018-03-14,208.2589874267578,-0.007722173337839977,205.8279571533203,0
2018-03-15,206.63827514648438,-0.007782196102549599,206.7193389892578,0
2018-03-16,206.63827514648438,0.0,207.44863891601562,0
2018-03-19,206.63827514648438,0.0,207.61070556640624,0
2018-03-20,205.01754760742188,-0.007843307528160426,206.63827209472657,0
2018-03-21,204.61241149902344,-0.0019761045487394213,205.9089569091797,0
2018-03-22,203.8020477294922,-0.003960481984423114,205.34171142578126,0
2018-03-23,198.53482055664062,-0.025844819674445962,203.7210205078125,0
2018-03-26,197.31930541992188,-0.006122427961557375,201.8572265625,1
2018-03-27,203.39694213867188,0.030801024288099832,201.53310546875,0
2018-03-28,198.53482055664062,-0.023904595275165752,200.31758728027344,0
2018-03-29,197.72451782226562,-0.0040814136890602315,199.10208129882812,1
2018-03-30,199.34518432617188,0.008196588474490785,199.26415405273437,1
2018-04-02,199.7503204345703,0.0020323345646291457,199.75035705566407,0
2018-04-03,197.72451782226562,-0.010141673905190274,198.61587219238282,1
2018-04-09,198.53482055664062,0.00409813989332064,198.61587219238282,1
2018-04-10,198.9400177001953,0.0020409374155052618,198.85897216796874,1
2018-04-11,200.96585083007812,0.010183135365634532,199.18310546875,0
2018-04-12,198.53482055664062,-0.012096733168328155,198.94000549316405,0
2018-04-13,198.12966918945312,-0.0020407068445301713,199.02103576660156,0
2018-04-16,197.31930541992188,-0.004090067746271631,198.7779327392578,0
2018-04-17,192.86239624023438,-0.022587294082566323,197.56240844726562,0
2018-04-18,192.86239624023438,0.0,195.94171752929688,1
2018-04-19,198.12966918945312,0.02731104171627985,195.86068725585938,0
2018-04-20,185.5692901611328,-0.06339474082657448,193.3486114501953,0
2018-04-23,183.54339599609375,-0.010917184428953397,190.5934295654297,1
2018-04-24,183.94857788085938,0.002207553600970913,188.8106658935547,0
2018-04-25,182.32791137695312,-0.00881043236417911,186.70376892089843,0
2018-04-26,179.8968505859375,-0.01333345384508644,183.0572052001953,1
2018-04-27,181.11241149902344,0.0067569882914946255,182.16582946777345,1
2018-04-30,183.94857788085938,0.01565970194069899,182.24686584472656,0
2018-05-02,180.7071990966797,-0.017621113582509285,181.5985900878906,0
2018-05-03,178.6813201904297,-0.011210836736870289,180.86927185058593,1
2018-05-04,180.7071990966797,0.01133794458251658,181.03134155273438,1
2018-05-07,181.11241149902344,0.0022423700016895864,181.03134155273438,1
2018-05-08,184.7589111328125,0.02013390249518454,181.193408203125,1
2018-05-09,185.97447204589844,0.006579173397553317,182.24686279296876,0
2018-05-10,185.97447204589844,0.0,183.7054931640625,1
2018-05-11,188.81065368652344,0.015250381460553575,185.32618408203126,0
2018-05-14,188.81065368652344,0.0,186.86583251953124,0
2018-05-15,186.7847900390625,-0.010729604542466187,187.27100830078126,0
2018-05-16,186.7847900390625,0.0,187.43307189941407,0
2018-05-17,183.54339599609375,-0.01735362950211783,186.9468566894531,0
2018-05-18,181.11241149902344,-0.01324473966430284,185.40720825195314,1
2018-05-21,185.5692901611328,0.024608355800802784,184.758935546875,0
2018-05-22,185.5692901611328,0.0,184.51583557128907,0
2018-05-23,185.16407775878906,-0.0021836177849896554,184.1916931152344,1
2018-05-24,185.5692901611328,0.0021883964063029726,184.59687194824218,0
2018-05-25,185.16407775878906,-0.0021836177849896554,185.4072052001953,0
2018-05-28,183.94857788085938,-0.006564447557225961,185.08306274414062,0
2018-05-29,182.32791137695312,-0.00881043236417911,184.43478698730468,0
2018-05-30,179.08645629882812,-0.017778161630028544,183.2192626953125,1
2018-05-31,181.51756286621094,0.013575044241906253,182.40891723632814,0
2018-06-01,181.51756286621094,0.0,181.6796142578125,1
2018-06-04,185.5692901611328,0.02232140643001168,182.00375671386718,0
2018-06-05,185.5692901611328,0.0,182.65203247070312,1
2018-06-06,186.37962341308594,0.004366742208527619,184.11066589355468,0
2018-06-07,186.37962341308594,0.0,185.08307800292968,0
2018-06-08,183.94857788085938,-0.013043515636033232,185.56928100585938,0
2018-06-11,183.13821411132812,-0.004405382084856968,185.08306579589845,1
2018-06-12,185.5692901611328,0.013274542735940642,185.08306579589845,1
2018-06-13,188.00033569335938,0.013100473306308702,185.40720825195314,0
2018-06-14,183.54339599609375,-0.023707083717846023,184.8399627685547,1
2018-06-15,187.18994140625,0.019867483601719194,185.4882354736328,0
2018-06-19,182.32791137695312,-0.025973778253100877,185.3261749267578,1
2018-06-20,183.13821411132812,0.004444205652637256,184.83995971679687,1
2018-06-21,183.54339599609375,0.0022124376757290953,183.94857177734374,1
2018-06-22,184.35372924804688,0.004414940932935485,184.1106384277344,0
2018-06-25,183.0939483642578,-0.006833498236935798,183.29143981933595,0
2018-06-26,180.1543426513672,-0.016055176804874005,182.85672607421876,0
2018-06-27,178.89454650878906,-0.006992871357067831,182.00799255371095,0
2018-06-28,178.0546112060547,-0.004695142021521104,180.9102355957031,1
2018-06-29,181.83413696289062,0.02122677829703634,180.40631713867188,0
2018-07-02,179.7344512939453,-0.011547257869262584,179.7344177246094,1
2018-07-03,180.1543426513672,0.002336176255575806,179.7344177246094,1
2018-07-04,181.4141845703125,0.006993125452342541,180.23834533691405,0
2018-07-05,180.1543426513672,-0.0069445612642103915,180.65829162597657,1
2018-07-06,182.25405883789062,0.011655096156004241,180.74227600097657,1
2018-07-09,186.03350830078125,0.020737258127416114,182.00208740234376,1
2018-07-10,186.45347595214844,0.0022574839081579423,183.2619140625,0
2018-07-11,184.77366638183594,-0.009009269265345399,183.93381042480468,1
2018-07-12,185.1936492919922,0.0022729586871343965,184.9416717529297,1
2018-07-13,188.55319213867188,0.018140702229927586,186.20149841308594,0
2018-07-16,187.71334838867188,-0.0044541476093511445,186.53746643066407,0
2018-07-17,186.03350830078125,-0.00894896448393434,186.45347290039064,1
2018-07-18,187.2933349609375,0.006772041615854318,186.95740661621093,1
2018-07-19,188.55319213867188,0.00672665248871307,187.6293151855469,1
2018-07-20,199.4716033935547,0.057906265765327536,189.81299743652343,1
2018-07-23,202.41119384765625,0.014736886875580835,192.7525665283203,0
2018-07-24,202.41119384765625,0.0,196.02810363769532,0
2018-07-25,201.9912567138672,-0.0020746734694184754,198.96768798828126,1
2018-07-26,202.41119384765625,0.002078986687943374,201.73928833007812,1
2018-07-27,205.3507537841797,0.014522714285929661,202.9151184082031,1
2018-07-30,206.19064331054688,0.0040900240729084825,203.67100830078124,1
2018-07-31,206.61058044433594,0.00203664495656386,204.5108856201172,1
2018-08-01,208.29034423828125,0.008130095711133656,205.770703125,0
2018-08-02,205.3507537841797,-0.014112946353090239,206.35861511230468,1
2018-08-03,207.450439453125,0.01022487441732034,206.77855224609374,0
2018-08-06,206.19064331054688,-0.006072757165032638,206.77855224609374,0
2018-08-07,202.83114624023438,-0.016293159652510103,206.02266540527344,1
2018-08-08,207.8704071044922,0.02484461069055577,205.9386779785156,0
2018-08-09,207.450439453125,-0.0020203340014438576,206.35861511230468,0
2018-08-10,205.7707061767578,-0.008097034071343767,206.02266845703124,0
2018-08-13,201.9912567138672,-0.018367286253292314,205.18279113769532,1
2018-08-14,204.5108642578125,0.012473844585830118,205.51873474121095,0
2018-08-15,202.83114624023438,-0.008213343695328668,204.51088256835936,0
2018-08-16,200.73141479492188,-0.010352115462708866,203.16707763671874,1
2018-08-17,201.15138244628906,0.002092186974302246,202.243212890625,0
2018-08-20,201.15138244628906,0.0,202.0752380371094,1
2018-08-21,202.41119384765625,0.006263001457141648,201.65530395507812,1
2018-08-22,203.2510528564453,0.004149271553732348,201.73928527832032,1
2018-08-23,205.3507537841797,0.010330578357286013,202.66315307617188,0
2018-08-24,204.5108642578125,-0.0040900240729084825,203.33504943847657,1
2018-08-27,205.7707061767578,0.0061602689104922614,204.2589141845703,1
2018-08-28,209.55015563964844,0.018367286253292425,205.68670654296875,1
2018-08-29,217.52906799316406,0.0380763847641159,208.5423095703125,1
2018-08-30,221.30853271484375,0.017374527259954364,211.7338653564453,0
2018-08-31,215.00936889648438,-0.028463266829733325,213.83356628417968,1
2018-09-03,215.84922790527344,0.0039061507556603647,215.84927062988282,1
2018-09-04,216.26919555664062,0.0019456527847832028,217.19307861328124,1
2018-09-05,221.7283935546875,0.02524260555922364,218.03294372558594,0
2018-09-06,219.20880126953125,-0.011363417398930542,217.61299743652344,1
2018-09-07,221.7283935546875,0.011494028846306348,218.95680236816406,1
2018-09-10,222.14834594726562,0.0018939946564604515,220.2166259765625,0
2018-09-11,218.36892700195312,-0.017013041124374073,220.636572265625,1
2018-09-12,218.78884887695312,0.0019229928028918764,220.0486633300781,0
2018-09-13,214.16954040527344,-0.02111308915143839,219.04081115722656,1
2018-09-14,219.20880126953125,0.02352930699072342,218.53689270019532,0
2018-09-17,216.6891632080078,-0.011494237671713647,217.44505615234374,0
2018-09-18,213.74961853027344,-0.013565720750477017,216.5211944580078,1
2018-09-19,216.6891632080078,0.013752280345324053,216.10125732421875,1
2018-09-20,218.36892700195312,0.007751951085494868,216.94113464355468,1
2018-09-21,219.62876892089844,0.005769327789635792,217.02512817382814,1
2018-09-25,221.30853271484375,0.007648195644853306,217.94900207519532,0
2018-09-26,221.30853271484375,0.0,219.46078491210938,1
2018-09-27,222.56829833984375,0.005692349994580681,220.63661193847656,0
2018-09-28,220.46864318847656,-0.009433756590802478,221.05655517578126,1
2018-10-01,220.88856506347656,0.001904678456432496,221.3085144042969,0
2018-10-02,216.26919555664062,-0.020912669270627404,220.30064697265624,1
2018-10-03,218.36892700195312,0.009708878973300639,219.7127258300781,0
2018-10-04,213.3296356201172,-0.023076961777583227,217.8649932861328,0
2018-10-05,209.97012329101562,-0.015747987003005726,215.76528930664062,0
2018-10-08,204.5108642578125,-0.02600017063206972,212.4897491455078,1
2018-10-09,204.93081665039062,0.002053447840544731,210.22207336425782,0
2018-10-11,191.07278442382812,-0.06762297858893584,204.76284484863282,1
2018-10-12,199.05169677734375,0.04175849730549386,201.90725708007812,0
2018-10-15,193.5924530029297,-0.027426260930197954,198.63172302246093,1
2018-10-16,199.05169677734375,0.028199672506507456,197.53988952636718,1
2018-10-17,200.31149291992188,0.006328989719627032,196.61602478027345,0
2018-10-18,198.6317596435547,-0.008385606097193299,198.12781982421876,0
2018-10-19,198.21177673339844,-0.002114379447223924,197.9598358154297,1
2018-10-22,199.05169677734375,0.004237488093732367,199.0516845703125,0
2018-10-23,193.17247009277344,-0.02953617969479927,197.87583923339844,0
2018-10-24,192.7525634765625,-0.002173739436107436,196.36405334472656,0
2018-10-25,184.3537139892578,-0.04357321809795767,193.5084442138672,1
2018-10-26,185.61358642578125,0.006833995417075522,190.98880615234376,1
2018-10-29,186.8733673095703,0.006787115685051415,188.55314025878906,1
2018-10-30,187.2933349609375,0.002247338170299429,187.37731323242187,1
2018-10-31,196.53204345703125,0.04932748139713894,188.13320922851562,1
2018-11-01,197.79185485839844,0.006410208631665748,190.82083740234376,1
2018-11-02,198.6317596435547,0.004246407344516534,193.42447204589843,0
2018-11-05,197.3719024658203,-0.006342677424774346,195.52417907714843,0
2018-11-06,196.9519500732422,-0.0021277212578464377,197.45590209960938,0
2018-11-07,196.53204345703125,-0.0021320256847153773,197.45590209960938,1
2018-11-08,198.6317596435547,0.010683836333195806,197.62388305664064,0
2018-11-09,194.01234436035156,-0.023256176612907575,196.7,1
2018-11-12,194.43234252929688,0.0021648012673112227,196.11208801269532,0
2018-11-13,191.07278442382812,-0.017278802804952753,194.9362548828125,1
2018-11-14,191.91268920898438,0.004395732169230504,194.01238403320312,1
2018-11-15,194.01234436035156,0.01094067911830865,193.0885009765625,0
2018-11-16,189.81300354003906,-0.021644709434121334,192.2486328125,0
2018-11-19,186.45347595214844,-0.017699143500365944,190.65285949707032,0
2018-11-20,183.0939483642578,-0.018018047508820967,189.05709228515624,1
2018-11-21,183.93382263183594,0.004587121939755301,187.46131896972656,0
2018-11-22,183.93382263183594,0.0,185.44561462402345,0
2018-11-23,183.5138702392578,-0.002283171124098815,184.1857879638672,1
2018-11-26,187.2933349609375,0.020594981277176405,184.353759765625,1
2018-11-27,188.13320922851562,0.0044842720524640445,185.36161193847656,1
2018-11-28,190.23291015625,0.011160713923632493,186.62142944335938,1
2018-11-29,192.33261108398438,0.011037527239686096,188.30118713378906,0
2018-11-30,189.39308166503906,-0.015283572569301462,189.4770294189453,1
2018-12-03,197.3719024658203,0.04212836461942482,191.49274291992188,0
2018-12-04,196.53204345703125,-0.004255210586190272,193.172509765625,0
2018-12-05,189.81300354003906,-0.034188012289513514,193.08852844238282,0
2018-12-06,184.77366638183594,-0.026548956416150515,191.5767395019531,1
2018-12-07,185.61358642578125,0.004545669631351057,190.82084045410156,0
2018-12-10,183.93382263183594,-0.009049789006781439,188.1332244873047,1
2018-12-11,186.8733673095703,0.015981534204387193,186.2014892578125,1
2018-12-12,190.23291015625,0.01797764387214329,186.28547058105468,0
2018-12-13,189.81300354003906,-0.0022073289835393695,187.2933380126953,0
2018-12-14,186.8733673095703,-0.01548701182555523,187.54529418945313,1
2018-12-17,187.71334838867188,0.004494921299887933,188.30119934082032,0
2018-12-18,186.8733673095703,-0.00447480739282502,188.30119934082032,1
2018-12-19,189.39308166503906,0.013483539103218645,188.13323364257812,0
2018-12-20,185.61358642578125,-0.019955825239394098,187.29335021972656,1
2018-12-21,187.71334838867188,0.011312544535796887,187.4613464355469,0
2018-12-24,184.77366638183594,-0.01566048462759906,186.8734100341797,0
2018-12-25,182.6739959716797,-0.011363472140111464,186.03353576660157,0
2018-12-26,181.83413696289062,-0.004597583823147233,184.52174682617186,1
2018-12-27,187.2933349609375,0.03002295437605862,184.85769653320312,1
2018-12-28,189.39308166503906,0.011211006011182967,185.19364318847656,0
2019-01-02,184.3537139892578,-0.026607981830581773,185.10965270996093,0
2019-01-03,180.9942626953125,-0.018222856601310844,184.7737060546875,0
2019-01-04,174.6951141357422,-0.034803028923487855,183.3459014892578,1
2019-01-07,178.89454650878906,0.02403863664889805,181.66614379882813,0
2019-01-08,177.2147674560547,-0.009389772273755925,179.23048095703126,1
2019-01-09,180.9942626953125,0.021327202543631296,178.5585906982422,1
2019-01-10,181.4141845703125,0.0023200839007084806,178.6425750732422,1
2019-01-11,185.1936492919922,0.020833347351705278,180.74228210449218,0
2019-01-14,183.5138702392578,-0.009070392311811393,181.66614685058593,1
2019-01-15,185.61358642578125,0.011441730174323705,183.34591064453124,0
2019-01-16,182.6739959716797,-0.015837151313688902,183.68185729980468,1
2019-01-17,185.1936492919922,0.013793169120267734,184.43775024414063,0
2019-01-18,183.5138702392578,-0.009070392311811393,184.10179443359374,1
2019-01-21,185.61358642578125,0.011441730174323705,184.52173767089843,1
2019-01-22,187.2933349609375,0.009049706799496127,184.8576873779297,0
2019-01-23,185.1936492919922,-0.011210680131160222,185.3616180419922,1
2019-01-24,186.8733673095703,0.00907006273703126,185.69756164550782,1
2019-01-25,189.81300354003906,0.01573063231422922,186.95738830566407,1
2019-01-28,192.33261108398438,0.013274156653939828,188.3011932373047,0
2019-01-29,186.8733673095703,-0.02838438964482326,188.21719970703126,0
2019-01-30,185.61358642578125,-0.006741361286127678,188.30118713378906,1
2019-02-11,191.49273681640625,0.03167413821280696,189.22506103515624,1
2019-02-12,193.17247009277344,0.008771785835290702,189.89695434570314,0
2019-02-13,192.33261108398438,-0.004347715843700195,189.89695434570314,0
2019-02-14,190.65284729003906,-0.008733640044078728,190.65285034179686,0
2019-02-15,190.65284729003906,0.0,191.66070251464845,1
2019-02-18,193.17247009277344,0.013215762777994522,191.99664916992188,0
2019-02-19,192.33261108398438,-0.004347715843700195,191.82867736816405,1
2019-02-20,196.9519500732422,0.024017450619649328,192.75254516601564,1
2019-02-21,198.6317596435547,0.00852903243500669,194.34832763671875,0
2019-02-22,198.6317596435547,0.0,195.94411010742186,1
2019-02-25,199.89154052734375,0.006342293327359805,197.28792419433594,1
2019-02-26,201.15138244628906,0.006302627492997814,199.0516784667969,0
2019-02-27,200.73141479492188,-0.002087818866864266,199.8075714111328,0
2019-03-04,197.79185485839844,-0.01464424459682434,199.63959045410155,0
2019-03-05,195.69215393066406,-0.010615709778532434,199.05166931152343,1
2019-03-06,196.53204345703125,0.004291891675252124,198.37976989746093,0
2019-03-07,196.53204345703125,0.0,197.45590209960938,0
2019-03-08,193.17247009277344,-0.017094277885490672,195.9441131591797,1
2019-03-11,193.5924530029297,0.002174134388583049,195.10423278808594,1
2019-03-12,197.79185485839844,0.021691970892094625,195.5241729736328,1
2019-03-13,199.05169677734375,0.006369533871085187,196.02810363769532,0
2019-03-14,196.9519500732422,-0.010548750591412026,196.1120849609375,1
2019-03-15,200.73141479492188,0.019189780656013733,197.62387390136718,1
2019-03-18,202.41119384765625,0.008368291801512662,199.3876220703125,0
2019-03-19,201.9912567138672,-0.0020746734694184754,200.22750244140624,1
2019-03-20,203.2510528564453,0.006236884522000441,201.06737365722657,1
2019-03-21,206.19064331054688,0.014462854744362819,202.9151123046875,1
2019-03-22,208.7102813720703,0.012219943742687533,204.5108856201172,0
2019-03-25,202.83114624023438,-0.028168881251015798,204.59487609863282,1
2019-03-26,204.93081665039062,0.010351814546615046,205.1827880859375,0
2019-03-27,202.83114624023438,-0.01024575241769643,205.09880676269532,1
2019-03-28,203.2510528564453,0.0020702274970807455,204.510888671875,1
2019-03-29,206.19064331054688,0.014462854744362819,204.0069610595703,0
2019-04-01,206.19064331054688,0.0,204.67886047363282,1
2019-04-02,206.61058044433594,0.00203664495656386,205.0148132324219,1
2019-04-03,207.03053283691406,0.0020325793174529316,205.8546905517578,1
2019-04-08,212.48976135253906,0.026369195117347477,207.70243225097656,1
2019-04-09,213.3296356201172,0.003952539935252242,209.13023071289064,0
2019-04-10,213.3296356201172,0.0,210.5580291748047,0
2019-04-11,211.64990234375,-0.0078738862112826,211.5658935546875,0
2019-04-12,211.64990234375,0.0,212.4897674560547,1
2019-04-15,214.58944702148438,0.013888712657944557,212.90970458984376,1
2019-04-16,215.84922790527344,0.00587065627538963,213.413623046875,1
2019-04-17,219.62876892089844,0.0175100974522997,214.67344970703124,1
2019-04-18,222.14834594726562,0.011471980828133832,216.77313842773438,0
2019-04-19,222.14834594726562,0.0,218.8728271484375,1
2019-04-22,223.408203125,0.005671242666076104,220.63657836914064,1
2019-04-23,225.0879669189453,0.0075188098308345275,222.484326171875,1
2019-04-24,225.9278564453125,0.0037313835024759268,223.7441436767578,0
2019-04-25,224.66802978515625,-0.005576234289910165,224.24808044433593,0
2019-04-26,218.36892700195312,-0.028037379369137527,223.49219665527343,0
2019-04-29,217.94900512695312,-0.0019229928028919874,222.40035705566407,0
2019-04-30,217.52906799316406,-0.0019267678397726362,220.88857727050782,0
2019-05-02,217.52906799316406,0.0,219.2088195800781,1
2019-05-03,222.56829833984375,0.02316577914468909,218.78887329101562,0
2019-05-06,217.52906799316406,-0.022641276337500682,218.62090148925782,1
2019-05-07,220.46864318847656,0.013513482232199392,219.1248291015625,0
2019-05-08,218.36892700195312,-0.009523876757060679,219.2928009033203,0
2019-05-09,215.42933654785156,-0.013461578505971517,218.87285461425782,0
2019-05-10,215.00936889648438,-0.0019494450389021534,217.36106872558594,0
2019-05-13,210.39010620117188,-0.021484006576180548,215.9332763671875,0
2019-05-14,208.7102813720703,-0.007984333766604679,213.58160400390625,1
2019-05-15,209.13018798828125,0.0020119115045529323,211.73385620117188,0
2019-05-16,207.450439453125,-0.00803207108124615,210.13807678222656,0
2019-05-17,202.83114624023438,-0.02226697241552189,207.70243225097656,0
2019-05-20,199.89154052734375,-0.014492871372964289,205.60271911621095,0
2019-05-21,196.53204345703125,-0.01680659952617125,203.1670715332031,1
2019-05-22,199.89154052734375,0.017093889684442143,201.31934204101563,0
2019-05-23,193.17247009277344,-0.03361358072905141,198.4637481689453,1
2019-05-24,195.69215393066406,0.01304370046456671,197.03594970703125,0
2019-05-27,194.01234436035156,-0.008583939297370446,195.8601104736328,0
2019-05-28,193.5924530029297,-0.0021642507274793887,195.2721923828125,0
2019-05-29,192.7525634765625,-0.004338441469898036,193.84439697265626,1
2019-05-30,194.01234436035156,0.006535741268843154,194.0123718261719,1
2019-05-31,197.79185485839844,0.019480773300831533,194.43231201171875,1
2019-06-03,199.89154052734375,0.01061563263284282,195.6081512451172,0
2019-06-04,195.69215393066406,-0.02100832574305589,196.02809143066406,1
2019-06-05,197.3719024658203,0.008583627403638383,196.95195922851562,0
2019-06-06,194.85227966308594,-0.01276586368807342,197.1199462890625,1
2019-06-10,201.57135009765625,0.034482893637108436,197.87584533691407,1
2019-06-11,205.3507537841797,0.01874970666561704,198.96768798828126,1
2019-06-12,206.61058044433594,0.006134998956372595,201.15137329101563,0
2019-06-13,201.57135009765625,-0.024389991721829207,201.99126281738282,0
2019-06-14,198.21177673339844,-0.016666918997318758,202.6631622314453,0
2019-06-17,195.69215393066406,-0.012711771440923836,201.48732299804686,1
2019-06-18,197.79185485839844,0.010729612227980967,199.9755432128906,1
2019-06-19,204.93081665039062,0.03609330524304477,199.63959045410155,1
2019-06-20,205.7707061767578,0.004098405208622369,200.47946166992188,1
2019-06-21,208.7102813720703,0.014285683564634333,202.57916259765625,1
2019-06-24,209.14419555664062,0.0020790263983054835,205.26957092285156,0
2019-06-25,206.9746551513672,-0.010373419159442454,207.10613098144532,0
2019-06-26,203.5033721923828,-0.016771536381813057,206.82064208984374,1
2019-06-27,208.71029663085938,0.02558642828559221,207.40856018066407,0
2019-06-28,207.4085693359375,-0.00623700562902374,207.1482177734375,1
2019-07-01,215.65281677246094,0.03974882746127184,208.44994201660157,1
2019-07-02,216.08673095703125,0.002012096067486757,210.27235717773436,0
2019-07-03,210.44598388671875,-0.02610408813780496,211.66087951660157,1
2019-07-04,211.74765014648438,0.006185274889666248,212.26835021972656,0
2019-07-05,210.8798370361328,-0.004098336438450256,212.9626037597656,0
2019-07-08,210.44598388671875,-0.002057347708115498,211.92123718261718,0
2019-07-09,210.0120086669922,-0.0020621691690736466,210.70629272460937,1
2019-07-10,214.35113525390625,0.020661326056808704,211.48732299804686,1
2019-07-11,216.95458984375,0.012145746682236558,212.5287109375,1
2019-07-12,217.3885040283203,0.002000023068803536,213.8304443359375,1
2019-07-15,220.85980224609375,0.015968177495352842,215.9132080078125,1
2019-07-16,222.1614532470703,0.005893562285844034,218.3430969238281,0
2019-07-17,218.69021606445312,-0.015624840096615467,219.2109130859375,1
2019-07-18,220.4258575439453,0.007936530086835925,219.90516662597656,1
2019-07-19,224.76495361328125,0.019685059265203808,221.38045654296874,1
2019-07-22,229.10397338867188,0.019304699000610714,223.02929077148437,0
2019-07-23,229.10397338867188,0.0,224.41779479980468,1
2019-07-24,229.97183227539062,0.0037880568978454487,226.6741180419922,0
2019-07-25,229.97183227539062,0.0,228.58331298828125,0
2019-07-26,226.5005645751953,-0.015094316838065946,228.93043518066406,0
2019-07-29,226.5005645751953,0.0,228.40975341796874,0
2019-07-30,225.6327667236328,-0.0038313275430021942,227.71551208496095,0
2019-07-31,225.1988983154297,-0.0019228962818798045,226.76092529296875,0
2019-08-01,222.59536743164062,-0.011561028509750382,225.28563232421874,0
2019-08-02,218.2562713623047,-0.01949320023772949,223.63677368164062,0
2019-08-05,213.91720581054688,-0.019880599648634978,221.12010192871094,1
2019-08-06,215.65281677246094,0.008113470608115403,219.12411193847657,0
2019-08-07,215.21890258789062,-0.002012096067486757,217.12811279296875,1
2019-08-08,219.99192810058594,0.02217753856795235,216.6074249267578,0
2019-08-12,217.8223876953125,-0.009861909134600055,216.52064819335936,0
2019-08-13,213.91720581054688,-0.01792828517805134,216.52064819335936,1
2019-08-14,216.52066040039062,0.012170384238047172,216.6942169189453,0
2019-08-15,215.21890258789062,-0.006012164428525146,216.6942169189453,1
2019-08-16,216.95458984375,0.008064752839962885,216.0867492675781,1
2019-08-19,218.69021606445312,0.007999951611777911,216.26031494140625,1
2019-08-20,220.85980224609375,0.009920819598994823,217.64883422851562,0
2019-08-21,220.85980224609375,0.0,218.51666259765625,0
2019-08-22,220.4258575439453,-0.001964797114437866,219.55805358886718,0
2019-08-23,220.4258575439453,0.0,220.25230712890624,0
2019-08-26,215.65281677246094,-0.02165372440723201,219.64482727050782,1
2019-08-27,216.95458984375,0.006036429715001512,218.86378479003906,1
2019-08-28,218.69021606445312,0.007999951611777911,218.42986755371095,1
2019-08-29,220.4258575439453,0.007936530086835925,218.42986755371095,1
2019-08-30,224.76495361328125,0.019685059265203808,219.2976867675781,0
2019-09-02,223.4631805419922,-0.0057917084063240365,220.85975952148436,0
2019-09-03,220.4258575439453,-0.013592051230453706,221.55401306152345,1
2019-09-04,223.4631805419922,0.013779340735654566,222.50860595703125,1
2019-09-05,228.23622131347656,0.021359405875758686,224.0706787109375,1
2019-09-06,228.67013549804688,0.0019011626729235065,224.85171508789062,0
2019-09-10,226.9344940185547,-0.007590153719513659,225.5459777832031,1
2019-09-11,228.23622131347656,0.005736136767359179,227.10805053710936,0
2019-09-12,227.80235290527344,-0.0019009621071811589,227.97588500976562,1
2019-09-16,230.4057159423828,0.011428165705522408,228.40978393554687,0
2019-09-17,229.97183227539062,-0.0018831289198601997,228.6701232910156,1
2019-09-18,231.7074737548828,0.007547191594376557,229.62471923828124,0
2019-09-19,231.7074737548828,0.0,230.3189697265625,0
2019-09-20,230.8330841064453,-0.003773679088843296,230.92511596679688,0
2019-09-23,230.8330841064453,0.0,231.01058959960938,1
2019-09-24,231.7074737548828,0.0037879736859309787,231.35771789550782,1
2019-09-25,232.58181762695312,0.003773481527813205,231.53258666992187,1
2019-09-26,234.33058166503906,0.0075189198189637985,232.0572082519531,1
2019-09-27,237.8280792236328,0.014925484901467945,233.45620727539062,1
2019-10-01,244.82301330566406,0.02941172507832368,236.2541931152344,0
2019-10-02,244.38584899902344,-0.0017856340412525373,238.7898681640625,0
2019-10-03,241.76271057128906,-0.010733593775901773,240.62604675292968,0
2019-10-04,241.76271057128906,0.0,242.1124725341797,1
2019-10-07,243.0742645263672,0.005424963808433825,243.16170959472657,1
2019-10-08,250.50645446777344,0.03057579935863619,244.29839782714845,0
2019-10-09,246.5717315673828,-0.01570707193453491,244.7355743408203,1
2019-10-14,253.5666961669922,0.028368882982426458,247.09637145996095,1
2019-10-15,256.6269836425781,0.01206896458346618,250.06922607421876,1
2019-10-16,259.2500305175781,0.010221243447467332,253.30437927246095,0
2019-10-17,256.6269836425781,-0.010117826677833897,254.5284851074219,0
2019-10-18,256.1898193359375,-0.0017035009352309727,256.4521026611328,0
2019-10-21,253.5666961669922,-0.010238982859446355,256.4521026611328,1
2019-10-22,257.06414794921875,0.013793025011152205,256.53953552246094,0
2019-10-23,256.1898193359375,-0.0034012079096069625,255.9274932861328,0
2019-10-24,256.1898193359375,0.0,255.84006042480468,1
2019-10-25,256.6269836425781,0.001706407802518406,255.9274932861328,1
2019-10-28,257.5013427734375,0.0034071207885026933,256.71442260742185,1
2019-10-29,260.9988098144531,0.013582325448659338,257.50135498046876,1
2019-10-30,261.87322998046875,0.003350284112932478,258.638037109375,0
2019-10-31,260.9988098144531,-0.0033390971886696486,259.59983520507814,1
2019-11-01,261.4360046386719,0.0016750835934062902,260.5616394042969,1
2019-11-04,268.4309387207031,0.026755817706512364,262.74755859375,1
2019-11-05,271.4912414550781,0.011400707939851928,264.846044921875,1
2019-11-06,271.9283752441406,0.0016101211468908527,266.85707397460936,0
2019-11-07,270.17962646484375,-0.006430916882899096,268.6932373046875,0
2019-11-08,267.1194152832031,-0.011326580104065731,269.8299194335938,0
2019-11-11,263.1847839355469,-0.014729859091240916,268.7806884765625,1
2019-11-12,266.6822204589844,0.013288900943049908,267.8188842773437,0
2019-11-13,265.807861328125,-0.0032786555074969526,266.59478149414065,0
2019-11-14,265.37060546875,-0.001645007251441788,265.6329772949219,1
2019-11-15,268.4309387207031,0.011532299316072914,265.89528198242186,1
2019-11-18,271.9283752441406,0.013029185607686289,267.6440002441406,1
2019-11-19,275.42596435546875,0.012862170445390175,269.3927490234375,0
2019-11-20,274.11444091796875,-0.004761800292028107,271.05406494140624,0
2019-11-21,271.9283752441406,-0.007975010971721597,272.36561889648436,0
2019-11-22,270.17962646484375,-0.006430916882899096,272.7153564453125,0
2019-11-25,268.4309387207031,-0.006472315351905955,272.015869140625,0
2019-11-26,268.4309387207031,0.0,270.6168640136719,1
2019-11-27,271.9283752441406,0.013029185607686289,270.1796508789063,0
2019-11-28,270.6169128417969,-0.004822822925949932,269.9173583984375,0
2019-11-29,266.6822204589844,-0.014539713506793062,269.21787719726564,1
2019-12-02,268.8680725097656,0.008196467117377315,269.3053039550781,0
2019-12-03,268.4309387207031,-0.001625830039922782,269.3053039550781,0
2019-12-04,267.5565185546875,-0.0032575237794233436,268.4309326171875,1
2019-12-05,272.8027648925781,0.019607992981184985,268.86810302734375,1
2019-12-06,273.6770935058594,0.003204984427579216,270.26707763671874,1
2019-12-09,276.3002014160156,0.00958468199348994,271.7535034179688,0
2019-12-10,274.11444091796875,-0.007910817606520126,272.89020385742185,1
2019-12-11,278.9233703613281,0.017543510029077503,275.16357421875,1
2019-12-12,289.85296630859375,0.03918494148807605,278.5736145019531,1
2019-12-13,296.41070556640625,0.02262436483341279,283.1203369140625,0
2019-12-16,293.78765869140625,-0.008849366185973873,286.6178283691406,1
2019-12-17,301.65692138671875,0.026785545486709417,292.12632446289064,0
2019-12-18,301.2197265625,-0.0014493114303790744,296.585595703125,0
2019-12-19,295.054443359375,-0.020467727241780698,297.6258911132812,0
2019-12-20,289.7698974609375,-0.017910409476534994,296.2977294921875,1
2019-12-23,294.1736755371094,0.015197500205367254,296.37493286132815,0
2019-12-24,292.41217041015625,-0.005987976741076206,294.52598266601564,1
2019-12-25,293.2928771972656,0.0030118677545947214,292.94061279296875,0
2019-12-26,293.2928771972656,0.0,292.5882995605469,1
2019-12-27,297.69671630859375,0.015015158749887236,294.1736633300781,0
2019-12-30,294.614013671875,-0.010355178501610385,294.26173095703126,0
2019-12-31,291.5313415527344,-0.010463426639894746,294.0855651855469,1
2020-01-02,298.5774230957031,0.02416920769286901,295.14247436523436,1
2020-01-03,299.0177917480469,0.0014748893194198587,296.28745727539064,0
2020-01-06,292.41217041015625,-0.02209106454594023,295.2305480957031,0
2020-01-07,290.2102355957031,-0.0075302433936472735,294.34979248046875,0
2020-01-08,290.2102355957031,0.0,294.0855712890625,1
2020-01-09,297.25628662109375,0.024279126512982918,293.82134399414065,1
2020-01-10,299.0177917480469,0.005925880145298601,293.82134399414065,1
2020-01-13,300.7793884277344,0.005891277135682271,295.4947875976562,1
2020-01-14,304.7427978515625,0.01317713106787699,298.40130004882815,0
2020-01-15,299.45819091796875,-0.017341203699809293,300.2508911132812,0
2020-01-16,294.614013671875,-0.016176472686368237,299.7224365234375,0
2020-01-17,293.2928771972656,-0.004484296107111763,298.57745361328125,0
2020-01-20,293.2928771972656,0.0,297.0801513671875,0
2020-01-30,278.7603759765625,-0.04954945159110946,291.8836669921875,1
2020-01-31,281.8429870605469,0.011058282846639456,288.3606262207031,0
2020-02-03,277.4393005371094,-0.015624609181748017,284.92568359375,1
2020-02-04,286.2467956542969,0.03174566508831522,283.51646728515624,1
2020-02-05,288.44873046875,0.007692434807593074,282.5476379394531,1
2020-02-06,292.8525390625,0.01526721433855327,285.36607055664064,0
2020-02-07,288.8890380859375,-0.013534118533685024,286.77528076171876,0
2020-02-10,288.44873046875,-0.0015241409646582493,288.9771667480469,1
2020-02-11,291.97174072265625,0.012213644512080624,290.1221557617188,1
2020-02-12,295.054443359375,0.010558222618013646,291.44329833984375,0
2020-02-13,295.054443359375,0.0,291.88367919921876,0
2020-02-14,295.054443359375,0.0,293.11676025390625,0
2020-02-17,291.97174072265625,-0.01044791124519362,293.8213623046875,0
2020-02-18,283.6045837402344,-0.028657420617873575,292.14793090820314,1
2020-02-19,287.5679016113281,0.013974801883751997,290.65062255859374,0
2020-02-20,286.6872253417969,-0.0030624985076448397,288.9771789550781,0
2020-02-21,286.2467956542969,-0.0015362724550245233,287.2156494140625,0
2020-02-24,281.8429870605469,-0.015384656389546225,285.1898986816406,1
2020-02-25,283.6045837402344,0.006250276787298725,285.1898986816406,0
2020-02-26,280.5218505859375,-0.01086982838443995,283.7806884765625,0
2020-02-27,278.3199157714844,-0.007849423529232569,282.1072265625,0
2020-03-02,273.9161376953125,-0.01582271992273676,279.64109497070314,1
2020-03-03,279.64111328125,0.020900468421125362,279.2007202148437,1
2020-03-04,282.2834167480469,0.009448909124243787,278.9364868164063,1
2020-03-05,284.4853210449219,0.0078003317454540255,279.72918090820315,0
2020-03-06,277.4393005371094,-0.024767606574329637,279.5530578613281,0
2020-03-09,269.0719909667969,-0.030159063817252196,278.584228515625,1
2020-03-10,270.3931579589844,0.004910087398693808,276.73463745117186,0
2020-03-11,265.9892578125,-0.016287025084977924,273.4758056640625,0
2020-03-12,258.9432678222656,-0.026489753940368566,268.3673950195313,0
2020-03-13,255.42025756835938,-0.013605336348517794,263.9635864257813,0
2020-03-16,243.52996826171875,-0.046551864835773116,258.8551818847656,0
2020-03-17,236.04351806640625,-0.030741391906506155,251.98525390625,0
2020-03-18,228.99745178222656,-0.02985070864007977,244.5868927001953,0
2020-03-19,220.54901123046875,-0.03689316403307474,236.90804138183594,1
2020-03-20,240.11378479003906,0.08870941406817545,233.84674682617188,0
2020-03-23,226.77415466308594,-0.05555545317240995,230.4955841064453,1
2020-03-24,237.89051818847656,0.04901953461983344,230.86498413085937,1
2020-03-25,246.3389892578125,0.03551411436517338,234.33329162597656,1
2020-03-26,249.00694274902344,0.010830415027881513,240.0248779296875,0
2020-03-27,242.78175354003906,-0.02500006281053302,240.5584716796875,0
2020-03-30,237.89051818847656,-0.02014663491074853,242.78174438476563,1
2020-03-31,243.6710205078125,0.024299002597304664,243.9378448486328,0
2020-04-01,241.44776916503906,-0.009123987489936924,242.95960083007813,1
2020-04-06,245.0049591064453,0.01473275132633245,242.1592041015625,1
2020-04-07,251.67483520507812,0.027223433039716527,243.9378204345703,1
2020-04-08,253.4534454345703,0.007067096033033682,247.05040588378907,0
2020-04-09,251.67483520507812,-0.007017502667768349,248.6511688232422,0
2020-04-10,248.5623016357422,-0.012367281642599148,250.0740753173828,0
2020-04-13,247.67300415039062,-0.0035777649285481106,250.60768432617186,1
2020-04-14,253.4534454345703,0.02333900420035162,250.96340637207032,1
2020-04-15,255.6767578125,0.008772073996143881,251.40806884765624,0
2020-04-16,254.78750610351562,-0.0034780310756150623,252.03060302734374,1
2020-04-17,272.5736999511719,0.0698079514166996,256.8328826904297,0
2020-04-20,270.3504333496094,-0.008156570505374439,261.3683685302734,0
2020-04-21,262.3465576171875,-0.029605559100663648,263.14699096679686,0
2020-04-22,261.4572448730469,-0.003389839577915499,264.30308837890624,1
2020-04-23,262.7912292480469,0.005102112873742515,265.9038330078125,0
2020-04-24,261.4572448730469,-0.005076213459699885,263.6805419921875,1
2020-04-27,265.0145263671875,0.01360559542294526,262.6133605957031,0
2020-04-28,263.6805114746094,-0.005033742530512475,262.8801513671875,1
2020-04-29,265.90386962890625,0.008432015479122645,263.76947631835935,1
2020-04-30,270.7950134277344,0.018394406240323624,265.3702331542969,0
2020-05-04,262.3465576171875,-0.03119871264838292,265.548095703125,1
2020-05-05,262.7912292480469,0.0016949779516766128,265.1034362792969,1
2020-05-06,263.2359313964844,0.0016922259913696447,265.0145202636719,1
2020-05-07,264.5698547363281,0.005067406006342701,264.7477172851562,0
2020-05-08,264.5698547363281,0.0,263.502685546875,1
2020-05-11,267.6825256347656,0.011765024785380884,264.56987915039065,0
2020-05-12,262.3465576171875,-0.0199339422882564,264.48094482421874,1
2020-05-13,264.1252136230469,0.006779795481268502,264.65880126953124,0
2020-05-14,260.5680236816406,-0.013467816618533801,263.8584350585937,1
2020-05-15,265.0145263671875,0.017064652150025728,263.94736938476564,0
2020-05-18,257.90008544921875,-0.026845475285801612,261.9908813476562,1
2020-05-19,259.2339782714844,0.0051721302067124775,261.3683654785156,1
2020-05-20,261.4572448730469,0.008576293186513428,260.83477172851565,1
2020-05-21,264.5698547363281,0.01190485222466342,261.6351379394531,0
2020-05-22,259.6785583496094,-0.01848773130859316,260.5679443359375,0
2020-05-25,259.6785583496094,0.0,260.92363891601565,1
2020-05-26,262.7912292480469,0.01198663038727621,261.6350891113281,1
2020-05-27,263.6805114746094,0.0033839874683303517,262.0797424316406,0
2020-05-28,261.4572448730469,-0.00843166826827313,261.45722045898435,0
2020-05-29,259.6785583496094,-0.006802972793127804,261.45722045898435,1
2020-06-01,262.7912292480469,0.01198663038727621,262.0797546386719,1
2020-06-02,263.6805114746094,0.0033839874683303517,262.2576110839844,1
2020-06-03,267.6825256347656,0.015177512125470916,263.0580139160156,1
2020-06-04,272.12896728515625,0.016610877530562007,265.1923583984375,1
2020-06-05,277.02020263671875,0.017973960656812782,268.6606872558594,1
2020-06-08,282.8006896972656,0.020866662451068052,272.66257934570314,1
2020-06-09,283.6900634765625,0.0031448783956253834,276.66448974609375,1
2020-06-10,286.8026123046875,0.010971652619698347,280.48850708007814,0
2020-06-11,285.02398681640625,-0.006201566554741578,283.0675109863281,0
2020-06-12,281.02203369140625,-0.014040759059264052,283.8678771972656,0
2020-06-15,275.2416076660156,-0.020569298248471757,282.35606079101564,1
2020-06-16,280.1329040527344,0.017770919259612716,281.64462890625,0
2020-06-17,280.1329040527344,0.0,280.31068725585936,1
2020-06-18,281.9257507324219,0.0063999860557260035,279.6910400390625,0
2020-06-19,281.9257507324219,0.0,279.8717834472656,0
2020-06-22,279.6845703125,-0.00794954137427839,280.7603759765625,1
2020-06-23,282.3739318847656,0.009615695171387939,281.2085815429688,1
2020-06-24,284.61492919921875,0.007936275489366595,282.1049865722656,0
2020-06-29,279.6845703125,-0.0173229102935345,281.65675048828126,1
2020-06-30,280.5809631347656,0.0032050134952530396,281.38779296875,1
2020-07-01,284.61492919921875,0.014377190880607182,282.3738647460938,1
2020-07-02,288.64886474609375,0.014173309735454609,283.62885131835935,1
2020-07-03,295.3720703125,0.023291986865495717,285.7802795410156,1
2020-07-06,302.9915771484375,0.025796301010708733,290.4416809082031,1
2020-07-07,303.4398498535156,0.001479488998661127,295.0134582519531,1
2020-07-08,305.6809387207031,0.007385611574318274,299.22666015625,1
2020-07-09,309.2665710449219,0.011729983358546692,303.35020141601564,1
2020-07-10,312.404052734375,0.01014491051797961,306.7565979003906,1
2020-07-13,317.7825927734375,0.017216614163567456,309.7148010253906,1
2020-07-14,325.8504638671875,0.02538802085834191,314.196923828125,0
2020-07-15,325.4022521972656,-0.0013755133707729073,318.1411865234375,0
2020-07-16,320.471923828125,-0.01515148815304379,320.38225708007815,1
2020-07-17,328.98797607421875,0.026573473720777674,323.69904174804685,0
2020-07-20,328.0915222167969,-0.002724883347164142,325.7608276367188,1
2020-07-21,343.3307189941406,0.04644800534429527,329.2568786621094,1
2020-07-22,344.2271728515625,0.002611050534738757,333.02186279296876,0
2020-07-23,341.98614501953125,-0.006510316467659094,337.32470703125,1
2020-07-24,346.0199890136719,0.011795343328631747,340.7311096191406,1
2020-07-27,380.5323791503906,0.09974103009220969,351.2192810058594,1
2020-07-28,389.9449768066406,0.024735339676653423,360.54213256835936,0
2020-07-29,378.29132080078125,-0.02988538562874732,367.35496215820314,1
2020-07-30,389.0484924316406,0.028436210505935477,376.767431640625,0
2020-07-31,381.42889404296875,-0.01958521504876598,383.8492126464844,0
2020-08-03,372.91278076171875,-0.02232686986815069,382.32529296875,1
2020-08-04,381.42889404296875,0.022836742854065895,380.6220764160156,1
2020-08-05,384.5662536621094,0.008225280434017712,381.87706298828124,1
2020-08-06,389.9449768066406,0.013986466813744824,382.0563598632813,0
2020-08-07,388.1520080566406,-0.004598004479203888,383.40098266601564,1
2020-08-10,390.3930969238281,0.005773740237511538,386.8970458984375,0
2020-08-11,384.5662536621094,-0.01492557964685437,387.52451782226564,0
2020-08-12,375.6020812988281,-0.02330982575282703,385.7316833496094,1
2020-08-13,384.5662536621094,0.023866141349066172,384.65593872070315,0
2020-08-14,382.7734680175781,-0.004661838181221234,383.5802307128906,1
2020-08-17,389.9449768066406,0.01873564755207413,383.4906066894531,0
2020-08-18,388.1520080566406,-0.004598004479203888,384.2077575683594,0
2020-08-19,383.2216491699219,-0.012702134175225699,385.73167114257814,0
2020-08-20,372.0163879394531,-0.02923963522087003,383.22169799804686,1
2020-08-21,380.5323791503906,0.022891441041364757,382.7734802246094,1
2020-08-24,383.669921875,0.008245139957904657,381.5184692382812,1
2020-08-25,389.49664306640625,0.015186807354955034,381.7873962402344,1
2020-08-26,396.21990966796875,0.017261423740733584,384.3870483398438,1
2020-08-27,398.0126953125,0.004524723772799888,389.5863098144531,0
2020-08-28,389.9449768066406,-0.02027000294431558,391.4688293457031,0
2020-08-31,382.32525634765625,-0.01954050164047305,391.19989624023435,1
2020-09-01,389.9449768066406,0.0199299427188655,391.28956298828126,0
2020-09-02,388.1520080566406,-0.004598004479203888,389.6759826660156,1
2020-09-03,390.8413391113281,0.006928551183213338,388.24171142578126,0
2020-09-04,384.5662536621094,-0.016055326858429697,387.165966796875,0
2020-09-07,381.8771057128906,-0.006992677915991896,387.0763366699219,1
2020-09-08,386.35919189453125,0.011736985838083802,386.3591796875,0
2020-09-09,382.7734680175781,-0.009280803853456532,385.2834716796875,1
2020-09-10,389.9449768066406,0.01873564755207413,385.10419921875,1
2020-09-11,391.28955078125,0.0034481120531939524,386.4488586425781,1
2020-09-14,395.3234558105469,0.010309258249403097,389.13812866210935,1
2020-09-15,398.90911865234375,0.009070200083233226,391.6481140136719,1
2020-09-16,410.56268310546875,0.02921358251346784,397.20595703125,0
2020-09-17,404.2532043457031,-0.015367881737427203,400.0676025390625,0
2020-09-18,400.1971435546875,-0.010033466024296556,401.84912109375,0
2020-09-21,396.591796875,-0.009008926569699094,402.1027893066406,0
2020-09-22,393.8877258300781,-0.006818272758612243,401.0985107421875,0
2020-09-23,390.7330627441406,-0.008009041356364599,397.13258666992186,0
2020-09-24,381.2689514160156,-0.024221424370023836,392.5357360839844,1
2020-09-25,382.1702880859375,0.002364044243766461,388.93036499023435,1
2020-09-28,388.930419921875,0.017688794881975056,387.39808959960936,0
2020-09-29,388.47967529296875,-0.0011589338499076174,386.3164794921875,1
2020-09-30,390.2823486328125,0.004640328579569308,386.22633666992186,0
2020-10-05,389.8316955566406,-0.0011546847500291113,387.9388854980469,1
2020-10-06,396.1410827636719,0.01618490050692789,390.73304443359376,1
2020-10-07,399.2957763671875,0.007963560814008286,392.8061157226563,1
2020-10-08,408.30926513671875,0.022573463840605656,396.77203369140625,1
2020-10-12,414.6186828613281,0.01545254605598223,401.63930053710936,1
2020-10-13,416.42144775390625,0.004348006896691237,406.9572509765625,0
2020-10-14,413.71734619140625,-0.006493665436987928,410.4725036621094,0
2020-10-15,408.30926513671875,-0.013071922423541493,412.27520141601565,0
2020-10-16,404.7040100097656,-0.008829716675045174,411.554150390625,1
2020-10-19,412.36529541015625,0.018930589297115663,411.1034729003906,0
2020-10-20,406.5065612792969,-0.014207631427935796,409.12049560546876,1
2020-10-21,408.30926513671875,0.00443462425735186,408.03887939453125,1
2020-10-22,410.11199951171875,0.004415119932182687,408.39942626953126,0
2020-10-23,407.4079284667969,-0.006593494089764174,408.9402099609375,0
2020-10-26,405.605224609375,-0.004424812899950226,407.58819580078125,0
2020-10-27,402.9012451171875,-0.006666530232177337,406.86713256835935,0
2020-10-28,400.1971435546875,-0.006711574102267859,405.2447082519531,0
2020-10-29,393.8877258300781,-0.01576577400969681,401.999853515625,0
2020-10-30,389.3810119628906,-0.01144162047113817,398.39447021484375,1
2020-11-02,392.5357666015625,0.008101973495750592,395.78057861328125,1
2020-11-03,397.49322509765625,0.012629316658233858,394.698974609375,1
2020-11-04,405.605224609375,0.020407893769071928,395.7805908203125,1
2020-11-05,406.5065612792969,0.0022222018239284047,398.3043579101562,1
2020-11-06,407.8585510253906,0.003325874352037461,401.99986572265624,1
2020-11-09,413.2666931152344,0.013259847258926483,406.14605102539065,0
2020-11-10,406.5065612792969,-0.016357794974908635,407.94871826171874,1
2020-11-11,411.9147033691406,0.013303947844836905,409.2106140136719,1
2020-11-12,412.8160400390625,0.002188163380791419,410.472509765625,1
2020-11-13,416.42144775390625,0.008733690954698892,412.1850891113281,1
2020-11-16,436.25103759765625,0.047619040639493626,416.7819580078125,1
2020-11-17,437.6029968261719,0.003099039571253792,423.0012451171875,1
2020-11-18,447.96844482421875,0.02368687617138132,430.2119934082031,0
2020-11-19,441.6590576171875,-0.014084445634350518,435.9805969238281,0
2020-11-20,439.8564147949219,-0.00408152576331422,440.66759033203124,1
2020-11-23,447.517822265625,0.01741797371370657,442.920947265625,0
2020-11-24,443.4618225097656,-0.009063325646619602,444.09271240234375,0
2020-11-25,438.9549560546875,-0.010162918714336167,442.2900146484375,1
2020-11-26,440.7577209472656,0.004106947347812806,442.1097473144531,0
2020-11-27,440.7577209472656,0.0,442.2900085449219,0
2020-11-30,433.0962219238281,-0.01738256338872879,439.4056884765625,1
2020-12-01,441.6590576171875,0.019771208474927304,439.0451354980469,1
2020-12-02,449.7712097167969,0.01836745326446043,441.20838623046876,0
2020-12-03,447.96844482421875,-0.004008182057080201,442.65053100585936,1
2020-12-04,453.3765563964844,0.012072527953141288,445.17429809570314,1
2020-12-07,463.29132080078125,0.021868718760187145,451.21331787109375,1
2020-12-08,472.30462646484375,0.019454941759934785,457.342431640625,0
2020-12-09,468.6993713378906,-0.0076333258768565004,461.12806396484376,0
2020-12-10,461.4886779785156,-0.015384474143398719,463.8321105957031,1
2020-12-11,465.0940246582031,0.0078124271552666436,466.17560424804685,0
2020-12-14,457.8832092285156,-0.015503994993241843,465.09398193359374,0
2020-12-15,454.2779846191406,-0.007873677253746436,461.4886535644531,1
2020-12-16,461.4886779785156,0.015872865521802337,460.0465148925781,0
2020-12-17,460.12994384765625,-0.0029442415289820945,459.77476806640624,1
2020-12-18,461.9415588378906,0.003937181255984967,459.14427490234374,1
2020-12-21,467.3761291503906,0.01176462738310824,461.04285888671876,0
2020-12-22,461.0357666015625,-0.01356586730339393,462.3944152832031,0
2020-12-23,461.0357666015625,0.0,462.3038330078125,1
2020-12-24,461.9415588378906,0.001964689731135172,462.66615600585936,1
2020-12-25,462.84735107421875,0.001960837294238793,462.847314453125,1
2020-12-28,466.47039794921875,0.007827736005383334,462.6661682128906,0
2020-12-29,466.47039794921875,0.0,463.7530944824219,1
2020-12-30,475.5281066894531,0.01941754242081717,466.6515625,1
2020-12-31,480.0568542480469,0.009523616995264828,470.2746215820313,1
2021-01-04,485.4914855957031,0.011320807732594362,474.80344848632814,1
2021-01-05,490.9260559082031,0.011193955967799818,479.694580078125,1
2021-01-06,497.2664489746094,0.012915169178944197,485.8537902832031,1
2021-01-07,511.7586669921875,0.02914376798889573,493.09990234375,1
2021-01-08,525.3452758789062,0.02654885938048257,502.1575866699219,1
2021-01-11,528.9682006835938,0.006896273690909949,510.8529296875,1
2021-01-12,535.3087158203125,0.01198657145840687,519.7294616699219,1
2021-01-13,547.9894409179688,0.023688620646170833,529.8740600585937,0
2021-01-14,536.2144775390625,-0.02148757348167385,534.7652221679688,1
2021-01-15,544.366455078125,0.015202829987873034,538.5694580078125,1
2021-01-18,549.8009643554688,0.0099831817825069,542.7360107421875,1
2021-01-19,567.9166259765625,0.032949490443929585,549.2575927734375,1
2021-01-20,586.0317993164062,0.03189759290581384,556.866064453125,1
2021-01-21,609.5816650390625,0.04018530351104954,571.539501953125,0
2021-01-22,587.8433227539062,-0.035661082889957396,580.2348754882812,0
2021-01-25,573.3509521484375,-0.02465345789346629,584.944873046875,0
2021-01-26,558.8587036132812,-0.025276400921375397,583.1332885742188,0
2021-01-27,557.0470581054688,-0.00324168791878765,577.3363403320312,0
2021-01-28,544.366455078125,-0.022763970912028197,564.2932983398438,0
2021-01-29,535.3087158203125,-0.01663904741616118,553.786376953125,1
2021-02-01,553.424072265625,0.03384095179087887,549.8010009765625,1
2021-02-02,572.445068359375,0.03436965800183067,552.5182739257813,0
2021-02-03,570.6337280273438,-0.0031642168517977964,555.2356079101562,0
2021-02-04,567.9166259765625,-0.004761551792906049,559.9456420898438,1
2021-02-05,572.445068359375,0.0079737802622446,567.3729125976563,1
2021-02-17,600.5239868164062,0.04905085222850336,576.7928955078125,0
2021-02-18,597.8067016601562,-0.004524856984739811,581.8652221679688,0
2021-02-19,590.5604248046875,-0.012121437975427973,585.8505615234375,0
2021-02-22,588.7489013671875,-0.003067465006818093,590.0170166015625,0
2021-02-23,580.5971069335938,-0.01384596118084247,591.6474243164063,0
2021-02-24,566.1049194335938,-0.02496083312667552,584.7636108398438,1
2021-02-25,575.1624755859375,0.015999783505513676,580.234765625,0
2021-02-26,548.8951416015625,-0.04566941533801483,571.901708984375,1
2021-03-02,551.612548828125,0.0049506855146024265,564.4744384765625,1
2021-03-03,563.387451171875,0.021346327904913087,561.0325073242187,0
2021-03-04,544.366455078125,-0.03376183841898739,556.684814453125,0
2021-03-05,544.366455078125,0.0,550.5256103515625,0
2021-03-08,541.6490478515625,-0.004991871194878317,549.0763916015625,0
2021-03-09,538.9317626953125,-0.005016689620388037,546.540234375,1
2021-03-10,540.7433471679688,0.003361435710517613,542.0114135742188,1
2021-03-11,551.612548828125,0.020100481526183156,543.4606323242188,1
2021-03-12,556.1414184570312,0.00821023676587429,545.815625,0
2021-03-15,553.424072265625,-0.00488607052311496,548.1706298828125,1
2021-03-16,555.2357177734375,0.0032735213349066594,551.4314208984375,0
2021-03-17,549.3239135742188,-0.010647377338990016,553.1475341796875,0
2021-03-18,547.5052490234375,-0.0033107325310998137,552.32607421875,0
2021-03-19,537.5007934570312,-0.018272803017415407,548.59794921875,1
2021-03-22,539.3197021484375,0.0033840111745837564,545.7770751953125,1
2021-03-23,540.229248046875,0.0016864688881459422,542.77578125,0
2021-03-24,523.8585815429688,-0.030303184366807567,537.68271484375,0
2021-03-25,522.94921875,-0.0017358936648328438,532.7715087890625,1
2021-03-26,536.59130859375,0.026086834733893616,532.5896118164062,1
2021-03-29,544.7766723632812,0.01525437262668805,533.681005859375,0
2021-03-30,542.9577026367188,-0.0033389273418622523,534.2266967773437,0
2021-03-31,533.8629150390625,-0.01675045321852886,536.2275634765625,1
2021-04-01,547.5052490234375,0.02555400197329094,541.13876953125,1
2021-04-07,554.7808837890625,0.013288703219927589,544.7766845703125,1
2021-04-08,557.5093383789062,0.004918076072140121,547.3232177734375,0
2021-04-09,554.7808837890625,-0.004894006973546694,549.6878540039063,0
2021-04-12,550.2335205078125,-0.008196683436877406,552.9619750976562,0
2021-04-13,550.2335205078125,0.0,553.5076293945312,1
2021-04-14,556.5997314453125,0.011570016547927775,553.8713989257812,1
2021-04-15,562.9661865234375,0.011438121002310453,554.9627685546875,0
2021-04-16,554.7808837890625,-0.0145395992340549,554.9627685546875,0
2021-04-19,548.41455078125,-0.011475400818304116,554.598974609375,0
2021-04-20,547.5052490234375,-0.0016580554919943813,554.0533203125,0
2021-04-21,538.4102172851562,-0.0166117708542588,550.4154174804687,0
2021-04-22,537.5007934570312,-0.0016890909550539845,545.3223388671875,1
2021-04-23,547.5052490234375,0.018612913112296736,543.8672119140625,1
2021-04-26,554.7808837890625,0.013288703219927589,545.140478515625,0
2021-04-27,554.7808837890625,0.0,546.59560546875,0
2021-04-28,547.5052490234375,-0.013114429458948917,548.4146118164062,0
2021-04-29,545.68603515625,-0.0033227331983252117,550.05166015625,0
2021-05-03,534.7723999023438,-0.01999984340955563,547.5050903320313,1
2021-05-04,537.5007934570312,0.005101971521315862,544.049072265625,0
2021-05-05,532.0439453125,-0.010152260630974297,539.5016845703125,1
2021-05-06,533.8629150390625,0.0034188336181404377,536.7732177734375,1
2021-05-07,544.7766723632812,0.02044299578932196,536.5913452148437,0
2021-05-10,535.6818237304688,-0.016694636709311372,536.7732299804687,0
2021-05-11,519.311279296875,-0.03056020142626803,533.1353271484375,0
2021-05-12,509.3070373535156,-0.019264441852494874,528.5879455566406,0
2021-05-13,497.4837951660156,-0.023214370351009594,521.3121215820313,1
2021-05-14,506.57867431640625,0.018281759604562797,513.6725219726562,0
2021-05-17,499.30279541015625,-0.014362781686513615,506.39671630859374,1
2021-05-18,520.2207641601562,0.04189435537371011,506.57861328125,0
2021-05-19,515.6732177734375,-0.008741570310174529,507.8518493652344,0
2021-05-20,515.6732177734375,0.0,511.48973388671874,1
2021-05-21,521.1303100585938,0.010582462104040902,514.4000610351562,0
2021-05-24,516.582763671875,-0.008726313359527005,517.8560546875,1
2021-05-25,530.2249755859375,0.026408569688027406,519.8568969726563,1
2021-05-26,532.0439453125,0.003430562139311588,523.1310424804688,0
2021-05-27,529.3154907226562,-0.005128250427210768,525.8594970703125,1
2021-05-28,536.59130859375,0.013745711203653421,528.9516967773437,1
2021-05-31,542.9577026367188,0.011864512042979669,534.2266845703125,1
2021-06-01,543.8671875,0.0016750565630887504,536.955126953125,0
2021-06-02,541.1387329101562,-0.005016766321913391,538.7740844726562,1
2021-06-03,542.0481567382812,0.0016805742646330835,541.3206176757812,0
2021-06-04,541.1387329101562,-0.001677754673306775,542.2301025390625,0
2021-06-07,538.4102172851562,-0.005042173954775908,541.32060546875,0
2021-06-08,535.6818237304688,-0.005067499588780056,539.6835327148438,0
2021-06-09,532.9534912109375,-0.005093195995584221,538.046484375,1
2021-06-10,544.7766723632812,0.02218426438201959,538.5921875,1
2021-06-11,547.5052490234375,0.005008615086838253,539.8654907226562,1
2021-06-15,553.8713989257812,0.011627559578102353,542.9577270507813,0
2021-06-16,550.2335205078125,-0.006568092205202047,545.86806640625,1
2021-06-17,553.4296875,0.005808746419588839,549.9633056640625,0
2021-06-18,550.6900634765625,-0.004950265743446369,551.1459838867188,0
2021-06-21,532.425048828125,-0.033167503573840795,548.1299438476562,0
2021-06-22,527.8588256835938,-0.008576274077603196,542.9274291992188,1
2021-06-23,543.3842163085938,0.029412012965576828,541.557568359375,0
2021-06-24,538.8178100585938,-0.008403641682898422,538.6351928710938,1
2021-06-25,539.7311401367188,0.0016950628970962,536.443408203125,0
2021-06-28,538.8178100585938,-0.001692194520949153,537.7219604492187,1
2021-06-29,543.3842163085938,0.008474861381258858,540.8270385742187,0
2021-06-30,543.3842163085938,0.0,540.8270385742187,0
2021-07-01,541.5575561523438,-0.003361636391758238,541.3749877929688,0
2021-07-02,536.9913330078125,-0.008431648848135964,540.8270263671875,1
2021-07-05,539.7311401367188,0.0051021440393832496,541.0096923828125,1
2021-07-06,540.644287109375,0.0016918552678375498,540.4617065429687,1
2021-07-07,542.4708251953125,0.0033784470297528735,540.2790283203125,0
2021-07-08,536.9913330078125,-0.01010098964405537,539.3657836914062,0
2021-07-09,533.3381958007812,-0.006802972380520855,538.63515625,1
2021-07-12,541.5575561523438,0.01541116015368349,539.000439453125,1
2021-07-13,554.3430786132812,0.02360879709956598,541.7401977539063,1
2021-07-14,559.822509765625,0.009884548691490469,545.2105346679688,1
2021-07-15,560.7357177734375,0.0016312456035303402,549.9594116210938,0
2021-07-16,537.904541015625,-0.040716465946685654,550.8726806640625,0
2021-07-19,531.5117797851562,-0.011884564533324982,548.863525390625,0
2021-07-20,530.5986328125,-0.0017180183156531026,544.1146362304687,1
2021-07-21,534.2516479492188,0.006884705143990866,539.0004638671875,1
2021-07-22,539.7311401367188,0.010256387993436533,534.7995483398438,0
2021-07-23,534.2516479492188,-0.010152262450730531,534.0689697265625,0
2021-07-26,529.685302734375,-0.00854718040154323,533.7036743164062,0
2021-07-27,529.685302734375,0.0,533.5210083007812,0
2021-07-28,528.7720336914062,-0.001724172897103693,532.4250854492187,1
2021-07-29,532.425048828125,0.006908487786724926,530.9638671875,0
2021-07-30,529.685302734375,-0.005145787373791344,530.0505981445312,1
2021-08-02,538.8178100585938,0.01724138328376168,531.877099609375,1
2021-08-03,542.4708251953125,0.006779685208106789,534.4342041015625,1
2021-08-04,544.29736328125,0.0033670715568525633,537.5392700195313,0
2021-08-05,544.29736328125,0.0,539.9137329101562,0
2021-08-06,539.7311401367188,-0.008389206806007965,541.922900390625,1
2021-08-09,543.3842163085938,0.006768325746314474,542.836181640625,0
2021-08-10,539.7311401367188,-0.006722823487019358,542.2882446289062,0
2021-08-11,538.8178100585938,-0.001692194520949153,541.192333984375,0
2021-08-12,535.164794921875,-0.006779685208106789,539.3658203125,0
2021-08-13,530.5986328125,-0.008532254275137041,537.5393188476562,1
2021-08-16,533.3381958007812,0.00516315500807063,535.5301147460938,0
2021-08-17,533.3381958007812,0.0,534.2515258789062,0
2021-08-18,524.2059326171875,-0.017122837358164666,531.329150390625,0
2021-08-19,510.5069885253906,-0.026132752873288867,526.3975891113281,0
2021-08-20,504.1142883300781,-0.012522257949451276,521.1007202148437,1
2021-08-23,516.8998413085938,0.02536240942677681,517.8130493164062,1
2021-08-24,522.3793334960938,0.010600684599995303,515.6212768554688,1
2021-08-25,534.2516479492188,0.022727381601542307,517.630419921875,1
2021-08-26,542.4708251953125,0.015384467745946928,524.0231872558594,1
2021-08-27,547.037109375,0.008417566378880359,532.6077514648438,1
2021-08-30,552.5165405273438,0.010016562054819378,539.7310913085937,1
2021-08-31,560.7357177734375,0.014875893558315978,547.4023681640625,0
2021-09-01,559.822509765625,-0.001628588974925016,552.5165405273438,0
2021-09-02,554.3430786132812,-0.009787800698899618,554.8909912109375,1
2021-09-03,566.2153930664062,0.021416907527418205,558.7266479492188,1
2021-09-06,576.2611083984375,0.01774186193990146,563.4755615234375,0
2021-09-07,568.9549560546875,-0.012678544911794432,565.1194091796875,0
2021-09-08,565.3020629882812,-0.0064203554737207735,566.2153198242188,0
2021-09-09,565.3020629882812,0.0,568.4071166992187,1
2021-09-10,568.0418090820312,0.004846517062519151,568.7723999023438,0
2021-09-13,561.649169921875,-0.011253818042877728,565.8500122070312,0
2021-09-14,559.822509765625,-0.003252315242456616,564.0235229492188,0
2021-09-15,554.3430786132812,-0.009787800698899618,561.8317260742188,0
2021-09-16,550.444091796875,-0.007033526649525057,558.8601318359375,0
2021-09-17,550.444091796875,0.0,555.3405883789062,0
2021-09-22,537.6004028320312,-0.023333321505762172,550.5308349609375,1
2021-09-23,539.4353637695312,0.0034132432338844776,546.4534057617187,1
2021-09-24,548.6093139648438,0.017006579122298637,545.3066528320312,1
2021-09-27,552.2789916992188,0.0066890547443569925,545.6736328125,0
2021-09-28,544.9396362304688,-0.013289217187437696,544.5727416992188,0
2021-09-29,532.0961303710938,-0.02356867624498349,543.4718872070313,0
2021-09-30,532.0961303710938,0.0,542.0040405273437,0
2021-10-01,526.5916748046875,-0.01034485171423316,537.6005126953125,0
2021-10-04,524.7567749023438,-0.003484483310573272,532.0960693359375,0
2021-10-05,524.7567749023438,0.0,528.0594970703125,0
2021-10-06,523.8391723632812,-0.0017486244731823586,526.40810546875,1
2021-10-07,532.0961303710938,0.015762391289986022,526.40810546875,0
2021-10-08,527.5089721679688,-0.008620920058046377,526.5915649414062,0
2021-10-12,527.5089721679688,0.0,527.1420043945312,0
2021-10-13,523.8391723632812,-0.006956848126402959,526.9584838867188,1
2021-10-14,525.6741333007812,0.0035029089734195384,527.3254760742187,1
2021-10-15,550.444091796875,0.047120367784809325,530.995068359375,0
2021-10-18,541.2699584960938,-0.016666784942378277,533.747265625,1
2021-10-19,550.444091796875,0.016949274861422836,538.3342895507812,0
2021-10-20,548.6093139648438,-0.0033332682816918924,543.2883178710938,0
2021-10-21,546.7744140625,-0.003344638626498697,547.5083740234375,1
2021-10-22,550.444091796875,0.006711502294171945,547.5083740234375,0
2021-10-25,544.0223388671875,-0.011666494427661656,548.0588500976562,1
2021-10-26,549.5266723632812,0.010117844622989924,547.8753662109375,0
2021-10-27,549.5266723632812,0.0,548.058837890625,0
2021-10-28,545.8570556640625,-0.006677777228605297,547.8753662109375,0
2021-10-29,541.2699584960938,-0.00840347691830845,546.0405395507812,0
2021-11-01,541.2699584960938,0.0,545.4900634765625,1
2021-11-02,543.104736328125,0.003389764761985159,544.2056762695313,0
2021-11-03,543.104736328125,0.0,542.9212890625,0
2021-11-04,538.5179443359375,-0.008445501733603589,541.453466796875,1
2021-11-05,550.444091796875,0.022146239668288104,543.2882934570313,1
2021-11-08,552.2789916992188,0.003333490048651244,545.4901000976563,1
2021-11-09,560.53564453125,0.014950148305709954,548.9762817382813,1
2021-11-10,561.4530029296875,0.0016365746003621506,552.6459350585938,0
2021-11-11,555.948486328125,-0.009804055856571625,556.1320434570313,0
2021-11-12,554.11376953125,-0.003300156115169539,556.8659790039062,1
2021-11-15,557.7832641601562,0.006622276562465501,557.9668334960937,1
2021-11-16,559.6183471679688,0.003289957095746754,557.7833740234375,0
2021-11-17,559.6183471679688,0.0,557.4164428710938,1
2021-11-18,562.3704833984375,0.004917880631320148,558.7008422851562,1
2021-11-19,566.957275390625,0.008156174848418907,561.2695434570312,0
2021-11-22,564.2052612304688,-0.004854006253399157,562.5539428710938,0
2021-11-23,561.4530029296875,-0.004878115270990024,562.9208740234375,0
2021-11-24,553.1962890625,-0.014705975075569255,561.6364624023438,0
2021-11-25,553.1962890625,0.0,559.8016235351563,0
2021-11-26,546.7744140625,-0.011608673317174856,555.7650512695312,0
2021-11-29,544.0223388671875,-0.005033291837605813,551.728466796875,1
2021-11-30,546.7744140625,0.0050587540229378725,548.7927490234375,1
2021-12-01,550.444091796875,0.006711502294171945,548.2423095703125,1
2021-12-02,564.2052612304688,0.02500012197182766,550.4441040039062,0
2021-12-03,557.7832641601562,-0.01138237714463497,552.6458740234375,0
2021-12-06,550.444091796875,-0.013157749317437295,553.930224609375,1
2021-12-07,556.8659057617188,0.011666605311141165,555.9485229492187,0
2021-12-08,552.2789916992188,-0.00823701723348591,556.3155029296875,1
2021-12-09,557.7832641601562,0.009966470830263363,555.031103515625,0
2021-12-10,555.03125,-0.0049338413985939855,554.4807006835938,0
2021-12-13,551.3615112304688,-0.00661176964275656,554.6641845703125,0
2021-12-14,549.5266723632812,-0.003327832701076061,553.196337890625,1
2021-12-15,550.444091796875,0.0016694720743004599,552.8293579101562,1
2021-12-16,557.5868530273438,0.012976360972740908,552.7900756835937,1
2021-12-17,559.4299926757812,0.003305565112287745,553.66982421875,0
2021-12-20,551.1353149414062,-0.01482701650424778,553.6245849609375,0
2021-12-21,550.2138061523438,-0.0016720191286607733,553.76201171875,1
2021-12-22,552.9785766601562,0.005024902096053552,554.2689086914063,1
2021-12-23,558.5083618164062,0.009999998896247364,554.4532104492188,0
2021-12-24,556.6650390625,-0.0033004389547746094,553.9002197265625,1
2021-12-27,558.5083618164062,0.0033113679224594517,555.3748291015625,1
2021-12-28,566.8030395507812,0.014851483525508247,558.69267578125,1
2021-12-29,567.7247314453125,0.001626123768252441,561.6419067382812,0
2021-12-30,566.8030395507812,-0.0016234837826860637,563.3008422851562,1
2022-01-03,581.5491333007812,0.026016257361087813,568.2776611328125,1
2022-01-04,604.5899047851562,0.03961964718887856,577.4939697265625,0
2022-01-05,599.0602416992188,-0.009146138634091971,583.94541015625,0
2022-01-06,593.5303955078125,-0.009230868294181849,589.10654296875,0
2022-01-07,584.3140869140625,-0.015527947116953822,592.6087524414063,1
2022-01-10,592.6088256835938,0.014195685086659804,594.8206909179687,1
2022-01-11,599.9818115234375,0.012441572788489452,593.899072265625,1
2022-01-12,608.2765502929688,0.013824983708205618,595.742333984375,1
2022-01-13,609.1980590820312,0.0015149503767959427,598.8758666992187,1
2022-01-14,619.3360595703125,0.01664155086698349,605.8802612304687,1
2022-01-17,629.4740600585938,0.016369142942064263,613.2533081054687,0
2022-01-18,610.1196899414062,-0.03074689069059644,615.2808837890625,0
2022-01-19,602.7467041015625,-0.01208449089809216,614.1749145507813,0
2022-01-20,599.9818115234375,-0.0045871550342962975,612.3316650390625,0
2022-01-21,590.7655029296875,-0.015360979977623868,606.6175537109375,1
2022-01-24,601.8251342773438,0.01872084827704068,601.0877685546875,0
2022-01-25,590.7655029296875,-0.018376818643402792,597.2169311523437,0
2022-01-26,586.1572875976562,-0.007800413716065768,593.8990478515625,0
2022-02-07,585.2357177734375,-0.0015722227526945298,590.9498291015625,0
2022-02-08,578.7843017578125,-0.011023619747902225,588.5535888671875,1
2022-02-09,583.3924560546875,0.007961781760285724,584.8670532226563,1
2022-02-10,598.1384887695312,0.025276351385423945,586.341650390625,1
2022-02-11,599.0602416992188,0.0015410359757714875,588.9222412109375,0
2022-02-14,587.0789794921875,-0.02000009577174866,589.2908935546875,0
2022-02-15,583.3924560546875,-0.0062794335451914485,590.2125244140625,1
2022-02-16,595.3735961914062,0.02053701588420198,592.6087524414063,0
2022-02-17,594.451904296875,-0.0015480899731316056,591.871435546875,0
2022-02-18,587.0789794921875,-0.012402895425843163,589.4751831054688,0
2022-02-21,582.4708862304688,-0.007849187967357785,588.553564453125,0
2022-02-22,577.8626708984375,-0.00791149470466046,587.447607421875,0
2022-02-23,576.0194091796875,-0.0031897919896507476,583.5767700195313,0
2022-02-24,556.6650390625,-0.03360020479995662,576.0193969726563,0
2022-02-25,556.6650390625,0.0,569.9366088867188,0
2022-03-01,556.6650390625,0.0,564.775439453125,0
2022-03-02,553.9002685546875,-0.004966668128590812,559.982958984375,1
2022-03-03,554.8219604492188,0.0016640033357200323,555.7434692382812,0
2022-03-04,548.3704833984375,-0.011628013147781169,554.0845581054688,0
2022-03-07,530.8593139648438,-0.031933099909154716,548.9234130859375,0
2022-03-08,518.8782958984375,-0.022569102116572592,541.366064453125,1
2022-03-09,523.4863891601562,0.008880874953036688,535.2832885742188,1
2022-03-10,540.99755859375,0.03345105010597771,532.518408203125,0
2022-03-11,529.9378662109375,-0.020443146567168724,528.831884765625,0
2022-03-14,527.1729125976562,-0.005217505276704837,528.0946044921875,0
2022-03-15,514.27001953125,-0.02447563742003922,527.17294921875,1
2022-03-16,516.8170776367188,0.004952764129222187,525.8390869140625,1
2022-03-17,539.0457153320312,0.043010648558593934,525.4487182617188,0
2022-03-18,538.1197509765625,-0.001717784464529859,527.0850952148437,1
2022-03-21,542.7505493164062,0.008605516395634893,530.2006225585938,0
2022-03-22,539.9721069335938,-0.005119188522815787,535.3410400390625,1
2022-03-23,546.455322265625,0.012006574504094925,541.2686889648437,1
2022-03-24,547.3816528320312,0.001695162493002389,542.9358764648438,1
2022-03-25,553.8648681640625,0.01184404939129502,546.0848999023438,0
2022-03-28,540.8981323242188,-0.023411370868900883,545.7144165039062,1
2022-03-29,545.5291137695312,0.008561651757630129,546.8258178710937,1
2022-03-30,555.7174682617188,0.018676096719728363,548.6782470703125,0
2022-03-31,552.938720703125,-0.005000288307088208,549.7896606445313,0
2022-04-01,545.5291137695312,-0.013400412480015111,548.122509765625,0
2022-04-06,535.3410034179688,-0.018675649189763832,547.011083984375,0
2022-04-07,524.2267456054688,-0.020761080771955265,542.7506103515625,1
2022-04-08,525.1530151367188,0.0017669253600942625,536.6377197265625,0
2022-04-11,516.8170776367188,-0.015873349785166524,529.4133911132812,0
2022-04-12,515.8907470703125,-0.001792376077513036,523.4857177734375,1
2022-04-13,530.7100219726562,0.02872560709123162,522.559521484375,0
2022-04-14,530.7100219726562,0.0,523.8561767578125,0
2022-04-15,520.52197265625,-0.019197017004761174,522.9299682617187,0
2022-04-18,519.595703125,-0.0017795013081257638,523.485693359375,1
2022-04-19,523.300537109375,0.007130224445839328,524.9676513671875,1
2022-04-20,527.931396484375,0.008849330445139802,524.4119262695312,0
2022-04-21,523.300537109375,-0.00877170671386096,522.930029296875,0
2022-04-22,516.8170776367188,-0.012389552490180478,522.1890502929688,0
2022-04-25,506.6290283203125,-0.019713066299963944,519.5957153320312,0
2022-04-26,505.7027893066406,-0.0018282391294134337,516.0761657714844,0
2022-04-27,487.1789245605469,-0.03662994378870532,507.92567138671876,1
2022-04-28,491.809814453125,0.009505521809580308,501.6275268554688,1
2022-04-29,498.2930908203125,0.01318248675943301,497.9227294921875,0
2022-05-03,491.809814453125,-0.013010969822026763,494.95888671875,1
2022-05-04,494.5884704589844,0.005649858795415019,492.73602294921875,1
2022-05-05,501.9980163574219,0.014981234583898217,495.69984130859376,0
2022-05-06,489.0312194824219,-0.025830374727552008,495.1441223144531,0
2022-05-09,481.62176513671875,-0.015151291063881578,491.8098571777344,0
2022-05-10,479.7693786621094,-0.003846143610398367,489.4017700195312,1
2022-05-11,482.5478820800781,0.005791331296959523,486.99365234375,0
2022-05-12,467.7287902832031,-0.030710096028181866,480.1398071289062,1
2022-05-13,473.2859802246094,0.011881222744577036,476.9907592773437,1
2022-05-16,481.62176513671875,0.017612575187951673,476.9907592773437,1
2022-05-17,490.8836364746094,0.019230591323590618,479.21361083984374,1
2022-05-18,498.2930908203125,0.015094115580865042,482.36265258789064,0
2022-05-19,483.4740905761719,-0.02973952582755046,485.5117126464844,1
2022-05-20,490.8836364746094,0.015325631802951989,489.0312438964844,0
2022-05-23,489.0312194824219,-0.003773637690372089,490.513134765625,0
2022-05-24,481.62176513671875,-0.015151291063881578,488.6607604980469,1
2022-05-25,485.326416015625,0.007692033763994521,486.0674255371094,0
2022-05-26,476.0645446777344,-0.019083798104227778,484.58551635742185,1
2022-05-27,490.8836364746094,0.031128324851216638,484.58551635742185,1
2022-05-30,506.6290283203125,0.03207560952486044,488.105078125,1
2022-05-31,518.6696166992188,0.023766084661247744,495.5146484375,0
2022-06-01,508.48138427734375,-0.019643009911998077,500.14564208984376,0
2022-06-02,500.1455993652344,-0.016393490833408242,504.96185302734375,0
2022-06-06,500.1455993652344,0.0,506.8142456054687,0
2022-06-07,495.51458740234375,-0.009259327621332969,504.591357421875,1
2022-06-08,503.8503723144531,0.016822481363885533,501.62750854492185,0
2022-06-09,501.0718078613281,-0.005514661903218587,500.1455932617188,0
2022-06-10,490.8836364746094,-0.02033275715551397,498.29320068359374,0
2022-06-13,477.9169616699219,-0.02641496648332098,493.84747314453125,0
2022-06-14,475.1383056640625,-0.005814097905523785,489.772216796875,0
2022-06-15,471.43359375,-0.0077971232163331905,483.2888610839844,1
2022-06-16,473.0632019042969,0.003456707743998866,477.6871398925781,0
2022-06-17,466.5446472167969,-0.013779458349877594,472.8193420410156,0
2022-06-20,463.75091552734375,-0.005988133624765246,469.9861328125,1
2022-06-21,470.2695007324219,0.014056220671102349,469.0123718261719,0
2022-06-22,460.49163818359375,-0.02079204059289319,466.8239807128906,0
2022-06-23,452.110595703125,-0.018200205574910533,462.6334594726562,1
2022-06-24,453.0418395996094,0.002059770121149551,459.9328979492187,1
2022-06-27,464.216552734375,0.024665962738986025,460.026025390625,0
2022-06-28,463.2853088378906,-0.0020060549133783523,458.6291870117187,0
2022-06-29,457.23236083984375,-0.013065270757732783,457.9773315429687,0
2022-06-30,443.263916015625,-0.030549991690355327,456.20799560546874,0
2022-07-01,422.3113098144531,-0.04726891913402065,450.0618896484375,0
2022-07-04,409.73980712890625,-0.029768330597327086,439.1665405273437,1
2022-07-05,415.3271789550781,0.013636390043045177,429.5749145507813,0
2022-07-06,405.54925537109375,-0.02354270098235478,419.23829345703126,1
2022-07-07,426.0362243652344,0.05051659871843239,415.7927551269531,1
2022-07-08,434.8829650878906,0.02076523125665508,418.3070861816406,0
2022-07-11,430.226806640625,-0.010706693112995547,422.40448608398435,0
2022-07-12,418.58636474609375,-0.027056523942392774,423.0563232421875,1
2022-07-13,438.1422119140625,0.046718786886025265,429.5749145507813,1
2022-07-14,442.33270263671875,0.009564225059141673,432.83421020507814,1
2022-07-15,458.6292419433594,0.03684226648741529,437.5834655761719,1
2022-07-18,461.4228515625,0.0060912156566885756,443.8226745605469,0
2022-07-19,457.23236083984375,-0.009081671418019632,451.5518737792969,1
2022-07-20,460.9573059082031,0.008146722295677922,456.114892578125,1
2022-07-21,466.5446472167969,0.012121168787172731,460.9572814941406,1
2022-07-22,468.4070739746094,0.003991958259349726,462.9128479003906,0
2022-07-25,465.1478271484375,-0.006958150308269184,463.6578430175781,0
2022-07-26,460.9573059082031,-0.009009009600075113,464.40283203125,1
2022-07-27,467.47589111328125,0.014141407721556476,465.7065490722656,0
2022-07-28,466.5446472167969,-0.0019920682845625537,465.7065490722656,1
2022-07-29,473.9944152832031,0.01596796386122601,466.8240173339844,0
2022-08-01,469.33831787109375,-0.009823106057752717,467.6621154785156,0
2022-08-02,458.16363525390625,-0.023809440209091703,467.10338134765624,1
2022-08-03,466.5446472167969,0.018292617130658995,466.91713256835936,0
2022-08-04,465.6134033203125,-0.0019960445415884154,466.7308837890625,1
2022-08-05,480.5130310058594,0.03199999737829051,468.03460693359375,0
2022-08-08,476.7881164550781,-0.007751953246686982,469.5245666503906,0
2022-08-09,474.9256896972656,-0.0039061937442141925,472.8769775390625,0
2022-08-10,465.6134033203125,-0.019607880935834654,472.69072875976565,1
2022-08-11,478.6505432128906,0.027999923970421836,475.29815673828125,1
2022-08-12,481.4441833496094,0.005836492147207828,475.48438720703126,1
2022-08-15,487.0315856933594,0.011605503892218705,477.5330810546875,1
2022-08-16,488.89410400390625,0.0038242248865549833,480.32676391601564,1
2022-08-17,490.75653076171875,0.003809468640672442,485.3553894042969,0
2022-08-18,484.2379150390625,-0.013282789558681007,486.4728637695313,0
2022-08-19,483.30670166015625,-0.0019230492904115382,486.8453674316406,0
2022-08-22,476.7881164550781,-0.013487471170349652,484.7966735839844,0
2022-08-23,469.33831787109375,-0.01562496699660565,480.88551635742186,0
2022-08-24,468.4070739746094,-0.001984163365796543,476.415625,1
2022-08-25,473.0632019042969,0.009940345029759046,474.18068237304686,1
2022-08-26,476.7881164550781,0.007874031494706779,472.87696533203126,0
2022-08-29,464.216552734375,-0.026367191812943558,470.36265258789064,0
2022-08-30,461.88848876953125,-0.0050150386735042796,468.8726867675781,1
2022-08-31,470.2695007324219,0.01814509814959364,469.24517211914065,0
2022-09-01,456.7667541503906,-0.028712783969620403,465.9858825683594,0
2022-09-02,451.64501953125,-0.01121301971433386,460.95726318359374,1
2022-09-05,452.5762634277344,0.002061893425617578,458.62920532226565,1
2022-09-06,455.36993408203125,0.006172817445480039,457.32549438476565,0
2022-09-07,440.0046691894531,-0.03374237898150345,451.27252807617185,1
2022-09-08,442.33270263671875,0.0052909289611724475,448.3857177734375,1
2022-09-12,453.0418395996094,0.02421059283895155,448.6650817871094,1
2022-09-13,459.0948181152344,0.013360749464055077,449.9687927246094,0
2022-09-14,446.9888610839844,-0.026369186829312774,448.292578125,0
2022-09-15,446.2864074707031,-0.0015715237547032634,449.54892578125,0
2022-09-16,442.07171630859375,-0.00944391559222213,449.496728515625,0
2022-09-19,437.3887634277344,-0.010593197230447493,446.36611328125,1
2022-09-20,446.2864074707031,0.020342644317699277,443.80443115234374,0
2022-09-21,441.13519287109375,-0.011542396347680728,442.6336975097656,0
2022-09-22,435.0472717285156,-0.013800579144355618,440.3858703613281,0
2022-09-23,426.1496887207031,-0.02045199128007613,437.20146484375,0
2022-09-26,418.1885986328125,-0.018681440579693342,433.36143188476564,1
2022-09-27,419.5935363769531,0.0033595792633605015,428.0228576660156,0
2022-09-28,410.22760009765625,-0.02232145032587618,421.8413391113281,0
2022-09-29,407.41778564453125,-0.006849403727238523,416.31544189453126,0
2022-09-30,395.24212646484375,-0.029884947610781643,410.13392944335936,0
2022-10-03,390.5591735839844,-0.011848314153010464,404.60804443359376,1
2022-10-04,401.79827880859375,0.028776958742187997,401.0489929199219,1
2022-10-05,416.78375244140625,0.03729601250967818,402.3602233886719,1
2022-10-06,422.4032287597656,0.013482954374881562,405.35731201171876,0
2022-10-07,410.22760009765625,-0.028824658130238934,408.3544067382812,0
2022-10-11,376.0419616699219,-0.08333334573197015,405.4509643554687,0
2022-10-12,372.2955627441406,-0.0099627150894126,399.5504211425781,0
2022-10-13,369.95416259765625,-0.0062890895857748985,390.18450317382815,1
2022-10-14,385.87615966796875,0.04303775624124673,382.87908935546875,0
2022-10-17,371.8272705078125,-0.03640776660637646,375.1990234375,1
2022-10-18,381.19317626953125,0.02518886188451841,376.22926635742186,0
2022-10-19,370.4223937988281,-0.02825544406673064,375.85463256835936,1
2022-10-20,372.2955627441406,0.005056845851306058,376.3229125976562,0
2022-10-21,364.8028869628906,-0.020125611291261447,372.10825805664064,0
2022-10-24,362.46136474609375,-0.006418595631988655,370.2350769042969,0
2022-10-25,347.47589111328125,-0.0413436440137831,363.4916198730469,1
2022-10-26,352.1588134765625,0.01347697058428321,359.8389038085937,1
2022-10-27,361.0564270019531,0.02526591181277582,357.59107666015626,0
2022-10-28,355.4369201660156,-0.015564068150231591,355.71788330078124,1
2022-10-31,365.27117919921875,0.02766808532048337,356.27984619140625,1
2022-11-01,366.6759948730469,0.0038459526889251805,360.1198669433594,1
2022-11-02,369.95416259765625,0.008940229986269976,363.67893676757814,0
2022-11-03,359.651611328125,-0.027848183129475346,363.3979736328125,0
2022-11-04,357.7783203125,-0.005208626783868131,363.8662536621094,1
2022-11-07,365.27117919921875,0.020942741528257258,363.8662536621094,1
2022-11-08,373.70050048828125,0.023076885801781577,365.2711547851562,1
2022-11-09,390.5591735839844,0.045112792393040335,369.39215698242185,0
2022-11-10,381.6615295410156,-0.02278180784058692,373.794140625,1
2022-11-11,413.505615234375,0.08343540867651744,384.939599609375,1
2022-11-14,416.78375244140625,0.007927672772165772,395.2421142578125,1
2022-11-15,449.564453125,0.07865158008577189,410.41490478515624,1
2022-11-16,456.12060546875,0.014583342384339115,423.5271911621094,0
2022-11-17,454.2474670410156,-0.0041066735536083865,438.04437866210935,1
2022-11-18,456.12060546875,0.0041236078649729,446.5673767089844,0
2022-11-21,451.43768310546875,-0.010266851151064849,453.4981628417969,1
2022-11-22,459.8669738769531,0.018672102677602664,455.5586669921875,1
2022-11-23,460.8036193847656,0.002036774895826987,456.4952697753906,1
2022-11-24,464.5499267578125,0.008129943462789502,458.55576171875,1
2022-11-25,466.42315673828125,0.0040323544845704,460.61627197265625,0
2022-11-28,450.0327453613281,-0.03514064672854589,460.3352844238281,1
2022-11-29,456.12060546875,0.01352759364773326,459.5860107421875,1
2022-11-30,458.9303894042969,0.006160177597456462,459.21136474609375,1
2022-12-01,466.89141845703125,0.017346920658420473,459.6796630859375,0
2022-12-02,461.2718811035156,-0.012036069054528586,458.6494079589844,0
2022-12-05,457.9938659667969,-0.0071064707627020995,460.24163208007815,0
2022-12-06,447.69134521484375,-0.022494888070618835,458.5557800292969,0
2022-12-07,444.88153076171875,-0.006276231343665062,455.7460083007812,0
2022-12-08,441.6033935546875,-0.0073685621460133355,450.6884033203125,1
2022-12-09,450.9693603515625,0.021209000957813418,448.6278991699219,0
2022-12-12,444.88153076171875,-0.013499430615636188,446.00543212890625,0
2022-12-13,441.6033935546875,-0.0073685621460133355,444.787841796875,1
2022-12-14,450.0327453613281,0.019088059398249868,445.8180847167969,1
2022-12-15,452.6231689453125,0.005756077998067877,448.02203979492185,0
2022-12-16,443.67437744140625,-0.019770953229721777,446.56304321289065,0
2022-12-19,439.4354553222656,-0.00955412873645256,445.473828125,0
2022-12-20,430.95758056640625,-0.019292650725331262,443.34466552734375,1
2022-12-21,432.3705749511719,0.003278731941339874,439.8122314453125,1
2022-12-22,440.8484191894531,0.019607819609922972,437.4572814941406,0
2022-12-23,428.6026306152344,-0.027777775854870845,434.44293212890625,1
2022-12-26,430.01556396484375,0.003296604473895126,432.5589538574219,1
2022-12-27,430.48663330078125,0.0010954704327306164,432.4647644042969,0
2022-12-28,424.8346862792969,-0.013129204449735754,430.95758666992185,0
2022-12-29,420.1247863769531,-0.01108642974422136,426.8128601074219,1
2022-12-30,422.479736328125,0.005605358282905204,425.58828125,1
2023-01-03,426.7186584472656,0.010033432978306056,424.92890014648435,0
2023-01-04,423.4216613769531,-0.007726395377951278,423.5159057617187,1
2023-01-05,431.8995666503906,0.020022370244043852,424.9288818359375,0
2023-01-06,431.8995666503906,0.0,427.283837890625,1
2023-01-09,453.0941467285156,0.04907293666094681,433.40671997070314,1
2023-01-10,457.80413818359375,0.010395171707879625,439.6238159179687,0
2023-01-11,456.3911437988281,-0.003086460490225984,446.21771240234375,1
2023-01-12,458.27508544921875,0.004127910184035022,451.49281616210936,1
2023-01-13,470.991943359375,0.027749398372138634,459.31129150390626,1
2023-01-16,475.7017517089844,0.009999764148865165,463.8328125,0
2023-01-17,473.81787109375,-0.003960213744150454,467.0355590820312,1
2023-01-30,511.4971618652344,0.07952273029403978,478.0567626953125,0
2023-01-31,491.7154846191406,-0.0386740703974926,484.7448425292969,1
2023-02-01,499.25140380859375,0.0153257715593198,490.3967346191406,1
2023-02-02,508.6711730957031,0.01886778728161742,496.99061889648436,1
2023-02-03,510.55517578125,0.0037037732531235434,504.33807983398435,0
2023-02-06,495.4835205078125,-0.029520130219764962,501.1353515625,0
2023-02-07,492.6575012207031,-0.005703558584981838,501.3237548828125,1
2023-02-08,508.6711730957031,0.03250467482038011,503.20770874023435,0
2023-02-09,508.6711730957031,0.0,503.20770874023435,1
2023-02-10,513.3811645507812,0.009259403135455369,503.7729064941406,0
2023-02-13,509.61322021484375,-0.007339467429107072,506.5988464355469,1
2023-02-14,513.3811645507812,0.007393733495275168,510.7435791015625,0
2023-02-15,494.5415344238281,-0.03669715881266933,507.9176513671875,1
2023-02-16,497.36737060546875,0.005714052278607662,505.6568908691406,0
2023-02-17,487.9476318359375,-0.018939197314178813,500.5701843261719,0
2023-02-20,487.00555419921875,-0.0019306941467758243,496.04865112304685,0
2023-02-21,486.0635986328125,-0.0019341782825353926,490.58513793945315,0
2023-02-22,477.58575439453125,-0.017441841483557985,487.19398193359376,1
2023-02-23,487.9476318359375,0.021696370434127976,485.3100341796875,0
2023-02-24,481.35369873046875,-0.01351360817278402,483.9912475585937,1
2023-03-01,491.7154846191406,0.021526345213509712,484.9332336425781,0
2023-03-02,488.88958740234375,-0.005747016933960625,485.49843139648436,0
2023-03-03,486.0635986328125,-0.005780423315102312,487.1940002441406,1
2023-03-06,490.7735900878906,0.009690072386260296,487.7591918945312,1
2023-03-07,493.59942626953125,0.005757922265406723,490.2083374023438,0
2023-03-08,490.7735900878906,-0.005724958399967006,490.01995849609375,1
2023-03-09,491.7154846191406,0.001919203784134682,490.58513793945315,0
2023-03-10,483.2377014160156,-0.017241236992346254,490.01995849609375,1
2023-03-13,486.0635986328125,0.005847840945597316,489.0779602050781,0
2023-03-14,480.4117431640625,-0.011627810608832667,486.4404235839844,1
2023-03-15,481.35369873046875,0.001960725523074025,484.5564453125,0
2023-03-16,478.2754821777344,-0.006394916172562715,481.8684448242187,1
2023-03-17,490.5876159667969,0.02574276593272473,483.338427734375,0
2023-03-20,484.9051208496094,-0.011583038242800048,483.1067321777344,1
2023-03-21,489.6405029296875,0.009765584805087713,484.9524841308594,1
2023-03-22,504.7937927246094,0.03094778659905484,489.6405029296875,1
2023-03-23,509.52923583984375,0.009380945612811553,495.89125366210936,1
2023-03-24,510.4763488769531,0.0018588001835622148,499.86900024414064,0
2023-03-27,502.8995666503906,-0.01484257251728005,503.4678894042969,0
2023-03-28,497.21710205078125,-0.011299402458144758,504.98320922851565,1
2023-03-29,501.95257568359375,0.009523955658968575,504.4149658203125,1
2023-03-30,506.6879577636719,0.009433923261832344,503.8467102050781,0
2023-03-31,504.7937927246094,-0.0037383265381372155,502.7101989746094,0
2023-04-06,501.95257568359375,-0.005628470638832983,502.52080078125,1
2023-04-07,502.8995666503906,0.0018866144187170697,503.65729370117185,0
2023-04-10,501.0055236816406,-0.003766244980812905,503.46788330078124,0
2023-04-11,496.27008056640625,-0.009451878056026097,501.3843078613281,0
2023-04-12,492.4817199707031,-0.007633667118072784,498.92189331054686,0
2023-04-13,483.0108947753906,-0.019230815705963522,495.13355712890626,1
2023-04-14,488.6933898925781,0.011764734871725802,492.2923217773438,1
2023-04-17,492.4817199707031,0.007751956863909504,490.5875610351562,0
2023-04-18,487.746337890625,-0.00961534588605606,488.8828125,0
2023-04-19,483.0108947753906,-0.00970882351616198,486.9886474609375,1
2023-04-20,485.8521728515625,0.005882430617829337,487.55690307617186,0
2023-04-21,483.9580383300781,-0.00389858197065851,486.6098327636719,0
2023-04-24,480.169677734375,-0.007827869971485657,484.1474243164063,0
2023-04-25,471.6459655761719,-0.01775145860609373,480.92734985351564,0
2023-04-26,465.48992919921875,-0.013052240083158084,477.42315673828125,1
2023-04-27,467.3840637207031,0.0040691203024367795,473.7295349121094,1
2023-04-28,475.4342956542969,0.017224018871136337,472.0247863769531,0
2023-05-02,474.48724365234375,-0.0019919724147156037,470.8882995605469,0
2023-05-03,469.7518615722656,-0.009979998711088123,470.5094787597656,1
2023-05-04,471.6459655761719,0.004032137302376393,471.7406860351563,1
2023-05-05,473.5401306152344,0.004016073871740966,472.9718994140625,1
2023-05-08,477.32843017578125,0.007999954630297124,473.35072631835936,1
2023-05-09,483.0108947753906,0.011904726893214201,475.0554565429687,0
2023-05-10,476.3813171386719,-0.013725524017013435,476.38134765625,0
2023-05-11,472.5930480957031,-0.007952178027724854,476.5707641601563,0
2023-05-12,469.7518615722656,-0.006011909262918613,475.8131103515625,0
2023-05-15,469.2783203125,-0.0010080668082520505,474.2030883789063,1
2023-05-16,478.2754821777344,0.019172336491579234,473.256005859375,1
2023-05-17,491.5346374511719,0.027722841265173104,476.286669921875,1
2023-05-18,501.95257568359375,0.021194718415864955,482.1585754394531,1
2023-05-19,503.84661865234375,0.0037733504328980594,488.97752685546874,0
2023-05-22,502.8995666503906,-0.001879643460714786,495.7017761230469,0
2023-05-23,501.95257568359375,-0.0018830618071604688,500.43719482421875,0
2023-05-24,497.21710205078125,-0.009434105655028113,501.5736877441406,1
2023-05-25,514.2645263671875,0.03428567570603236,504.03607788085935,1
2023-05-26,536.0474853515625,0.04235749865589966,510.47625122070315,1
2023-05-29,537.941650390625,0.003533576951340933,517.48466796875,0
2023-05-30,536.0474853515625,-0.0035211347507430046,524.3036499023438,0
2023-05-31,528.4708251953125,-0.0141343078053634,530.55439453125,0
2023-06-01,521.8411865234375,-0.012544947338246737,532.0697265625,1
2023-06-02,532.2591552734375,0.019963868355055814,531.312060546875,0
2023-06-05,525.6295776367188,-0.012455544580182831,528.8496459960937,1
2023-06-06,530.364990234375,0.009009029931205781,527.7131469726562,1
2023-06-07,537.941650390625,0.014285747166119966,529.6073120117187,0
2023-06-08,529.4178466796875,-0.015845219838895086,531.1226440429688,1
2023-06-09,535.100341796875,0.010733478579964872,531.6908813476563,1
2023-06-12,543.6240234375,0.015929127632403173,535.2897705078125,1
2023-06-13,561.6185913085938,0.03310112705709467,541.5404907226563,0
2023-06-14,558.77734375,-0.005059034018039754,545.7076293945313,1
2023-06-15,562.3453979492188,0.0063854668395701975,552.2931396484375,0
2023-06-16,560.4423828125,-0.0033840681254949656,557.3615478515625,0
2023-06-19,554.7332763671875,-0.01018678569001541,559.5833984375,0
2023-06-20,554.7332763671875,0.0,558.2063354492187,0
2023-06-21,552.8302001953125,-0.0034306147710081447,557.0169067382812,0
2023-06-26,546.1696166992188,-0.012048154195882566,553.7817504882812,0
2023-06-27,544.2666015625,-0.0034842933010804655,550.5465942382813,1
2023-06-28,546.1696166992188,0.0034964760491558167,548.8338623046875,0
2023-06-29,545.218017578125,-0.001742314277467072,546.930810546875,1
2023-06-30,548.0726928710938,0.005235841811775277,545.9793090820312,1
2023-07-03,550.92724609375,0.005208347833756566,546.9308349609375,1
2023-07-04,556.6362915039062,0.010362612215379041,549.4047729492188,0
2023-07-05,553.7816772460938,-0.005128329398178422,550.9271850585938,0
2023-07-06,537.60595703125,-0.029209561961826114,549.4047729492188,0
2023-07-07,537.60595703125,0.0,547.31142578125,0
2023-07-10,537.60595703125,0.0,544.64716796875,1
2023-07-11,549.0241088867188,0.021238886411381497,543.1247314453125,1
2023-07-12,549.9757080078125,0.0017332556179059377,542.3635375976562,1
2023-07-13,556.6362915039062,0.01211068670691029,546.1696044921875,1
2023-07-14,562.3453979492188,0.01025643949640398,551.1174926757812,0
2023-07-17,562.3453979492188,0.0,556.065380859375,0
2023-07-18,552.8302001953125,-0.016920557701026073,556.8265991210938,0
2023-07-19,552.8302001953125,0.0,557.3974975585937,0
2023-07-20,550.92724609375,-0.003442203593237436,556.2556884765625,0
2023-07-21,532.8484497070312,-0.03281521564762535,550.356298828125,0
2023-07-24,530.9453735351562,-0.003571514889311067,544.0762939453125,1
2023-07-25,541.4121704101562,0.019713509895207704,541.7926879882813,0
2023-07-26,538.5576171875,-0.005272421601630661,538.9381713867188,1
2023-07-27,541.4121704101562,0.00530036737306494,537.03515625,0
2023-07-28,539.509033203125,-0.0035151356231787334,538.3672729492188,0
2023-07-31,537.60595703125,-0.0035274222575593095,539.6993896484375,1
2023-08-01,539.509033203125,0.003539909011395892,539.3187622070312,0
2023-08-02,533.7999877929688,-0.010581927379901379,538.367236328125,0
2023-08-04,527.1393432617188,-0.012477790714812254,535.5126708984375,1
2023-08-07,530.9453735351562,0.007220159758684286,533.7999389648437,0
2023-08-08,525.2362060546875,-0.010752834029715386,531.3259887695312,1
2023-08-09,527.1393432617188,0.0036233930279230275,528.85205078125,0
2023-08-10,524.28466796875,-0.005415409283065831,526.9489868164062,0
2023-08-11,519.5272216796875,-0.009074166344582246,525.4265625,0
2023-08-14,514.76953125,-0.00915773078127724,522.1913940429688,1
2023-08-15,515.7211303710938,0.0018485925512783385,520.28837890625,0
2023-08-16,515.7211303710938,0.0,518.004736328125,1
2023-08-17,517.6241455078125,0.003690008077329443,516.6726318359375,0
2023-08-18,512.8667602539062,-0.009190810156738394,515.3405395507813,0
2023-08-21,510.96356201171875,-0.0037109019138719113,514.579345703125,1
2023-08-22,514.76953125,0.0074486118409240465,514.3890258789063,1
2023-08-23,525.2362060546875,0.020332739545154466,516.292041015625,1
2023-08-24,536.6544189453125,0.02173919611595876,520.098095703125,0
2023-08-25,519.5272216796875,-0.03191476052556341,521.4301879882812,1
2023-08-28,522.3817749023438,0.005494520986652374,523.7138305664063,1
2023-08-29,525.2362060546875,0.005464262517346441,525.8071655273437,1
2023-08-30,528.0908813476562,0.00543503143930546,526.3781005859375,0
2023-08-31,522.3817749023438,-0.010810840798355037,523.5235717773437,0
2023-09-01,521.43017578125,-0.0018216545193822098,523.9041625976563,1
2023-09-04,529.993896484375,0.016423523418632513,525.4265869140625,0
2023-09-05,525.2362060546875,-0.008976877773964609,525.4265869140625,0
2023-09-06,523.3331298828125,-0.003623276822765087,524.4750366210938,0
2023-09-07,515.7211303710938,-0.014545227651502346,523.1429077148438,0
2023-09-08,512.8667602539062,-0.005534716243124627,521.430224609375,0
2023-09-11,510.01214599609375,-0.0055659958473410764,517.4338745117187,1
2023-09-12,517.6241455078125,0.014925133786474643,515.9114624023438,0
2023-09-13,514.76953125,-0.005514839836174956,514.1987426757812,1
2023-09-14,526.25146484375,0.022304998444388824,516.3048095703125,1
2023-09-15,533.906005859375,0.014545405622572005,520.5126586914063,0
2023-09-18,516.6832275390625,-0.032258071891494655,521.846875,0
2023-09-19,514.7695922851562,-0.0037036914533122856,521.2759643554688,0
2023-09-20,511.899169921875,-0.005576130382019873,520.7018920898438,0
2023-09-21,504.2445983886719,-0.014953279831204536,516.3005187988281,0
2023-09-22,499.46051025390625,-0.009487633878584534,509.4114196777344,1
2023-09-25,502.3309020996094,0.005746984569899194,506.54095458984375,0
2023-09-26,496.59002685546875,-0.01142847318400142,502.90504150390626,1
2023-09-27,499.46051025390625,0.005780388737595343,500.4173095703125,1
2023-09-28,500.417236328125,0.0019155189541057993,499.65183715820314,1
2023-10-02,509.9854431152344,0.019120458074780355,501.75682373046874,0
2023-10-03,506.158203125,-0.007504606341027675,502.52228393554685,0
2023-10-04,497.54681396484375,-0.0170132363893144,502.71364135742186,1
2023-10-05,505.2013854980469,0.015384625764569781,503.86181640625,1
2023-10-06,509.0286560058594,0.007575732406274849,505.5841003417969,1
2023-10-11,520.510498046875,0.0225563765527641,507.689111328125,1
2023-10-12,526.25146484375,0.011029492812185238,511.707763671875,1
2023-10-13,529.1218872070312,0.005454469117978533,518.0227783203125,0
2023-10-16,521.4673461914062,-0.014466498552969442,521.2759704589844,1
2023-10-17,527.208251953125,0.01100913758770905,524.9118896484375,0
2023-10-18,516.6832275390625,-0.01996369437517509,524.146435546875,1
2023-10-19,522.424072265625,0.011110956231162872,523.38095703125,1
2023-10-20,531.9923706054688,0.018315194202955354,523.9550537109375,0
2023-10-23,520.510498046875,-0.02158277673329423,523.7636840820312,0
2023-10-24,520.510498046875,0.0,522.4241333007812,0
2023-10-25,520.510498046875,0.0,523.1895874023437,0
2023-10-26,508.0719299316406,-0.02389686310248873,520.3191589355469,1
2023-10-27,509.9854431152344,0.0037662249592320673,515.9177734375,0
2023-10-30,509.0286560058594,-0.001876106705184566,513.6214050292969,0
2023-10-31,506.158203125,-0.005639079150047577,510.7509460449219,0
2023-11-01,505.2013854980469,-0.0018903528996384589,507.6891235351562,1
2023-11-02,523.3810424804688,0.0359849705568398,510.7509460449219,1
2023-11-03,525.2945556640625,0.0036560613172480494,513.8127685546875,1
2023-11-06,526.25146484375,0.0018216620929523142,517.2573303222656,1
2023-11-07,531.0355224609375,0.009090820523621534,522.2327941894531,1
2023-11-08,531.9923706054688,0.0018018533677313098,527.5909912109375,1
2023-11-09,532.94921875,0.0017986125316840074,529.5046264648438,0
2023-11-10,532.94921875,0.0,531.0355590820312,1
2023-11-13,546.3446655273438,0.02513456499431954,535.05419921875,1
2023-11-14,547.301513671875,0.0017513635712131936,538.3073974609375,1
2023-11-15,555.9129028320312,0.015734268853710986,543.09150390625,1
2023-11-16,557.8265380859375,0.0034423292644538694,548.0669677734375,0
2023-11-17,554.9560546875,-0.005145835134138577,552.4683349609375,0
2023-11-20,552.0855102539062,-0.0051725616998812285,553.61650390625,1
2023-11-21,559.7401123046875,0.013864884893032059,556.1042236328125,0
2023-11-22,552.0855102539062,-0.013675278727593776,555.3387451171875,1
2023-11-23,553.0423583984375,0.0017331520693075753,554.3819091796875,0
2023-11-24,550.1719970703125,-0.005190129263221932,553.42509765625,0
2023-11-27,543.4741821289062,-0.012174038259076037,551.70283203125,1
2023-11-28,550.1719970703125,0.012324071982903417,549.789208984375,0
2023-11-29,549.215087890625,-0.0017392909577060855,549.2151245117187,1
2023-11-30,552.0855102539062,0.005226408426443063,549.0237548828125,1
2023-12-01,553.9992065429688,0.0034663041386149285,549.7891967773437,0
2023-12-04,549.215087890625,-0.008635605603476093,550.9373779296875,0
2023-12-05,545.3877563476562,-0.00696872978793861,549.9805297851562,0
2023-12-06,545.3877563476562,0.0,549.2150634765625,0
2023-12-07,541.5606079101562,-0.007017298047043763,547.1100830078125,1
2023-12-08,545.3877563476562,0.007066888509983604,545.38779296875,1
2023-12-11,549.215087890625,0.0070176337815126555,545.38779296875,1
2023-12-12,553.0423583984375,0.006968618656330028,546.9187133789062,0
2023-12-13,552.0855102539062,-0.0017301534502749405,548.2582641601563,1
2023-12-14,559.7802124023438,0.013937518745780197,551.9021850585938,1
2023-12-15,562.6655883789062,0.0051544801202951795,555.3577514648438,0
2023-12-18,562.6655883789062,0.0,558.0478515625,0
2023-12-19,562.6655883789062,0.0,559.9724975585938,0
2023-12-20,562.6655883789062,0.0,562.0885131835937,0
2023-12-21,554.9710693359375,-0.01367511929268217,561.1266845703125,1
2023-12-22,559.7802124023438,0.008665574355363637,560.549609375,0
2023-12-25,558.8182983398438,-0.0017183781083862648,559.7801513671875,1
2023-12-26,563.6275024414062,0.008606024741583784,559.9725341796875,1
2023-12-27,569.3984985351562,0.010239025009873393,561.3191162109375,1
2023-12-28,570.3602294921875,0.0016890296681593142,564.3969482421875,0
2023-12-29,570.3602294921875,0.0,566.5129516601562,0
2024-01-02,570.3602294921875,0.0,568.821337890625,0
2024-01-03,555.932861328125,-0.025295186126332303,567.2824096679688,1
2024-01-04,557.8565673828125,0.0034603208202008684,564.9740234375,0
2024-01-05,554.0092163085938,-0.006896667170682602,561.7038208007813,1
2024-01-08,560.7420654296875,0.01215295508250791,559.7801879882812,1
2024-01-09,563.6275024414062,0.0051457473758593775,558.433642578125,0
2024-01-10,561.703857421875,-0.0034129722399968143,559.587841796875,1
2024-01-11,563.6275024414062,0.003424660511253119,560.7420288085938,0
2024-01-12,561.703857421875,-0.0034129722399968143,562.28095703125,1
2024-01-15,563.6275024414062,0.003424660511253119,562.8580444335937,0
2024-01-16,557.8565673828125,-0.010238916719990443,561.703857421875,1
2024-01-17,558.8182983398438,0.0017239753249536083,561.1267456054687,1
2024-01-18,565.5510864257812,0.012048259883292056,561.5114624023438,1
2024-01-19,602.1004028320312,0.06462602103240145,569.590771484375,0
2024-01-22,602.1004028320312,0.0,577.2853515625,1
2024-01-23,604.0239868164062,0.0031947893994543897,586.5188354492187,0
2024-01-24,603.0620727539062,-0.0015925097073874461,595.3675903320312,1
2024-01-25,617.489501953125,0.023923622212445483,605.7552734375,1
2024-01-26,619.4131469726562,0.0031152675688359555,609.217822265625,1
2024-01-29,623.2604370117188,0.006211185632506888,613.4498291015625,0
2024-01-30,617.489501953125,-0.009259267419993833,616.1429321289063,0
2024-01-31,604.0239868164062,-0.0218068729818518,616.3353149414063,0
2024-02-01,604.0239868164062,0.0,613.6422119140625,1
2024-02-02,610.7567749023438,0.011146557476009455,611.9109375,1
2024-02-05,621.336669921875,0.017322599526174542,611.5261840820312,1
2024-02-15,670.3897094726562,0.07894760107583698,622.1062255859375,0
2024-02-16,656.9241333007812,-0.020086191630935613,632.6862548828125,0
2024-02-19,652.1150512695312,-0.007320604903166328,642.3044677734375,1
2024-02-20,660.771484375,0.013274395505235681,652.3074096679687,0
2024-02-21,655.0004272460938,-0.008733816857071086,659.0401611328125,1
2024-02-22,665.5805053710938,0.01615278049433222,658.0783203125,1
2024-02-23,670.3897094726562,0.007225578367685337,660.771435546875,1
2024-02-26,671.3513793945312,0.0014344938597452561,664.618701171875,0
2024-02-27,671.3513793945312,0.0,666.7346801757812,0
2024-02-29,663.656982421875,-0.011461057813861308,668.4659912109375,0
2024-03-01,662.6951904296875,-0.0014492305779374437,667.8889282226562,1
2024-03-04,697.3207397460938,0.05224958595814644,673.2751342773438,1
2024-03-05,702.1296997070312,0.006896338638498811,679.4307983398437,1
2024-03-06,706.9389038085938,0.006849452606219497,686.5483032226563,1
2024-03-07,730.984375,0.034013506771041424,700.0137817382813,1
2024-03-08,754.0682373046875,0.031579146003890335,718.2883911132812,0
2024-03-11,736.75537109375,-0.0229592831980564,726.1753173828125,1
2024-03-12,740.6026611328125,0.005221936873498478,733.8699096679687,1
2024-03-13,749.259033203125,0.011688281077834484,742.333935546875,1
2024-03-14,754.0682373046875,0.006418613441339316,746.9507080078125,0
2024-03-15,724.251708984375,-0.039540888801904095,740.98740234375,1
2024-03-18,738.262939453125,0.019345802426062653,741.288916015625,0
2024-03-19,736.3303833007812,-0.002617707119058843,740.4344604492187,0
2024-03-20,732.4651489257812,-0.005249320770485011,737.07568359375,1
2024-03-21,757.58935546875,0.03430089005574577,737.7799072265625,1
2024-03-22,758.5556030273438,0.0012754238844814303,744.6406860351562,0
2024-03-25,753.7239990234375,-0.006369479026486213,747.7328979492188,1
2024-03-26,755.6566772460938,0.0025641723298719388,751.5981567382812,0
2024-03-27,752.7577514648438,-0.0038363000930724533,755.6566772460938,0
2024-03-28,743.094482421875,-0.012837156474528877,752.7577026367187,1
2024-03-29,749.8587036132812,0.009102774077073494,751.0183227539062,0
2024-04-01,744.0608520507812,-0.007731925407496565,749.085693359375,1
2024-04-02,763.3870849609375,0.025973995079689116,750.6317749023438,0
2024-04-03,753.7239990234375,-0.012658173196622102,750.8250244140625,1
2024-04-08,756.6229858398438,0.00384621800574525,753.5307250976563,1
2024-04-09,791.41015625,0.04597688817442269,761.841015625,0
2024-04-10,787.544921875,-0.004883983790800683,770.5378295898438,1
2024-04-11,792.3765258789062,0.0061350201997405485,776.3357177734375,0
2024-04-12,790.4439086914062,-0.0024390136814771424,783.6796997070312,0
2024-04-15,778.8482055664062,-0.014669862083189322,788.1247436523438,0
2024-04-16,761.45458984375,-0.022332484813272435,782.1336303710938,1
2024-04-17,776.9154663085938,0.02030439723006494,780.0077392578125,0
2024-04-18,776.9154663085938,0.0,776.91552734375,0
2024-04-19,724.734619140625,-0.06716412458088761,763.7736694335938,0
2024-04-22,717.0040893554688,-0.010666704171415131,751.4048461914062,1
2024-04-23,728.5999145507812,0.0161726067779282,744.8339111328125,1
2024-04-24,756.6229858398438,0.03846153523959739,740.7754150390625,0
2024-04-25,740.1956176757812,-0.021711431547150606,733.4314453125,1
2024-04-26,755.6566772460938,0.020887802090561403,739.6158569335937,1
2024-04-29,768.2186889648438,0.016623967069980594,749.8587768554687,0
2024-04-30,763.3870849609375,-0.0062893601435506374,756.8162109375,0
2024-05-02,745.9935913085938,-0.02278463180082979,754.69033203125,1
2024-05-03,753.7239990234375,0.010362565851649519,757.3960083007812,1
2024-05-06,759.5218505859375,0.007692274055240311,758.16904296875,1
2024-05-07,773.0503540039062,0.017811868621728344,759.1353759765625,1
2024-05-08,774.9829711914062,0.002499988749103288,761.4545532226563,0
2024-05-09,769.1849975585938,-0.007481420687088236,766.0928344726562,1
2024-05-10,774.9829711914062,0.007537814246527663,770.34462890625,1
2024-05-13,791.41015625,0.02119683356827795,776.7222900390625,1
2024-05-14,797.2079467773438,0.0073258985641728724,781.55380859375,1
2024-05-15,810.7364501953125,0.016969855196071082,788.7045043945312,1
2024-05-16,812.6690673828125,0.00238377981776261,797.401318359375,0
2024-05-17,806.8712768554688,-0.00713425767024134,803.7789794921875,0
2024-05-20,806.8712768554688,0.0,806.8712036132813,1
2024-05-21,812.6690673828125,0.0071855210287554705,809.963427734375,1
2024-05-22,834.8943481445312,0.027348500950448162,814.7950073242188,1
2024-05-23,845.5237426757812,0.012731424706458716,821.3659423828125,0
2024-05-24,837.7932739257812,-0.009142816883575433,827.550341796875,1
2024-05-27,839.7258911132812,0.0023067948235535596,834.1212646484375,0
2024-05-28,835.860595703125,-0.004603044220813257,838.7595703125,0
2024-05-29,828.1300048828125,-0.009248660434590161,837.4067016601563,0
2024-05-30,809.7702026367188,-0.022170193252075032,830.2559936523437,0
2024-05-31,793.3428344726562,-0.020286456713982326,821.3659057617188,1
2024-06-03,817.5006713867188,0.030450690249342882,816.9208618164063,0
2024-06-04,810.7364501953125,-0.008274269891341057,811.8960327148437,1
2024-06-05,825.2312622070312,0.01787857448400998,811.3162841796875,1
2024-06-06,863.8837890625,0.04683841806004163,822.1390014648438,0
2024-06-07,849.3889770507812,-0.016778659578099875,833.3482299804688,1
2024-06-11,853.2542724609375,0.00455067762190331,840.4989501953125,1
2024-06-12,878.3782958984375,0.02944494302388656,854.0273193359375,1
2024-06-13,891.473876953125,0.014908816754508836,867.2758422851563,1
2024-06-14,894.3839111328125,0.0032642955165813614,873.3758666992187,0
2024-06-17,893.4138793945312,-0.0010845809346599067,882.1808471679688,1
2024-06-18,914.7550048828125,0.023887165825926315,894.4809936523437,1
2024-06-19,951.6167602539062,0.040296861098689574,909.1286865234375,0
2024-06-20,951.6167602539062,0.0,921.1572631835937,0
2024-06-21,940.9462280273438,-0.01121305621363311,930.4697265625,0
2024-06-24,911.8448486328125,-0.030927781554043854,934.1559204101562,1
2024-06-25,916.6950073242188,0.005319061349831955,934.5439208984375,1
2024-06-26,931.2457885742188,0.015873088795883117,930.4697265625,0
2024-06-27,931.2457885742188,0.0,926.3955322265625,1
2024-06-28,937.0661010742188,0.006250028264730423,925.6195068359375,1
2024-07-01,939.006103515625,0.0020702941224555182,931.0517578125,0
2024-07-02,931.2457885742188,-0.0082643924382938,933.9619140625,1
2024-07-03,949.6766967773438,0.019791668783107896,937.648095703125,1
2024-07-04,974.89794921875,0.026557724883629064,946.3785278320313,0
2024-07-05,974.89794921875,0.0,953.9448974609375,1
2024-07-08,1003.999267578125,0.029850630399516076,966.9435302734375,1
2024-07-09,1008.849609375,0.004831021250219836,982.4642944335938,1
2024-07-10,1013.7000122070312,0.004807855191653498,995.2689575195312,1
2024-07-11,1047.6514892578125,0.03349262764322347,1009.8196655273438,0
2024-07-12,1008.849609375,-0.037037011144136156,1016.6099975585937,0
2024-07-15,1008.849609375,0.0,1017.5800659179688,1
2024-07-16,1023.4002075195312,0.014422960577390231,1020.490185546875,0
2024-07-17,999.1491088867188,-0.02369659342906638,1017.5800048828125,0
2024-07-18,974.89794921875,-0.024271812337389842,1003.029296875,0
2024-07-19,940.9462280273438,-0.034825923286241345,989.4486206054687,0
2024-07-22,910.874755859375,-0.0319587573362321,969.8536499023437,1
2024-07-23,949.6766967773438,0.042598546801706716,955.1089477539062,0
2024-07-26,896.3240966796875,-0.056179750728541866,934.5439453125,1
2024-07-29,915.7249755859375,0.021644937336972037,922.7093505859375,0
2024-07-30,911.8448486328125,-0.004237218659065456,916.8890747070312,0
2024-07-31,906.0244750976562,-0.006383074427500635,915.9190185546875,1
2024-08-01,931.2457885742188,0.027837342334316117,912.2328369140625,0
2024-08-02,875.953125,-0.05937494080791972,908.158642578125,0
2024-08-05,790.5888671875,-0.09745299762758419,883.1314208984375,1
2024-08-06,853.6419677734375,0.07975460217425945,871.4908447265625,1
2024-08-07,892.4439086914062,0.04545458445438921,868.7747314453125,0
2024-08-08,869.1627197265625,-0.026087005287515508,856.3581176757813,1
2024-08-09,906.0244750976562,0.04241064939219941,862.3723876953125,1
2024-08-12,911.8448486328125,0.006424079807037186,886.623583984375,1
2024-08-13,912.8148803710938,0.0010638122699664354,898.4581665039062,1
2024-08-14,919.6051635742188,0.007438839297146949,903.8904174804687,0
2024-08-15,914.7550048828125,-0.0052741751389859814,913.0088745117188,1
2024-08-16,939.9761962890625,0.02757152600600543,919.79921875,1
2024-08-19,943.8563842773438,0.004127964094835512,926.2015258789063,0
2024-08-20,943.8563842773438,0.0,932.4098266601562,0
2024-08-21,929.3057250976562,-0.015416179221829474,934.3499389648438,0
2024-08-22,922.515380859375,-0.007306900253485127,935.9020141601562,0
2024-08-23,920.5752563476562,-0.0021030809371561654,932.021826171875,1
2024-08-26,921.5452880859375,0.0010537234534522266,927.5596069335937,0
2024-08-27,913.7848510742188,-0.008421113006651382,921.5453002929687,1
2024-08-28,935.1259765625,0.023354650127098475,922.7093505859375,0
2024-08-29,914.7550048828125,-0.021784200407490184,921.157275390625,1
2024-08-30,915.7249755859375,0.0010603611873643004,920.1872192382813,1
2024-09-02,919.6051635742188,0.004237285311344152,919.7991943359375,0
2024-09-03,911.8448486328125,-0.008438746593423141,919.4111938476562,0
2024-09-04,862.3724365234375,-0.05425529593499612,904.8604858398437,1
2024-09-05,874.9829711914062,0.014623072507751633,896.9060791015625,1
2024-09-06,890.5037231445312,0.017738347446912606,891.8618286132812,0
2024-09-09,872.0729370117188,-0.02069703433437653,882.3553833007812,1
2024-09-10,876.9230346679688,0.005561573407918852,875.3710205078125,0
2024-09-11,874.012939453125,-0.0033185297908676636,877.69912109375,1
2024-09-12,915.9111328125,0.04793772662632545,885.8847534179688,1
2024-09-13,922.7317504882812,0.00744681162989802,892.3303588867187,0
2024-09-16,922.7317504882812,0.0,902.4621215820313,0
2024-09-18,916.8855590820312,-0.006335743192055987,910.4546264648437,1
2024-09-19,935.398681640625,0.020191312182000987,922.7317749023438,1
2024-09-20,948.0654907226562,0.013541615281961406,929.162646484375,1
2024-09-23,951.9629516601562,0.004110961716926598,935.00888671875,1
2024-09-24,961.7067260742188,0.010235455483924127,942.8038818359375,1
2024-09-25,979.2454833984375,0.018237116210898963,955.2758666992188,1
2024-09-26,988.9890747070312,0.009950100841700005,965.9939453125,0
2024-09-27,974.37353515625,-0.014778261888394262,971.2555541992188,0
2024-09-30,932.4754028320312,-0.04300007216175061,967.3580444335937,1
2024-10-01,947.091064453125,0.01567404520988358,964.434912109375,1
2024-10-04,951.9629516601562,0.00514405360781689,958.9784057617187,1
2024-10-07,979.2454833984375,0.028659236885954842,957.0296875,1
2024-10-08,984.1173095703125,0.004975081585229857,958.9784423828125,1
2024-10-09,993.8609619140625,0.009900905358533274,971.2555541992188,1
2024-10-11,1018.2205810546875,0.024510087501285138,985.4814575195312,0
2024-10-14,1018.2205810546875,0.0,998.7329833984375,1
2024-10-15,1042.5797119140625,0.023923235605926907,1011.3998291015625,0
2024-10-16,1018.2205810546875,-0.02336428628047471,1018.2204833984375,0
2024-10-17,1008.4765625,-0.009569653900134756,1021.143603515625,1
2024-10-18,1057.1954345703125,0.04830937463686724,1028.93857421875,0
2024-10-21,1057.1954345703125,0.0,1036.733544921875,0
2024-10-22,1047.45166015625,-0.00921662551259761,1037.7079345703125,0
2024-10-23,1032.8359375,-0.013953601118040893,1040.631005859375,0
2024-10-24,1032.8359375,0.0,1045.502880859375,1
2024-10-25,1037.7078857421875,0.004717059181712946,1041.60537109375,0
2024-10-28,1023.0922241210938,-0.01408456254588486,1034.7847290039062,0
2024-10-29,1013.3485107421875,-0.009523787933464867,1027.9640991210938,0
2024-10-30,1003.604736328125,-0.009615422839005405,1022.1178588867188,0
2024-11-01,998.73291015625,-0.004854327600823716,1015.2972534179687,1
2024-11-04,1013.3485107421875,0.014634143360361396,1010.4253784179688,1
2024-11-05,1023.0922241210938,0.009615362607845457,1010.4253784179688,1
2024-11-06,1032.8359375,0.009523787933464867,1014.3228637695313,1
2024-11-07,1037.7078857421875,0.004717059181712946,1021.1434936523438,1
2024-11-08,1062.067138671875,0.023474094457965222,1033.8103393554688,0
2024-11-11,1057.1954345703125,-0.004587002011619212,1042.5797241210937,0
2024-11-12,1023.0922241210938,-0.032258189294091744,1042.5797241210937,0
2024-11-13,1008.4765625,-0.014285771386494117,1037.7078491210937,0
2024-11-14,1008.4765625,0.0,1031.8615844726562,0
2024-11-15,1008.4765625,0.0,1021.1434692382812,0
2024-11-18,998.73291015625,-0.00966175388310031,1009.4509643554687,1
2024-11-19,1013.3485107421875,0.014634143360361396,1007.5022216796875,0
2024-11-20,998.73291015625,-0.014423074027348104,1005.5534912109375,0
2024-11-21,984.1173095703125,-0.014634143360361396,1000.681640625,1
2024-11-22,1013.3485107421875,0.02970296415641549,1001.6560302734375,0
2024-11-25,1003.604736328125,-0.009615422839005405,1002.6303955078125,0
2024-11-26,984.1173095703125,-0.019417432035156446,996.7841552734375,0
2024-11-27,974.37353515625,-0.009901029398941108,991.9122802734375,1
2024-11-28,979.2454833984375,0.005000082685339136,990.9379150390625,0
2024-11-29,970.47607421875,-0.008955271510932672,982.363427734375,1
2024-12-02,1008.4765625,0.039156543155214774,983.33779296875,1
2024-12-03,1027.964111328125,0.01932374985474694,992.1071533203125,1
2024-12-04,1042.5797119140625,0.014218006664701743,1005.748388671875,1
2024-12-05,1047.45166015625,0.004672974340967251,1019.3896240234375,0
2024-12-06,1037.7078857421875,-0.009302361898599676,1032.835986328125,1
2024-12-09,1047.45166015625,0.009389708363923166,1040.631005859375,0
2024-12-10,1037.7078857421875,-0.009302361898599676,1042.5797607421875,0
2024-12-11,1018.2205810546875,-0.018779181458722705,1037.7079345703125,1
2024-12-12,1036.8043212890625,0.018251192894888968,1035.578466796875,1
2024-12-13,1041.6949462890625,0.004717018341435342,1036.37587890625,1
2024-12-16,1061.2572021484375,0.01877925579754769,1039.1369873046874,0
2024-12-17,1051.47607421875,-0.009216547986563794,1041.890625,1
2024-12-18,1061.2572021484375,0.009302282923512983,1050.49794921875,0
2024-12-19,1046.5855712890625,-0.013824764467721296,1052.45419921875,0
2024-12-20,1012.351318359375,-0.032710419356844156,1046.5854736328124,1
2024-12-23,1056.36669921875,0.043478365722589896,1045.607373046875,0
2024-12-24,1056.36669921875,0.0,1046.585498046875,1
2024-12-25,1061.2572021484375,0.004629550451850095,1046.585498046875,0
2024-12-26,1061.2572021484375,0.0,1049.51982421875,1
2024-12-27,1066.1475830078125,0.004608101456908598,1060.2790771484374,0
2024-12-30,1066.1475830078125,0.0,1062.23525390625,0
