date,ticker,ret5,ret20,ma_bias,vol20,volr,label
2022-02-09,台積電,-0.0306,0.0032,-0.0253,0.0168,0.6133,1
2022-02-09,台達電,-0.0092,-0.0443,-0.0286,0.0172,0.7908,0
2022-02-09,鴻海,0.034,0.034,0.0206,0.0163,0.644,0
2022-02-09,廣達,0.0181,0.0213,0.0277,0.0074,1.5251,0
2022-02-09,中華電,0.0128,0.026,0.0135,0.0039,1.1811,1
2022-02-09,富邦金,0.0078,0.0239,-0.0062,0.0151,0.6389,1
2022-02-09,國泰金,0.0264,0.0714,0.0214,0.0176,0.5087,0
2022-02-09,聯發科,0.0367,-0.0174,0.0247,0.0212,1.2094,1
2022-02-10,中華電,0.0214,0.0346,0.0203,0.0042,1.045,0
2022-02-10,富邦金,0.0252,0.0279,-0.0037,0.0151,0.5219,0
2022-02-10,鴻海,0.034,0.029,0.0191,0.0163,0.5687,0
2022-02-10,廣達,0.0215,0.016,0.0194,0.0076,0.9404,0
2022-02-10,台達電,0.0019,-0.0926,-0.0237,0.0113,0.8865,0
2022-02-10,台積電,0.0125,-0.0107,-0.0001,0.0153,0.7398,1
2022-02-10,國泰金,0.0444,0.0613,0.0154,0.0177,0.4744,0
2022-02-10,聯發科,0.0691,-0.0043,0.0522,0.0219,1.2858,0
2022-02-11,台積電,0.022,0.0,0.0015,0.0151,0.5991,0
2022-02-11,富邦金,0.0225,0.0211,-0.006,0.0151,0.4938,0
2022-02-11,聯發科,0.0698,-0.0213,0.0443,0.0218,0.7598,0
2022-02-11,台達電,-0.0093,-0.0861,-0.0338,0.0108,1.2405,0
2022-02-11,廣達,0.0097,0.0032,0.0063,0.0082,0.6593,0
2022-02-11,鴻海,0.0392,-0.0275,0.0158,0.0108,0.5718,0
2022-02-11,中華電,0.017,0.0346,0.0185,0.0042,0.8266,1
2022-02-11,國泰金,0.0363,0.0598,0.0094,0.0177,0.3324,0
2022-02-14,聯發科,0.0045,-0.0264,0.0048,0.0223,0.8447,0
2022-02-14,鴻海,0.0097,-0.028,-0.0019,0.0109,0.8054,0
2022-02-14,國泰金,-0.0228,0.0355,-0.0138,0.0185,0.8407,1
2022-02-14,中華電,0.0127,0.039,0.0208,0.0043,0.9244,0
2022-02-14,富邦金,-0.013,0.0026,-0.0215,0.0155,0.5527,1
2022-02-14,台達電,-0.0554,-0.1203,-0.0624,0.0128,1.2417,0
2022-02-14,台積電,0.0031,-0.0109,-0.018,0.0157,0.6421,0
2022-02-14,廣達,-0.0117,-0.0075,-0.0062,0.0086,0.7119,0
2022-02-15,鴻海,-0.0142,-0.0235,-0.0007,0.0109,0.508,1
2022-02-15,中華電,0.0169,0.039,0.0189,0.0043,0.8038,1
2022-02-15,台積電,0.008,-0.0016,-0.0241,0.0153,0.5167,1
2022-02-15,廣達,-0.0191,-0.0065,-0.008,0.0086,0.4612,1
2022-02-15,富邦金,-0.0026,0.0119,-0.0157,0.0156,0.6919,1
2022-02-15,國泰金,-0.0258,0.0371,-0.014,0.0185,0.4938,1
2022-02-15,聯發科,0.0046,0.0,0.0002,0.0212,0.5255,1
2022-02-15,台達電,-0.0576,-0.1042,-0.0666,0.0118,1.4,1
2022-02-16,台達電,-0.0408,-0.0882,-0.0437,0.013,0.759,1
2022-02-16,廣達,-0.024,0.0097,0.0023,0.0089,0.8191,0
2022-02-16,富邦金,0.0091,0.0183,-0.0012,0.0158,0.6957,1
2022-02-16,聯發科,0.0,0.032,0.0259,0.022,0.4861,0
2022-02-16,鴻海,-0.0094,0.0096,0.0132,0.0105,0.5281,1
2022-02-16,中華電,0.0211,0.0386,0.0254,0.0042,1.0916,1
2022-02-16,國泰金,-0.0182,0.0435,-0.0084,0.0186,0.4723,0
2022-02-16,台積電,0.0205,0.0047,-0.0043,0.0157,0.6017,0
2022-02-17,鴻海,-0.0047,0.0144,0.0173,0.0106,1.0024,0
2022-02-17,聯發科,-0.0259,0.0463,0.0236,0.0217,0.5094,0
2022-02-17,廣達,-0.0189,0.0119,-0.0005,0.0088,0.7668,1
2022-02-17,台積電,-0.0062,-0.0092,-0.0054,0.0154,0.4411,0
2022-02-17,國泰金,-0.0167,0.0031,-0.0101,0.0165,0.5905,0
2022-02-17,台達電,-0.0315,-0.0906,-0.0298,0.0128,0.8504,1
2022-02-17,中華電,0.0167,0.0429,0.0275,0.0042,1.4759,1
2022-02-17,富邦金,0.0103,-0.0213,0.0051,0.0119,0.9056,0
2022-02-18,廣達,0.0053,0.0261,0.01,0.0091,0.6492,1
2022-02-18,國泰金,-0.0152,-0.0015,-0.0116,0.0165,0.495,0
2022-02-18,台積電,-0.02,-0.0348,-0.016,0.0153,0.5174,0
2022-02-18,聯發科,-0.0261,0.0323,0.0129,0.0218,0.4254,1
2022-02-18,鴻海,-0.0047,0.0096,0.012,0.0107,0.4522,1
2022-02-18,中華電,0.0209,0.0427,0.0295,0.0042,1.4897,1
2022-02-18,富邦金,0.0065,-0.0275,0.0014,0.0119,0.443,0
2022-02-18,台達電,-0.0151,-0.0727,-0.0243,0.0126,0.4321,0
2022-02-21,中華電,0.0292,0.0511,0.0396,0.0048,1.0934,0
2022-02-21,富邦金,0.0197,-0.049,0.0014,0.0108,0.4997,0
2022-02-21,國泰金,0.0062,-0.0415,-0.0094,0.0133,0.4491,0
2022-02-21,聯發科,0.0226,0.0273,0.0205,0.0217,0.5343,0
2022-02-21,台積電,-0.0078,-0.0439,-0.0215,0.0153,0.6026,0
2022-02-21,台達電,0.0156,-0.0614,-0.0268,0.0121,0.4182,0
2022-02-21,廣達,0.0227,0.0271,0.0129,0.0092,0.7028,1
2022-02-21,鴻海,0.0192,0.0047,0.0165,0.0105,0.93,0
2022-02-22,國泰金,-0.0093,-0.0591,-0.0202,0.0134,0.9239,0
2022-02-22,台積電,-0.0095,-0.067,-0.0259,0.0147,0.9354,0
2022-02-22,富邦金,-0.0013,-0.0485,-0.0103,0.0107,1.1912,0
2022-02-22,聯發科,0.0091,0.0423,0.0005,0.0208,0.827,1
2022-02-22,台達電,0.0138,-0.0534,-0.0354,0.0117,0.8408,1
2022-02-22,廣達,0.026,0.0249,0.0128,0.0092,1.1865,0
2022-02-22,鴻海,0.0048,0.0097,0.0017,0.0101,1.0552,1
2022-02-22,中華電,0.0292,0.0511,0.0369,0.0048,1.5813,1
2022-02-23,台達電,0.0019,-0.053,-0.0252,0.0117,0.6232,0
2022-02-23,富邦金,-0.0167,-0.0304,-0.0088,0.0101,0.6753,0
2022-02-23,台積電,-0.0325,-0.0849,-0.0246,0.014,0.9115,0
2022-02-23,中華電,0.0372,0.0726,0.05,0.0054,2.0363,0
2022-02-23,鴻海,-0.0047,0.0145,0.0057,0.0101,0.593,0
2022-02-23,廣達,0.0096,0.0261,0.0061,0.0091,0.6082,0
2022-02-23,聯發科,-0.0088,0.0045,0.0092,0.018,0.6275,0
2022-02-23,國泰金,-0.017,-0.0421,-0.0181,0.013,0.5467,0
2022-02-24,中華電,0.0247,0.0596,0.0386,0.006,1.9774,0
2022-02-24,廣達,-0.0139,-0.0161,-0.0187,0.0102,2.0506,1
2022-02-24,富邦金,-0.0294,-0.0441,-0.0143,0.01,1.7288,0
2022-02-24,台積電,-0.0636,-0.0876,-0.0531,0.0143,2.0149,0
2022-02-24,鴻海,-0.033,-0.0097,-0.0177,0.0115,1.8113,1
2022-02-24,聯發科,-0.0619,-0.0407,-0.0429,0.0217,1.3582,1
2022-02-24,台達電,-0.0287,-0.0748,-0.0422,0.0123,1.1676,0
2022-02-24,國泰金,-0.0263,-0.0583,-0.026,0.013,1.3934,0
2022-02-25,富邦金,-0.0347,-0.047,-0.0224,0.0101,2.1244,1
2022-02-25,台積電,-0.0518,-0.0765,-0.0493,0.0142,2.2829,0
2022-02-25,國泰金,-0.0356,-0.0575,-0.034,0.0129,1.9293,1
2022-02-25,鴻海,-0.0237,-0.0048,-0.0127,0.0116,1.1213,1
2022-02-25,聯發科,-0.0313,-0.0136,-0.0197,0.0224,1.1999,1
2022-02-25,中華電,0.0205,0.0641,0.0353,0.0058,1.8562,0
2022-02-25,廣達,-0.0148,-0.0054,-0.0077,0.0105,1.5232,1
2022-02-25,台達電,-0.0574,-0.1036,-0.0636,0.0133,2.4702,1
2022-03-01,鴻海,-0.0142,0.0146,0.001,0.012,1.0928,0
2022-03-01,國泰金,-0.031,-0.0486,-0.0269,0.013,0.8913,0
2022-03-01,中華電,0.0081,0.0687,0.0319,0.0056,1.3901,0
2022-03-01,富邦金,-0.018,-0.0268,-0.0067,0.0107,1.161,0
2022-03-01,台達電,-0.0135,-0.0587,-0.0227,0.0167,1.4685,0
2022-03-01,廣達,-0.0095,0.0108,0.0013,0.0106,0.8522,0
2022-03-01,台積電,-0.0443,-0.0722,-0.0458,0.0142,1.6679,0
2022-03-01,聯發科,-0.0265,0.0092,-0.0065,0.0225,0.9158,0
2022-03-02,台達電,-0.0078,-0.0642,-0.0251,0.0167,0.9565,1
2022-03-02,富邦金,-0.0118,-0.0143,-0.0138,0.0099,0.7995,0
2022-03-02,鴻海,0.0,0.0245,-0.0002,0.0117,0.5417,0
2022-03-02,中華電,0.0,0.0556,0.0209,0.0061,1.5188,0
2022-03-02,國泰金,-0.0267,-0.0373,-0.0344,0.0124,0.6749,1
2022-03-02,廣達,-0.0169,0.0032,-0.0052,0.0108,0.8205,1
2022-03-02,聯發科,-0.027,0.0093,-0.0251,0.0225,0.6253,0
2022-03-02,台積電,-0.0415,-0.0624,-0.0475,0.0139,1.0287,1
2022-03-03,聯發科,-0.0357,-0.0092,-0.0246,0.0221,0.6612,0
2022-03-03,台達電,-0.0116,-0.0588,-0.0183,0.0168,1.0128,0
2022-03-03,富邦金,-0.0118,-0.0118,-0.0132,0.0099,0.4595,0
2022-03-03,廣達,-0.0074,-0.0043,-0.0007,0.0105,0.44,0
2022-03-03,台積電,-0.0368,-0.0781,-0.0421,0.013,0.8689,0
2022-03-03,鴻海,-0.0048,0.0146,-0.001,0.0116,0.5738,1
2022-03-03,中華電,-0.0239,0.047,0.0103,0.0066,1.1163,1
2022-03-03,國泰金,-0.0251,-0.0342,-0.0312,0.0124,0.4997,0
2022-03-04,廣達,0.0109,-0.0011,-0.0082,0.0103,0.7885,0
2022-03-04,聯發科,-0.033,-0.0553,-0.0718,0.0248,1.0718,0
2022-03-04,富邦金,-0.0198,-0.0146,-0.0282,0.0101,1.5248,0
2022-03-04,台達電,0.0039,-0.0539,-0.0213,0.0167,0.5281,0
2022-03-04,鴻海,0.0244,0.0194,0.0029,0.0116,0.7826,0
2022-03-04,中華電,-0.012,0.0513,0.0119,0.0065,0.8143,0
2022-03-04,國泰金,-0.0286,-0.0286,-0.0439,0.012,0.8842,0
2022-03-04,台積電,-0.0149,-0.0718,-0.0497,0.0127,1.4311,0
2022-03-07,富邦金,-0.0453,-0.0516,-0.0611,0.0128,2.3804,0
2022-03-07,台達電,0.002,-0.0784,-0.0463,0.0178,1.3801,0
2022-03-07,鴻海,-0.0049,0.0049,-0.0212,0.0127,1.8142,0
2022-03-07,聯發科,-0.1041,-0.0958,-0.1156,0.0271,1.748,0
2022-03-07,廣達,-0.0215,-0.0215,-0.0285,0.0114,1.7296,0
2022-03-07,國泰金,-0.0465,-0.0616,-0.0692,0.0135,1.9485,0
2022-03-07,中華電,-0.0281,0.0298,-0.006,0.0078,1.6506,1
2022-03-07,台積電,-0.0464,-0.0943,-0.0757,0.0142,2.0644,0
2022-03-08,廣達,-0.0448,-0.0438,-0.0403,0.0115,1.9284,0
2022-03-08,台達電,-0.0819,-0.131,-0.0845,0.0198,2.0219,1
2022-03-08,中華電,-0.0201,0.0295,0.0008,0.0077,1.1363,1
2022-03-08,鴻海,-0.0287,-0.0146,-0.0301,0.0126,2.3715,0
2022-03-08,台積電,-0.0679,-0.1134,-0.0913,0.0147,1.8375,1
2022-03-08,富邦金,-0.0735,-0.0843,-0.0715,0.012,2.1289,1
2022-03-08,聯發科,-0.1245,-0.1245,-0.1183,0.0263,1.3062,1
2022-03-08,國泰金,-0.0655,-0.1096,-0.0781,0.0096,1.9276,1
2022-03-09,鴻海,-0.0287,-0.0379,-0.0282,0.0112,1.1811,1
2022-03-09,台積電,-0.0549,-0.0955,-0.0787,0.015,1.1954,1
2022-03-09,聯發科,-0.1056,-0.1178,-0.1103,0.0264,1.1083,1
2022-03-09,國泰金,-0.0484,-0.1061,-0.0651,0.0099,0.6993,1
2022-03-09,廣達,-0.044,-0.0541,-0.043,0.0114,1.4339,1
2022-03-09,富邦金,-0.0516,-0.0664,-0.0539,0.0128,0.9593,1
2022-03-09,台達電,-0.0529,-0.1022,-0.0561,0.021,1.0097,1
2022-03-09,中華電,-0.0081,0.0381,0.0031,0.0076,0.4642,1
2022-03-10,聯發科,-0.0787,-0.1195,-0.0779,0.0263,1.1002,0
2022-03-10,鴻海,-0.0144,-0.0329,-0.0122,0.0115,1.008,1
2022-03-10,廣達,-0.0107,-0.0324,-0.0038,0.0143,1.4288,0
2022-03-10,中華電,0.0041,0.038,0.0053,0.0076,0.5701,0
2022-03-10,台積電,-0.0249,-0.0727,-0.0444,0.0171,1.0275,0
2022-03-10,台達電,-0.0059,-0.0557,-0.0024,0.0248,1.5064,1
2022-03-10,富邦金,-0.0238,-0.0428,-0.0241,0.0146,0.9611,0
2022-03-10,國泰金,-0.029,-0.0864,-0.0401,0.0116,0.8324,0
2022-03-11,台積電,-0.0336,-0.114,-0.0582,0.016,0.8726,0
2022-03-11,廣達,-0.0097,-0.0316,-0.0086,0.0142,0.5194,0
2022-03-11,聯發科,-0.0605,-0.1698,-0.0993,0.0257,1.0866,0
2022-03-11,台達電,0.0295,-0.0278,0.0286,0.0258,1.5837,0
2022-03-11,富邦金,-0.0228,-0.0607,-0.0356,0.0148,0.6512,0
2022-03-11,國泰金,-0.0147,-0.0836,-0.0359,0.0117,0.4718,1
2022-03-11,鴻海,-0.0143,-0.0282,-0.006,0.0116,0.9456,0
2022-03-11,中華電,-0.0041,0.0251,-0.0,0.0076,0.7564,1
2022-03-14,中華電,0.0165,0.0293,0.0026,0.0076,0.5741,1
2022-03-14,台積電,-0.0069,-0.12,-0.0571,0.016,0.754,0
2022-03-14,廣達,0.0121,-0.0192,-0.0077,0.014,0.7306,0
2022-03-14,聯發科,-0.0288,-0.1791,-0.1085,0.0258,1.6017,0
2022-03-14,鴻海,0.0,-0.033,-0.0139,0.0118,1.0137,0
2022-03-14,富邦金,0.0139,-0.0595,-0.0327,0.0149,0.7535,0
2022-03-14,國泰金,0.0303,-0.0671,-0.0181,0.0124,0.5591,1
2022-03-14,台達電,0.0425,-0.0301,0.0125,0.0259,0.6517,0
2022-03-15,國泰金,0.0479,-0.0452,-0.0142,0.0117,0.6514,1
2022-03-15,聯發科,-0.0613,-0.1819,-0.1381,0.026,1.6957,1
2022-03-15,中華電,0.0246,0.0417,0.0169,0.0083,1.3411,1
2022-03-15,富邦金,0.0297,-0.0447,-0.0305,0.0146,0.6109,1
2022-03-15,台達電,0.0679,-0.0176,-0.0102,0.0252,0.9614,0
2022-03-15,廣達,0.0156,-0.0173,-0.0176,0.0139,0.8025,1
2022-03-15,台積電,-0.0089,-0.124,-0.0742,0.0162,1.5664,1
2022-03-15,鴻海,-0.0049,-0.0288,-0.027,0.0115,1.2014,1
2022-03-16,台積電,-0.0127,-0.1141,-0.064,0.0164,0.898,1
2022-03-16,國泰金,0.0508,-0.0358,-0.001,0.0121,0.8798,1
2022-03-16,富邦金,0.0195,-0.0457,-0.0229,0.0145,0.5861,1
2022-03-16,鴻海,0.0,-0.024,-0.021,0.0115,1.3306,1
2022-03-16,廣達,0.0325,-0.0043,-0.0066,0.0142,1.2097,1
2022-03-16,中華電,0.0286,0.05,0.0225,0.0084,0.9091,0
2022-03-16,聯發科,-0.0611,-0.1755,-0.1272,0.0262,1.307,1
2022-03-16,台達電,0.0311,-0.0178,-0.0192,0.0252,1.1837,1
2022-03-17,國泰金,0.0464,-0.0262,0.0181,0.0127,1.3693,1
2022-03-17,富邦金,0.0136,-0.0386,0.0019,0.0151,0.899,0
2022-03-17,台積電,-0.0036,-0.0946,-0.0187,0.0189,1.2153,0
2022-03-17,鴻海,0.0097,-0.0142,0.0039,0.0125,1.5267,1
2022-03-17,中華電,0.0203,0.0372,0.0166,0.0084,1.4319,1
2022-03-17,廣達,-0.0022,-0.0107,-0.0017,0.014,1.558,1
2022-03-17,聯發科,-0.0271,-0.1434,-0.0612,0.0303,1.5452,1
2022-03-17,台達電,0.0236,0.0077,0.0257,0.0269,1.2034,0
2022-03-18,富邦金,0.022,-0.0499,-0.0022,0.0151,1.095,0
2022-03-18,鴻海,0.0242,0.0,0.0232,0.0132,2.6176,0
2022-03-18,廣達,0.0054,-0.0075,-0.0003,0.014,1.2722,0
2022-03-18,聯發科,0.0062,-0.1425,-0.0528,0.0303,1.053,1
2022-03-18,中華電,0.0327,0.0412,0.0226,0.0085,1.2076,0
2022-03-18,台積電,0.0154,-0.0948,-0.0153,0.0189,0.8967,1
2022-03-18,台達電,-0.0229,-0.0192,0.009,0.0271,1.4554,1
2022-03-18,國泰金,0.0498,-0.0216,0.0225,0.0127,1.0761,1
2022-03-21,中華電,0.0285,0.0369,0.0208,0.0085,0.8381,0
2022-03-21,聯發科,0.036,-0.1268,-0.0374,0.0305,0.6212,0
2022-03-21,台積電,0.0295,-0.0755,-0.0028,0.019,0.4148,0
2022-03-21,國泰金,0.0392,-0.0155,0.0281,0.0128,0.6425,0
2022-03-21,廣達,0.0,-0.0244,-0.0044,0.0137,0.6815,0
2022-03-21,富邦金,0.022,-0.045,0.0001,0.015,0.6617,0
2022-03-21,台達電,0.0136,-0.0019,0.0288,0.0275,0.7707,1
2022-03-21,鴻海,0.0195,-0.0095,0.0092,0.0135,0.6633,0
2022-03-22,國泰金,0.0375,-0.0155,0.029,0.0128,0.3791,1
2022-03-22,台達電,0.0417,0.0077,0.0323,0.0275,0.5385,1
2022-03-22,聯發科,0.0785,-0.1372,-0.0329,0.0303,0.6194,1
2022-03-22,台積電,0.05,-0.073,-0.004,0.019,0.3938,1
2022-03-22,富邦金,0.022,-0.0425,0.0024,0.0151,0.65,1
2022-03-22,鴻海,0.0297,-0.0189,0.0053,0.0135,0.6624,1
2022-03-22,中華電,0.012,0.0243,0.0195,0.0081,0.5967,0
2022-03-22,廣達,0.0044,-0.0348,-0.0092,0.0137,0.9062,1
2022-03-23,台積電,0.0573,-0.0544,0.0108,0.0193,0.5078,1
2022-03-23,國泰金,0.0452,0.0173,0.0474,0.0131,1.084,0
2022-03-23,聯發科,0.0772,-0.1198,-0.0245,0.0303,0.6511,0
2022-03-23,廣達,0.0076,-0.0222,0.0061,0.0141,0.606,0
2022-03-23,鴻海,0.0394,0.0096,0.0193,0.0135,0.6145,1
2022-03-23,台達電,0.0622,0.0292,0.0406,0.0274,0.4213,1
2022-03-23,富邦金,0.0383,-0.0078,0.0244,0.0157,1.0811,0
2022-03-23,中華電,0.004,0.0243,0.0183,0.0081,0.5852,1
2022-03-24,台積電,0.0155,-0.0497,0.0152,0.0193,0.3979,1
2022-03-24,中華電,0.012,0.012,0.0217,0.0073,0.7546,1
2022-03-24,富邦金,0.0094,-0.0131,0.0197,0.0157,0.7744,0
2022-03-24,聯發科,0.0041,-0.1321,-0.0223,0.0301,0.7317,0
2022-03-24,廣達,-0.0065,-0.0265,-0.0023,0.0142,0.5439,0
2022-03-24,國泰金,0.019,0.0094,0.0389,0.0133,0.6727,0
2022-03-24,台達電,0.023,0.029,0.0469,0.0274,0.6355,1
2022-03-24,鴻海,0.024,0.0143,0.0282,0.0137,1.5123,0
2022-03-25,鴻海,0.0,0.0341,0.0217,0.0125,0.6459,0
2022-03-25,富邦金,0.0094,-0.0119,0.0135,0.0157,0.4722,1
2022-03-25,廣達,-0.0108,-0.0044,-0.0054,0.0131,0.6519,1
2022-03-25,聯發科,0.0021,-0.084,-0.0189,0.028,0.5699,0
2022-03-25,中華電,0.0119,0.0281,0.0283,0.0072,0.8862,0
2022-03-25,國泰金,0.0032,0.0079,0.0255,0.0133,0.4422,0
2022-03-25,台達電,0.0469,0.0572,0.0498,0.0268,0.665,0
2022-03-25,台積電,0.0293,-0.005,0.0275,0.0181,0.5438,0
2022-03-28,鴻海,0.0144,0.0291,0.0202,0.0124,0.6326,0
2022-03-28,富邦金,0.0108,0.0,0.0149,0.0155,0.6374,1
2022-03-28,台達電,0.0153,0.0751,0.0343,0.0261,0.4039,1
2022-03-28,中華電,0.0119,0.0281,0.0269,0.0072,0.7872,0
2022-03-28,聯發科,-0.0143,-0.1115,-0.02,0.0272,0.4484,0
2022-03-28,台積電,-0.0034,-0.0283,0.005,0.0188,0.5877,1
2022-03-28,廣達,-0.0022,-0.0118,-0.0015,0.0128,0.7166,0
2022-03-28,國泰金,-0.0047,0.0161,0.0215,0.0131,0.4388,1
2022-03-29,國泰金,0.0031,0.0192,0.0285,0.0131,0.4183,1
2022-03-29,台積電,0.0103,-0.02,0.0146,0.0189,0.3519,1
2022-03-29,中華電,0.004,0.0201,0.0178,0.0075,0.6158,0
2022-03-29,台達電,0.0153,0.037,0.0363,0.0246,0.486,1
2022-03-29,富邦金,0.0121,-0.0131,0.0169,0.0151,0.5421,1
2022-03-29,廣達,-0.0011,-0.0267,-0.0056,0.0127,0.877,0
2022-03-29,鴻海,0.0144,0.0096,0.0149,0.0121,0.4984,0
2022-03-29,聯發科,-0.0646,-0.1709,-0.0639,0.0289,2.0552,1
2022-03-30,台達電,0.0132,0.051,0.0415,0.0246,0.7328,1
2022-03-30,中華電,0.004,0.0283,0.0164,0.0072,0.9969,0
2022-03-30,鴻海,0.0,0.0096,0.0144,0.0121,0.6435,1
2022-03-30,廣達,-0.0334,-0.0386,-0.0222,0.0132,1.8465,0
2022-03-30,國泰金,-0.0062,0.0387,0.0362,0.013,0.691,1
2022-03-30,聯發科,-0.0635,-0.1528,-0.0528,0.0289,1.6585,0
2022-03-30,富邦金,0.0026,0.0066,0.0287,0.0153,0.888,1
2022-03-30,台積電,0.0169,0.0033,0.0334,0.0194,0.9737,0
2022-03-31,富邦金,0.0132,0.0119,0.0335,0.0153,0.7165,1
2022-03-31,國泰金,0.0031,0.0386,0.0358,0.013,0.7067,1
2022-03-31,鴻海,-0.0047,0.0144,0.0185,0.0122,0.6396,0
2022-03-31,台積電,0.0102,-0.0034,0.0284,0.0194,0.5432,0
2022-03-31,台達電,0.0075,0.0488,0.0409,0.0246,0.5611,0
2022-03-31,中華電,0.0,0.0367,0.0146,0.0069,0.6109,0
2022-03-31,聯發科,-0.0689,-0.162,-0.0546,0.0289,1.2144,0
2022-03-31,廣達,-0.0381,-0.0566,-0.0336,0.0134,1.7965,0
2022-04-01,台積電,-0.0151,-0.0052,0.0149,0.0195,0.7345,0
2022-04-01,台達電,0.0019,0.055,0.0381,0.0245,0.7729,0
2022-04-01,鴻海,-0.0142,-0.0048,0.0043,0.0126,0.7393,1
2022-04-01,中華電,-0.0078,0.0325,0.013,0.0069,0.8708,0
2022-04-01,富邦金,0.028,0.0363,0.0397,0.0149,0.9618,1
2022-04-01,廣達,-0.0546,-0.0689,-0.05,0.0139,2.0044,1
2022-04-01,聯發科,-0.0731,-0.122,-0.0536,0.0271,1.3099,0
2022-04-01,國泰金,0.0236,0.0621,0.0407,0.0125,0.7755,1
2022-04-06,聯發科,-0.0851,-0.0926,-0.0681,0.0251,1.857,0
2022-04-06,中華電,-0.0078,0.0496,0.0105,0.0054,1.1226,0
2022-04-06,台積電,-0.0103,0.0084,-0.0045,0.0185,0.9897,0
2022-04-06,國泰金,0.0348,0.1027,0.0436,0.0099,1.2262,0
2022-04-06,鴻海,-0.0094,0.0244,0.0079,0.0113,1.0123,0
2022-04-06,富邦金,0.032,0.0809,0.041,0.0118,0.9365,0
2022-04-06,台達電,-0.0057,0.0668,0.0155,0.0239,0.9632,0
2022-04-06,廣達,-0.0523,-0.0429,-0.0424,0.0134,1.3497,0
2022-04-07,鴻海,-0.0237,0.0148,-0.012,0.0119,1.1632,0
2022-04-07,聯發科,-0.068,-0.1173,-0.0966,0.0261,1.6537,0
2022-04-07,國泰金,0.0157,0.1077,0.0273,0.0094,1.4461,1
2022-04-07,中華電,0.0,0.041,0.0085,0.0053,1.4876,1
2022-04-07,廣達,-0.0581,-0.0402,-0.0516,0.0133,1.2018,0
2022-04-07,富邦金,0.0106,0.0765,0.0172,0.0122,1.4668,1
2022-04-07,台積電,-0.039,0.0103,-0.0256,0.0184,1.1842,1
2022-04-07,台達電,-0.0188,0.1083,0.001,0.0211,1.1319,0
2022-04-08,聯發科,-0.082,-0.1304,-0.1012,0.026,1.6367,0
2022-04-08,鴻海,-0.0237,0.0148,-0.0127,0.0119,0.8442,0
2022-04-08,台積電,-0.055,0.0032,-0.0241,0.0183,0.8002,0
2022-04-08,富邦金,0.0026,0.0642,0.0181,0.0119,0.6869,1
2022-04-08,台達電,-0.0261,0.0807,-0.0028,0.0205,0.7233,0
2022-04-08,中華電,0.0079,0.0449,0.0143,0.0054,1.1019,1
2022-04-08,廣達,-0.0413,-0.0359,-0.051,0.0133,1.1553,0
2022-04-08,國泰金,0.0093,0.1017,0.0256,0.0094,0.7129,0
2022-04-11,國泰金,0.0047,0.0746,0.0188,0.0087,0.8434,1
2022-04-11,台積電,-0.0653,-0.0447,-0.0374,0.0169,1.0647,0
2022-04-11,聯發科,-0.0762,-0.1598,-0.0978,0.0246,0.7919,1
2022-04-11,富邦金,0.0,0.0366,0.0189,0.0102,0.8488,0
2022-04-11,廣達,-0.0306,-0.0756,-0.0506,0.0091,0.954,1
2022-04-11,台達電,-0.067,-0.0157,-0.0422,0.0193,0.9856,0
2022-04-11,中華電,0.0236,0.0569,0.0273,0.0062,1.2784,0
2022-04-11,鴻海,-0.0377,-0.0097,-0.0218,0.0117,0.9746,0
2022-04-12,鴻海,-0.0239,-0.0145,-0.0211,0.0116,0.6021,1
2022-04-12,聯發科,-0.0644,-0.1256,-0.0853,0.0241,0.9818,1
2022-04-12,廣達,-0.0092,-0.0685,-0.0462,0.0091,0.7363,1
2022-04-12,台達電,-0.0745,-0.0515,-0.0473,0.018,1.0826,1
2022-04-12,台積電,-0.0543,-0.0265,-0.0379,0.0163,0.8976,1
2022-04-12,國泰金,-0.0015,0.0763,0.0167,0.0086,0.7655,1
2022-04-12,富邦金,-0.0169,0.0426,0.0075,0.0097,0.9237,1
2022-04-12,中華電,0.0118,0.049,0.013,0.0068,0.7378,0
2022-04-13,聯發科,-0.0023,-0.0678,-0.0407,0.0265,1.2684,0
2022-04-13,台積電,-0.0087,0.0067,-0.0106,0.0176,1.0467,0
2022-04-13,鴻海,-0.0095,0.0146,-0.0026,0.0123,0.5499,0
2022-04-13,中華電,0.0118,0.0447,0.0108,0.0068,0.5805,1
2022-04-13,台達電,-0.0304,-0.0078,-0.0201,0.0189,0.7166,0
2022-04-13,國泰金,-0.0015,0.0686,0.0212,0.0083,0.8207,0
2022-04-13,富邦金,-0.0142,0.0509,0.013,0.0098,0.5616,0
2022-04-13,廣達,0.008,-0.0467,-0.0216,0.0109,0.6254,0
2022-04-14,聯發科,0.0129,-0.0476,-0.0592,0.0253,0.7959,0
2022-04-14,中華電,0.0236,0.04,0.0206,0.0064,0.8084,0
2022-04-14,台達電,-0.0307,0.006,-0.03,0.0182,0.5281,0
2022-04-14,台積電,0.0124,0.032,-0.0121,0.0166,0.6047,0
2022-04-14,國泰金,-0.0015,0.0555,0.0076,0.0089,0.6134,0
2022-04-14,富邦金,-0.0053,0.0399,0.0005,0.0102,0.5757,0
2022-04-14,廣達,-0.0047,-0.0593,-0.0421,0.0118,0.936,1
2022-04-14,鴻海,0.0097,0.0297,-0.0041,0.0117,0.3213,0
2022-04-15,台達電,-0.0441,0.002,-0.0435,0.0184,0.4585,0
2022-04-15,中華電,0.0117,0.0278,0.0153,0.0064,0.4356,1
2022-04-15,聯發科,-0.0095,-0.0827,-0.0872,0.0262,0.9098,1
2022-04-15,富邦金,-0.0157,0.0274,-0.0075,0.0104,0.516,0
2022-04-15,台積電,-0.0088,0.0072,-0.0314,0.0172,0.9186,0
2022-04-15,國泰金,-0.0154,0.0323,-0.0049,0.0091,0.7458,0
2022-04-15,鴻海,0.0,0.0148,-0.0144,0.0119,0.4418,0
2022-04-15,廣達,0.0,-0.0663,-0.0355,0.0115,0.666,0
2022-04-18,中華電,0.0,0.0359,0.0174,0.0063,0.6242,0
2022-04-18,台積電,0.0054,-0.0361,-0.0313,0.014,0.5545,1
2022-04-18,國泰金,-0.0309,-0.0048,-0.0233,0.0094,0.854,0
2022-04-18,台達電,-0.012,-0.0499,-0.0488,0.0149,0.5155,0
2022-04-18,聯發科,-0.0036,-0.1395,-0.0793,0.0202,0.5227,1
2022-04-18,富邦金,-0.034,-0.012,-0.0227,0.0097,1.225,0
2022-04-18,鴻海,0.0049,-0.0144,-0.0184,0.0106,0.4577,0
2022-04-18,廣達,-0.0047,-0.0779,-0.0395,0.0114,0.948,0
2022-04-19,國泰金,-0.0339,-0.0095,-0.0244,0.0093,0.8987,1
2022-04-19,富邦金,-0.0303,-0.0108,-0.0275,0.0097,0.8444,1
2022-04-19,聯發科,-0.0048,-0.1352,-0.067,0.0203,0.8327,1
2022-04-19,中華電,0.0078,0.0237,0.0123,0.0062,0.7912,1
2022-04-19,鴻海,0.0,-0.0377,-0.0213,0.0095,0.8149,1
2022-04-19,台達電,-0.004,-0.0332,-0.0473,0.0145,0.458,1
2022-04-19,廣達,-0.0082,-0.0811,-0.0376,0.0113,0.6355,1
2022-04-19,台積電,0.0144,-0.0275,-0.0231,0.0142,0.615,1
2022-04-20,國泰金,-0.0229,0.0047,-0.006,0.0103,1.108,0
2022-04-20,鴻海,-0.0096,-0.0144,-0.011,0.0094,0.9036,0
2022-04-20,聯發科,-0.0273,-0.1247,-0.0404,0.021,0.7233,1
2022-04-20,台積電,-0.0052,-0.0273,-0.0131,0.0142,1.0102,0
2022-04-20,富邦金,-0.0196,0.0081,-0.0094,0.0106,1.0316,0
2022-04-20,廣達,-0.0217,-0.0674,-0.0252,0.0117,1.5972,0
2022-04-20,台達電,-0.0176,-0.0383,-0.0319,0.0141,1.152,1
2022-04-20,中華電,0.0195,0.0356,0.0222,0.0066,0.8874,0
2022-04-21,廣達,-0.0117,-0.0744,-0.0351,0.0119,1.0093,0
2022-04-21,台積電,-0.014,-0.0309,-0.0202,0.0143,0.675,0
2022-04-21,國泰金,-0.0124,0.0047,-0.0062,0.0103,1.0022,1
2022-04-21,台達電,0.0,-0.0344,-0.0225,0.0142,0.7517,0
2022-04-21,聯發科,0.0081,-0.1097,-0.0211,0.0215,0.5914,0
2022-04-21,中華電,0.0077,0.0356,0.0204,0.0066,0.5564,1
2022-04-21,富邦金,-0.0132,0.004,-0.0136,0.0107,0.8638,1
2022-04-21,鴻海,-0.0096,-0.0096,-0.0106,0.0094,0.8564,1
2022-04-22,廣達,-0.0163,-0.0885,-0.0317,0.0112,1.3261,0
2022-04-22,台達電,-0.014,-0.0699,-0.0461,0.0151,1.4068,0
2022-04-22,中華電,0.0154,0.0395,0.0224,0.0066,0.5987,0
2022-04-22,國泰金,0.0031,-0.0093,-0.0011,0.0094,1.2491,0
2022-04-22,富邦金,0.0107,0.0,0.0036,0.0103,1.1613,0
2022-04-22,台積電,-0.0071,-0.0542,-0.0296,0.0141,1.0686,0
2022-04-22,鴻海,0.0049,-0.019,-0.0048,0.0088,0.7794,0
2022-04-22,聯發科,0.0264,-0.1259,-0.0302,0.0216,0.745,0
2022-04-25,中華電,0.0115,0.0354,0.0206,0.0066,0.9524,1
2022-04-25,國泰金,0.0159,-0.0078,-0.0069,0.0093,1.418,1
2022-04-25,台積電,-0.025,-0.0745,-0.0451,0.0145,1.5187,0
2022-04-25,廣達,-0.0235,-0.0937,-0.0419,0.0114,0.9927,1
2022-04-25,鴻海,-0.0195,-0.0563,-0.0309,0.0104,1.9481,1
2022-04-25,富邦金,0.0122,-0.0093,-0.0105,0.0107,1.412,1
2022-04-25,聯發科,0.0048,-0.1389,-0.0421,0.0218,0.7644,0
2022-04-25,台達電,-0.0444,-0.1126,-0.0776,0.0168,1.7251,1
2022-04-26,富邦金,0.0218,0.0013,-0.0065,0.0106,0.8144,0
2022-04-26,國泰金,0.0207,0.0079,-0.0042,0.0089,0.9028,0
2022-04-26,台達電,0.0182,-0.0597,-0.0141,0.0231,1.9042,0
2022-04-26,鴻海,-0.0098,-0.0472,-0.0237,0.0106,0.9867,0
2022-04-26,聯發科,-0.006,-0.1421,-0.0391,0.0217,0.8789,0
2022-04-26,廣達,-0.0129,-0.0831,-0.0296,0.0118,1.141,0
2022-04-26,台積電,-0.0336,-0.087,-0.0425,0.0141,1.233,0
2022-04-26,中華電,0.0193,0.0312,0.0229,0.0065,0.7306,0
2022-04-27,台達電,-0.0239,-0.0755,-0.0377,0.0237,1.5064,1
2022-04-27,國泰金,-0.0297,-0.0205,-0.0343,0.0114,1.3268,1
2022-04-27,廣達,-0.0326,-0.0959,-0.0351,0.0117,0.5641,0
2022-04-27,聯發科,-0.0561,-0.1618,-0.0595,0.0223,1.0315,1
2022-04-27,中華電,0.0076,0.0312,0.0213,0.0065,0.9917,0
2022-04-27,富邦金,-0.0227,-0.0253,-0.0305,0.0121,1.1914,1
2022-04-27,台積電,-0.0772,-0.0993,-0.0729,0.0153,1.8322,1
2022-04-27,鴻海,-0.0291,-0.0566,-0.0305,0.0107,1.3933,1
2022-04-28,聯發科,-0.0461,-0.0921,-0.0315,0.0208,1.5173,1
2022-04-28,富邦金,-0.0161,-0.0239,-0.0267,0.0121,1.0015,1
2022-04-28,鴻海,-0.0146,-0.0379,-0.0141,0.0114,1.2649,1
2022-04-28,廣達,-0.0201,-0.092,-0.0315,0.0117,0.4924,1
2022-04-28,台積電,-0.0602,-0.0985,-0.0593,0.0153,1.4156,1
2022-04-28,中華電,0.0038,0.0354,0.0156,0.0062,1.9519,0
2022-04-28,國泰金,-0.0282,-0.0266,-0.0315,0.0112,1.42,1
2022-04-28,台達電,-0.0257,-0.0733,-0.0281,0.0237,1.0532,1
2022-04-29,鴻海,-0.0145,-0.0332,-0.0075,0.0115,0.653,1
2022-04-29,聯發科,-0.0281,-0.0929,-0.0243,0.0207,0.8346,0
2022-04-29,廣達,-0.0083,-0.0647,-0.0176,0.0117,0.389,0
2022-04-29,國泰金,-0.0265,-0.0295,-0.0238,0.011,0.6207,0
2022-04-29,台達電,0.0163,-0.0672,-0.0108,0.0239,1.077,0
2022-04-29,台積電,-0.0358,-0.1033,-0.0416,0.0149,1.1519,0
2022-04-29,中華電,-0.0038,0.0315,0.0102,0.0063,1.4899,0
2022-04-29,富邦金,-0.0198,-0.0223,-0.0123,0.0122,0.8573,0
2022-05-03,台達電,0.0254,-0.0968,-0.0355,0.0246,0.781,0
2022-05-03,鴻海,0.0199,-0.033,-0.001,0.0115,0.8004,1
2022-05-03,富邦金,-0.0147,-0.0366,-0.0198,0.0122,0.7909,1
2022-05-03,中華電,-0.0304,0.0039,-0.017,0.009,2.185,0
2022-05-03,廣達,0.0048,-0.0532,-0.0173,0.0114,0.5979,1
2022-05-03,國泰金,-0.0235,-0.0341,-0.0253,0.011,0.4987,1
2022-05-03,台積電,-0.0293,-0.1106,-0.0485,0.015,0.8222,1
2022-05-03,聯發科,-0.0203,-0.0939,-0.0312,0.0208,1.0395,1
2022-05-04,廣達,0.0155,-0.015,0.0023,0.0116,0.5539,1
2022-05-04,國泰金,-0.0172,-0.0323,-0.0143,0.0111,0.5404,0
2022-05-04,台達電,-0.0437,-0.1024,-0.0362,0.0246,0.6495,0
2022-05-04,鴻海,0.0297,-0.0048,0.0139,0.0116,1.3696,1
2022-05-04,聯發科,-0.0048,-0.0789,-0.0164,0.0211,0.4614,1
2022-05-04,中華電,-0.0606,-0.0236,-0.0428,0.0109,1.9632,1
2022-05-04,台積電,-0.022,-0.0934,-0.0384,0.0151,0.5285,1
2022-05-04,富邦金,-0.0067,-0.0324,-0.0061,0.0124,0.7382,0
2022-05-05,富邦金,0.0178,-0.0387,-0.0055,0.0123,1.1605,0
2022-05-05,台積電,0.0304,-0.0623,-0.0208,0.0154,0.6683,0
2022-05-05,鴻海,0.045,-0.0048,0.019,0.0116,1.5793,0
2022-05-05,台達電,-0.0163,-0.0854,-0.0318,0.0244,0.6511,0
2022-05-05,廣達,0.0301,-0.0172,0.0067,0.0116,0.5615,1
2022-05-05,聯發科,0.0408,-0.0465,0.0002,0.0211,0.6988,0
2022-05-05,國泰金,0.0048,-0.0489,-0.0212,0.011,1.8784,0
2022-05-05,中華電,-0.053,-0.0157,-0.0344,0.0111,1.451,1
2022-05-06,台積電,-0.0056,-0.0671,-0.0428,0.0157,1.0835,0
2022-05-06,廣達,0.0326,-0.0047,0.0081,0.0113,0.6894,0
2022-05-06,台達電,-0.0507,-0.1034,-0.0548,0.025,1.6608,0
2022-05-06,富邦金,-0.0286,-0.0618,-0.0452,0.0149,3.6513,0
2022-05-06,鴻海,0.0246,0.0097,0.0136,0.0108,1.2613,0
2022-05-06,國泰金,-0.0145,-0.0556,-0.0358,0.0114,1.4693,0
2022-05-06,中華電,-0.038,-0.0039,-0.0226,0.0114,1.6923,0
2022-05-06,聯發科,0.0072,-0.0188,-0.0071,0.0196,0.8133,0
2022-05-09,富邦金,-0.0887,-0.1114,-0.0869,0.018,2.5721,0
2022-05-09,台達電,-0.08,-0.1188,-0.0651,0.0251,1.0892,0
2022-05-09,台積電,-0.0335,-0.0829,-0.0533,0.0159,0.797,0
2022-05-09,中華電,-0.0458,-0.0234,-0.0331,0.0116,1.092,0
2022-05-09,聯發科,-0.0205,-0.0321,-0.0306,0.0202,0.4749,1
2022-05-09,國泰金,-0.0608,-0.0969,-0.0705,0.0141,2.1218,0
2022-05-09,廣達,0.0131,-0.0116,0.0005,0.0114,0.5916,0
2022-05-09,鴻海,0.0196,0.0097,0.0132,0.0108,1.1227,0
2022-05-10,富邦金,-0.0896,-0.1229,-0.0905,0.0179,2.414,0
2022-05-10,聯發科,0.0,-0.0191,-0.0213,0.0203,0.9052,1
2022-05-10,台達電,-0.066,-0.0958,-0.0748,0.0239,1.1641,0
2022-05-10,中華電,-0.0235,-0.0423,-0.0349,0.0109,1.2933,1
2022-05-10,台積電,-0.0245,-0.0717,-0.0534,0.0156,1.3897,1
2022-05-10,國泰金,-0.069,-0.1049,-0.0767,0.0142,2.0825,0
2022-05-10,鴻海,0.0146,0.0196,0.0122,0.0106,0.8347,0
2022-05-10,廣達,0.0,-0.0234,-0.0137,0.0119,0.9656,0
2022-05-11,中華電,0.0081,-0.0272,-0.0297,0.0107,0.7776,0
2022-05-11,台積電,-0.0243,-0.0646,-0.0448,0.0158,0.9108,0
2022-05-11,廣達,-0.0258,-0.0315,-0.0192,0.012,0.8908,0
2022-05-11,聯發科,0.0,-0.0154,-0.0098,0.0204,0.6003,0
2022-05-11,鴻海,-0.0096,0.0098,0.0019,0.0108,0.9263,0
2022-05-11,國泰金,-0.1065,-0.1341,-0.0991,0.0152,1.949,0
2022-05-11,台達電,-0.0726,-0.1006,-0.0824,0.024,0.9036,0
2022-05-11,富邦金,-0.1126,-0.1266,-0.0969,0.018,1.3861,0
2022-05-12,富邦金,-0.1503,-0.1715,-0.1286,0.0195,2.0582,1
2022-05-12,鴻海,-0.0239,-0.0192,-0.0068,0.0101,1.0314,1
2022-05-12,台積電,-0.0683,-0.1187,-0.0684,0.015,1.0972,1
2022-05-12,國泰金,-0.1316,-0.1728,-0.1248,0.0162,2.2165,1
2022-05-12,廣達,-0.0398,-0.0639,-0.0266,0.0106,1.0212,0
2022-05-12,聯發科,-0.025,-0.0682,-0.017,0.0174,0.6887,1
2022-05-12,台達電,-0.0934,-0.1448,-0.0961,0.023,1.0142,1
2022-05-12,中華電,-0.008,-0.035,-0.0358,0.0108,0.8779,0
2022-05-13,台積電,-0.0322,-0.1082,-0.0519,0.0155,0.9643,1
2022-05-13,聯發科,0.0108,-0.0209,0.0116,0.0182,0.7781,0
2022-05-13,中華電,-0.0198,-0.0462,-0.0335,0.0104,0.8255,0
2022-05-13,廣達,-0.0409,-0.0409,-0.0246,0.0094,1.072,0
2022-05-13,國泰金,-0.1127,-0.1607,-0.1141,0.0165,1.6848,0
2022-05-13,鴻海,0.0,0.0,0.0127,0.0111,0.8927,1
2022-05-13,台達電,-0.0556,-0.1265,-0.0796,0.0233,1.0424,1
2022-05-13,富邦金,-0.1094,-0.1601,-0.1185,0.0196,1.8409,0
2022-05-16,鴻海,0.0048,0.0146,0.0168,0.0109,0.9961,1
2022-05-16,台達電,-0.0304,-0.1062,-0.0662,0.0235,0.6057,1
2022-05-16,聯發科,0.0148,-0.0084,-0.0095,0.0172,0.8586,1
2022-05-16,廣達,-0.1001,-0.1106,-0.0872,0.0177,2.8009,0
2022-05-16,國泰金,-0.0937,-0.1687,-0.1244,0.0167,1.2336,0
2022-05-16,富邦金,-0.0796,-0.1691,-0.1261,0.0197,1.7932,0
2022-05-16,台積電,0.0,-0.0747,-0.0314,0.016,0.7102,1
2022-05-16,中華電,-0.008,-0.0425,-0.0314,0.0104,0.7531,0
2022-05-17,富邦金,-0.082,-0.1664,-0.1298,0.0197,1.3781,1
2022-05-17,中華電,-0.008,-0.05,-0.0329,0.0103,0.7573,1
2022-05-17,廣達,-0.0981,-0.115,-0.0938,0.0177,2.0098,1
2022-05-17,聯發科,0.0256,0.0096,0.0092,0.0178,0.6944,1
2022-05-17,鴻海,0.0096,0.0244,0.0204,0.0108,1.0821,1
2022-05-17,台達電,-0.0066,-0.0909,-0.0533,0.0237,0.9018,1
2022-05-17,台積電,0.0232,-0.0553,-0.0099,0.0168,0.8103,1
2022-05-17,國泰金,-0.0931,-0.1624,-0.1269,0.0165,1.3228,1
2022-05-18,國泰金,-0.0374,-0.1372,-0.0955,0.0184,1.4197,0
2022-05-18,廣達,-0.088,-0.1094,-0.0851,0.0179,1.7396,0
2022-05-18,中華電,0.0,-0.0347,-0.0194,0.0108,1.3283,0
2022-05-18,台積電,0.0326,-0.0478,0.0076,0.0171,0.9883,0
2022-05-18,富邦金,-0.0378,-0.1333,-0.0939,0.0219,1.1998,0
2022-05-18,鴻海,0.0388,0.049,0.0373,0.0114,2.2164,1
2022-05-18,台達電,0.0336,-0.0667,-0.0247,0.0247,1.0035,0
2022-05-18,聯發科,0.0314,0.0203,0.0249,0.0181,0.9413,0
2022-05-19,台達電,0.016,-0.1155,-0.0569,0.0256,0.8827,1
2022-05-19,鴻海,0.0539,0.0437,0.0399,0.0113,1.4319,0
2022-05-19,中華電,0.004,-0.0496,-0.0208,0.0103,0.8764,0
2022-05-19,富邦金,-0.0269,-0.1776,-0.1154,0.0218,1.0478,1
2022-05-19,廣達,-0.0853,-0.1247,-0.0864,0.0175,1.2865,0
2022-05-19,國泰金,-0.0259,-0.1753,-0.1106,0.0178,0.9712,1
2022-05-19,聯發科,0.0305,-0.0129,0.0136,0.0176,0.8432,1
2022-05-19,台積電,0.0337,-0.0842,-0.018,0.0179,0.9361,1
2022-05-20,富邦金,-0.0268,-0.1716,-0.1043,0.0219,0.6395,0
2022-05-20,中華電,0.004,-0.0496,-0.0183,0.0103,0.5928,0
2022-05-20,台積電,0.0372,-0.0619,0.0004,0.0184,0.7257,0
2022-05-20,聯發科,0.0036,-0.0253,0.0162,0.0173,0.6204,0
2022-05-20,鴻海,0.0288,0.0388,0.0331,0.0114,1.6763,1
2022-05-20,國泰金,-0.0258,-0.1721,-0.0989,0.0179,0.637,0
2022-05-20,台達電,0.0249,-0.1047,-0.0324,0.0261,0.8588,0
2022-05-20,廣達,-0.0926,-0.1194,-0.0881,0.0174,1.1167,1
2022-05-23,廣達,-0.0118,-0.1065,-0.0708,0.0179,1.0558,0
2022-05-23,富邦金,-0.0304,-0.2029,-0.1132,0.0211,1.3743,0
2022-05-23,中華電,-0.004,-0.0608,-0.0231,0.0103,0.8301,1
2022-05-23,鴻海,0.0335,0.0435,0.0405,0.0115,1.2083,0
2022-05-23,國泰金,-0.0169,-0.1854,-0.1,0.0176,0.8285,0
2022-05-23,聯發科,0.0218,-0.0129,0.0132,0.017,0.579,0
2022-05-23,台積電,0.0154,-0.0538,-0.0006,0.0183,0.5573,0
2022-05-23,台達電,0.009,-0.0854,-0.0344,0.0256,0.5702,0
2022-05-24,台達電,-0.0222,-0.0698,-0.0525,0.0246,0.5341,1
2022-05-24,聯發科,-0.0131,-0.0084,-0.002,0.0167,0.5439,1
2022-05-24,鴻海,0.0286,0.0746,0.0367,0.0089,1.3223,1
2022-05-24,中華電,0.004,-0.057,-0.0163,0.0104,0.8364,1
2022-05-24,台積電,-0.0189,-0.0494,-0.0132,0.0181,0.6071,1
2022-05-24,富邦金,-0.0244,-0.1965,-0.1095,0.0211,0.9047,0
2022-05-24,廣達,-0.0053,-0.0986,-0.0722,0.0178,1.0711,1
2022-05-24,國泰金,-0.0114,-0.185,-0.096,0.0176,1.0557,0
2022-05-25,台達電,-0.0368,-0.1171,-0.0356,0.019,1.0025,1
2022-05-25,聯發科,-0.014,0.012,0.013,0.0171,0.624,0
2022-05-25,鴻海,0.0234,0.0842,0.0468,0.0092,2.4462,0
2022-05-25,廣達,0.0,-0.0977,-0.0588,0.0178,0.67,1
2022-05-25,中華電,0.0,-0.053,-0.0056,0.0106,1.0758,1
2022-05-25,富邦金,-0.0659,-0.2077,-0.1081,0.0209,1.0993,1
2022-05-25,國泰金,-0.0499,-0.1969,-0.0965,0.0174,1.5544,1
2022-05-25,台積電,-0.026,-0.0403,-0.0035,0.0182,0.7743,0
2022-05-26,富邦金,-0.0308,-0.1844,-0.0959,0.0208,0.8848,1
2022-05-26,鴻海,0.014,0.09,0.0376,0.0088,1.2739,1
2022-05-26,中華電,0.0241,-0.0341,0.0161,0.0117,1.3385,0
2022-05-26,台達電,0.009,-0.0857,-0.0247,0.0185,0.624,1
2022-05-26,聯發科,-0.0142,0.0309,-0.0005,0.0158,0.7023,1
2022-05-26,國泰金,-0.0228,-0.1694,-0.0863,0.0169,1.2018,1
2022-05-26,廣達,0.0213,-0.0759,-0.0426,0.0182,0.7839,1
2022-05-26,台積電,-0.0153,-0.0228,-0.0214,0.0168,1.0392,1
2022-05-27,聯發科,0.0059,0.0278,0.0197,0.0155,0.7352,1
2022-05-27,中華電,0.008,-0.0456,0.0026,0.0121,1.1261,1
2022-05-27,廣達,0.0362,-0.0688,-0.0329,0.0184,0.7479,1
2022-05-27,台達電,0.0221,-0.0609,0.0112,0.0202,1.2617,1
2022-05-27,富邦金,-0.0081,-0.1649,-0.0631,0.0223,0.8459,1
2022-05-27,台積電,0.0,-0.0019,0.0091,0.0182,1.0562,1
2022-05-27,鴻海,0.028,0.0837,0.0429,0.0085,1.5854,1
2022-05-27,國泰金,-0.0057,-0.153,-0.0589,0.0181,1.0525,1
2022-05-30,中華電,0.0283,-0.0305,0.0162,0.0125,1.0597,0
2022-05-30,廣達,0.0477,-0.0561,-0.0062,0.0192,1.0292,1
2022-05-30,富邦金,0.0446,-0.1505,-0.0257,0.0235,0.8126,1
2022-05-30,台積電,0.036,0.0167,0.0406,0.0194,1.3122,1
2022-05-30,國泰金,0.0325,-0.136,-0.0264,0.0194,0.9223,1
2022-05-30,台達電,0.06,-0.046,0.0444,0.0212,1.219,1
2022-05-30,聯發科,0.0415,0.0578,0.049,0.017,1.1695,1
2022-05-30,鴻海,0.0231,0.0833,0.0434,0.0085,1.2846,1
2022-05-31,富邦金,0.0666,-0.1303,-0.0045,0.024,2.1752,0
2022-05-31,鴻海,0.0463,0.1024,0.0618,0.0095,2.3753,1
2022-05-31,台達電,0.0977,-0.0041,0.0578,0.0204,1.7162,0
2022-05-31,國泰金,0.0712,-0.1059,0.0102,0.0213,1.3293,0
2022-05-31,台積電,0.0769,0.0546,0.0624,0.0197,2.5336,0
2022-05-31,中華電,0.0242,-0.0039,0.0164,0.011,2.0798,0
2022-05-31,聯發科,0.0904,0.1037,0.0758,0.0176,2.2721,0
2022-05-31,廣達,0.0613,-0.0478,0.0026,0.0193,1.282,1
2022-06-01,台積電,0.0477,0.0281,0.0401,0.0203,0.9982,0
2022-06-01,富邦金,0.0689,-0.1475,-0.0038,0.0236,0.5466,1
2022-06-01,中華電,0.0,0.0081,0.0,0.0097,0.9513,0
2022-06-01,台達電,0.0854,0.0021,0.0577,0.0204,0.5448,0
2022-06-01,鴻海,0.0457,0.101,0.0706,0.0094,1.7883,0
2022-06-01,聯發科,0.0735,0.0917,0.071,0.0176,1.1456,0
2022-06-01,國泰金,0.0642,-0.1304,-0.0005,0.0211,0.8456,0
2022-06-01,廣達,0.0555,-0.0622,0.0097,0.0187,0.5304,0
2022-06-02,中華電,-0.0196,0.0,0.0,0.0096,1.082,1
2022-06-02,鴻海,0.0459,0.0909,0.0612,0.0097,0.9149,1
2022-06-02,聯發科,0.078,0.0678,0.0591,0.0177,0.856,1
2022-06-02,國泰金,0.0583,-0.1252,0.003,0.0211,0.5701,1
2022-06-02,台積電,0.0506,-0.0037,0.0232,0.0204,0.7321,0
2022-06-02,台達電,0.0558,-0.0187,0.0368,0.0209,0.6135,1
2022-06-02,富邦金,0.067,-0.145,0.0063,0.0236,0.3699,1
2022-06-02,廣達,0.0313,-0.0749,0.0037,0.0187,0.7605,1
2022-06-06,台積電,0.0189,0.0227,0.022,0.0195,0.6177,0
2022-06-06,廣達,0.0311,-0.0701,0.0139,0.0188,0.6371,1
2022-06-06,中華電,0.004,-0.004,0.0082,0.0094,1.1459,0
2022-06-06,台達電,0.0324,0.0214,0.0466,0.0199,0.8199,0
2022-06-06,富邦金,0.044,-0.1024,0.0169,0.0222,0.4131,0
2022-06-06,鴻海,0.05,0.1106,0.0694,0.0096,0.8889,0
2022-06-06,國泰金,0.0418,-0.1046,0.0145,0.0211,0.4437,0
2022-06-06,聯發科,0.0635,0.0851,0.063,0.0175,1.2443,0
2022-06-07,台積電,-0.0219,0.0288,0.0112,0.0193,0.6888,1
2022-06-07,國泰金,0.0148,-0.0664,0.0182,0.0194,0.5643,0
2022-06-07,廣達,0.0114,-0.0577,0.0222,0.0188,0.6429,1
2022-06-07,中華電,-0.0118,0.004,0.004,0.009,0.9687,1
2022-06-07,鴻海,0.0271,0.0913,0.0463,0.0108,0.9209,1
2022-06-07,聯發科,0.0137,0.0947,0.0406,0.0168,1.1932,1
2022-06-07,富邦金,0.0032,-0.0649,0.0109,0.0197,0.6729,1
2022-06-07,台達電,-0.0231,0.013,0.0197,0.0204,1.2805,1
2022-06-08,廣達,0.0075,-0.0407,0.027,0.0186,0.4853,1
2022-06-08,中華電,-0.0039,0.0161,0.0112,0.0091,0.7378,0
2022-06-08,聯發科,0.0276,0.1341,0.0805,0.0191,2.123,0
2022-06-08,台達電,-0.029,0.0353,0.0245,0.0201,0.6181,1
2022-06-08,台積電,-0.0286,0.0502,0.0256,0.0195,0.6934,0
2022-06-08,國泰金,-0.0162,-0.0552,0.0212,0.0193,0.5092,0
2022-06-08,富邦金,-0.0047,-0.0492,0.02,0.0198,0.3488,0
2022-06-08,鴻海,0.0088,0.0962,0.0461,0.0107,0.4532,1
2022-06-09,鴻海,0.0087,0.1214,0.0538,0.0104,0.713,0
2022-06-09,廣達,0.0088,-0.0289,0.0337,0.0186,0.4253,0
2022-06-09,富邦金,-0.0031,-0.0423,0.0159,0.0196,0.4994,0
2022-06-09,聯發科,0.021,0.1146,0.0676,0.0192,1.1891,1
2022-06-09,中華電,0.008,0.008,0.0068,0.0091,0.5712,0
2022-06-09,台達電,-0.0269,0.0515,0.0241,0.0197,0.8568,1
2022-06-09,台積電,-0.0146,0.0384,0.0181,0.0196,0.6137,0
2022-06-09,國泰金,0.0018,-0.0249,0.0226,0.0181,0.549,0
2022-06-10,台積電,-0.0185,0.0495,-0.005,0.0188,0.8194,0
2022-06-10,台達電,0.0021,0.0847,0.0286,0.0189,0.7918,0
2022-06-10,鴻海,0.0,0.1176,0.0345,0.0106,0.5783,0
2022-06-10,聯發科,0.0356,0.1341,0.0677,0.0188,0.9666,0
2022-06-10,廣達,0.0164,-0.0207,0.0322,0.0185,0.4277,0
2022-06-10,國泰金,0.0055,0.0129,0.0219,0.016,0.425,0
2022-06-10,富邦金,-0.0126,-0.0063,0.0082,0.0171,0.653,0
2022-06-10,中華電,0.0,0.0081,-0.0016,0.0091,0.8348,0
2022-06-13,聯發科,-0.0199,0.0522,0.0158,0.0215,1.674,0
2022-06-13,台積電,-0.0444,0.0098,-0.0317,0.0198,1.2514,0
2022-06-13,廣達,-0.0038,-0.0341,0.0199,0.0187,0.7977,1
2022-06-13,台達電,-0.046,0.0317,-0.0119,0.021,1.1523,1
2022-06-13,中華電,-0.0079,0.0081,-0.002,0.0091,0.8226,0
2022-06-13,鴻海,-0.0346,0.0721,0.0084,0.0118,1.0561,0
2022-06-13,國泰金,-0.0182,-0.0092,0.0037,0.0165,0.8864,0
2022-06-13,富邦金,-0.0344,-0.0268,-0.0081,0.0175,0.8031,1
2022-06-14,廣達,-0.0012,0.0458,0.0253,0.0099,0.7006,1
2022-06-14,鴻海,-0.0176,0.067,0.0052,0.0118,0.7351,1
2022-06-14,中華電,-0.008,0.004,-0.0062,0.0092,0.6183,1
2022-06-14,聯發科,-0.0112,0.0667,0.0046,0.0209,1.2171,1
2022-06-14,富邦金,-0.0221,-0.0064,-0.0046,0.0171,0.689,0
2022-06-14,台積電,-0.0411,-0.0135,-0.0367,0.0194,1.3441,0
2022-06-14,國泰金,-0.0255,0.0038,-0.0039,0.0159,0.6975,1
2022-06-14,台達電,-0.0193,0.0247,-0.0109,0.0209,1.0919,0
2022-06-15,廣達,-0.0025,0.061,0.0236,0.0092,0.7163,0
2022-06-15,中華電,-0.0119,0.0121,-0.0028,0.0092,0.8245,0
2022-06-15,台達電,-0.0405,0.0,-0.0261,0.0212,1.1264,1
2022-06-15,聯發科,-0.0495,0.0511,0.0067,0.0206,0.9413,0
2022-06-15,富邦金,-0.0313,0.0032,-0.0079,0.0168,0.5864,1
2022-06-15,國泰金,-0.0219,0.019,-0.0011,0.0157,0.6145,1
2022-06-15,台積電,-0.0643,-0.0396,-0.0423,0.0189,1.2942,1
2022-06-15,鴻海,-0.0175,0.0667,0.0065,0.0118,0.5671,0
2022-06-16,國泰金,-0.0201,-0.0074,0.0011,0.0143,0.7308,0
2022-06-16,聯發科,-0.0552,0.0211,-0.0068,0.0206,0.9275,0
2022-06-16,台積電,-0.0559,-0.0506,-0.0366,0.0185,0.9825,0
2022-06-16,台達電,-0.0319,-0.0152,-0.0145,0.0204,1.4917,0
2022-06-16,廣達,-0.0099,0.0542,0.0184,0.0093,0.7495,1
2022-06-16,鴻海,-0.0346,0.0421,0.0,0.0113,0.7497,0
2022-06-16,中華電,-0.0159,-0.008,-0.0104,0.0089,0.7947,1
2022-06-16,富邦金,-0.0237,-0.0283,-0.0049,0.0148,0.6441,0
2022-06-17,廣達,0.0075,0.0786,0.0298,0.0093,1.5609,0
2022-06-17,富邦金,-0.0334,-0.013,-0.022,0.0135,0.8819,0
2022-06-17,鴻海,-0.0395,0.0186,-0.0188,0.0121,1.1607,0
2022-06-17,聯發科,-0.1065,-0.0166,-0.0539,0.0232,2.2714,1
2022-06-17,台積電,-0.0496,-0.035,-0.0482,0.0176,1.5496,0
2022-06-17,國泰金,-0.0328,0.0057,-0.0122,0.0134,1.2905,0
2022-06-17,台達電,-0.0422,0.0225,-0.0177,0.0183,1.6829,0
2022-06-17,中華電,0.0,0.004,-0.0026,0.0091,1.2993,0
2022-06-20,台達電,-0.0351,-0.0287,-0.0467,0.0191,1.0456,1
2022-06-20,台積電,-0.0296,-0.0553,-0.0513,0.0171,1.1923,1
2022-06-20,鴻海,-0.0224,0.0187,-0.0242,0.0121,0.7932,1
2022-06-20,聯發科,-0.053,-0.0071,-0.0433,0.0234,1.1728,1
2022-06-20,中華電,0.0,0.004,-0.0028,0.0091,0.7102,1
2022-06-20,富邦金,-0.0259,-0.0259,-0.0304,0.0136,0.914,1
2022-06-20,廣達,-0.005,0.0591,0.0003,0.0112,0.9174,1
2022-06-20,國泰金,-0.0372,-0.0208,-0.0336,0.0143,1.2269,1
2022-06-21,廣達,0.0088,0.0675,0.0186,0.0117,1.1146,0
2022-06-21,聯發科,-0.0136,0.0297,-0.0128,0.0245,1.2008,0
2022-06-21,富邦金,0.0194,0.0446,0.0158,0.017,1.0605,0
2022-06-21,鴻海,0.0045,0.037,0.0009,0.0134,0.9107,0
2022-06-21,中華電,0.0161,0.0243,0.008,0.0092,1.1247,0
2022-06-21,台積電,-0.0102,-0.0384,-0.0361,0.0175,1.1262,0
2022-06-21,台達電,0.0175,0.0333,0.0058,0.023,1.0675,0
2022-06-21,國泰金,0.015,0.0363,0.0094,0.0175,1.5745,0
2022-06-22,鴻海,-0.0223,0.0139,-0.0221,0.0144,0.7429,0
2022-06-22,國泰金,-0.0112,0.0192,-0.0139,0.0183,0.8321,0
2022-06-22,聯發科,-0.0871,-0.0277,-0.081,0.0291,2.1785,0
2022-06-22,廣達,-0.0075,0.0587,0.0006,0.0122,0.8847,1
2022-06-22,富邦金,-0.0016,0.0266,-0.0096,0.0178,0.5801,0
2022-06-22,中華電,0.004,0.0121,-0.0006,0.0094,0.7842,1
2022-06-22,台達電,0.0067,0.0295,-0.0215,0.0232,0.8535,1
2022-06-22,台積電,-0.0232,-0.0439,-0.0541,0.0178,1.0289,0
2022-06-23,廣達,0.0025,0.0568,0.0055,0.0122,1.0993,1
2022-06-23,台積電,-0.0443,-0.0684,-0.0681,0.018,1.3944,1
2022-06-23,聯發科,-0.1323,-0.1014,-0.1331,0.0318,3.7892,0
2022-06-23,國泰金,-0.013,0.0311,-0.0153,0.0181,1.0226,1
2022-06-23,富邦金,-0.0129,0.0269,-0.0205,0.0178,0.6973,1
2022-06-23,鴻海,-0.0314,-0.0137,-0.0349,0.0144,1.1303,1
2022-06-23,中華電,0.0242,0.016,0.0105,0.0096,1.4864,1
2022-06-23,台達電,0.0286,0.0517,0.0084,0.0242,1.6289,1
2022-06-24,富邦金,0.0181,0.0369,-0.0094,0.018,0.5552,0
2022-06-24,廣達,-0.0074,0.0482,0.0082,0.0119,0.6382,1
2022-06-24,中華電,0.032,0.0118,0.0258,0.0092,1.6745,0
2022-06-24,聯發科,-0.1136,-0.1157,-0.1523,0.0322,1.6933,1
2022-06-24,台達電,0.0529,0.067,0.0266,0.0245,1.5653,0
2022-06-24,台積電,-0.0289,-0.0484,-0.064,0.0176,0.8943,1
2022-06-24,鴻海,0.0046,0.0092,-0.0174,0.015,0.7393,1
2022-06-24,國泰金,0.0075,0.0369,-0.0096,0.0181,0.6487,1
2022-06-27,中華電,0.028,0.0239,0.0207,0.0085,0.8367,1
2022-06-27,台達電,0.075,0.0216,0.0148,0.0237,1.2477,0
2022-06-27,聯發科,-0.1126,-0.1241,-0.137,0.0318,1.1386,0
2022-06-27,富邦金,0.0282,0.0098,-0.0099,0.0171,0.6405,0
2022-06-27,國泰金,0.0328,0.0171,-0.0086,0.0175,0.7026,1
2022-06-27,廣達,0.0241,0.0466,0.0109,0.0119,0.7242,1
2022-06-27,鴻海,0.0183,0.0091,-0.0089,0.015,0.6708,1
2022-06-27,台積電,0.001,-0.0543,-0.0382,0.0171,1.1954,0
2022-06-28,聯發科,-0.1754,-0.1848,-0.1635,0.0313,1.7087,1
2022-06-28,廣達,0.0037,0.0228,0.011,0.0107,0.5922,0
2022-06-28,國泰金,-0.0074,-0.0037,-0.0029,0.0165,0.8086,0
2022-06-28,富邦金,-0.0253,-0.0253,-0.0135,0.0155,0.526,0
2022-06-28,台達電,0.0151,-0.0105,0.0132,0.0227,1.1622,0
2022-06-28,中華電,0.0198,0.0157,0.0238,0.0081,0.6344,1
2022-06-28,台積電,-0.0149,-0.0856,-0.0358,0.015,0.4967,0
2022-06-28,鴻海,0.0,0.0136,-0.0007,0.0151,0.7293,0
2022-06-29,廣達,0.0088,0.0063,0.0007,0.0109,1.4735,0
2022-06-29,國泰金,-0.0038,-0.0521,-0.0188,0.0152,1.5998,0
2022-06-29,鴻海,0.0137,-0.0177,-0.0087,0.0143,0.9554,0
2022-06-29,富邦金,-0.0146,-0.0515,-0.0237,0.0153,0.9689,0
2022-06-29,中華電,0.0398,0.0276,0.0343,0.0084,1.9299,0
2022-06-29,台達電,0.0284,-0.0355,0.0019,0.0226,1.3813,0
2022-06-29,聯發科,-0.0995,-0.197,-0.1417,0.0305,1.3978,0
2022-06-29,台積電,-0.0071,-0.1185,-0.0423,0.0135,1.0654,0
2022-06-30,聯發科,-0.0552,-0.2091,-0.1451,0.0304,0.9824,0
2022-06-30,廣達,-0.0025,-0.0013,-0.003,0.0109,1.561,0
2022-06-30,鴻海,0.0093,-0.048,-0.0242,0.0144,1.3146,0
2022-06-30,富邦金,-0.0213,-0.0597,-0.0368,0.0156,1.0758,0
2022-06-30,中華電,-0.0042,0.0117,0.0017,0.0105,2.7987,1
2022-06-30,台達電,-0.0308,-0.0609,-0.0215,0.0233,1.2352,0
2022-06-30,台積電,-0.0196,-0.1283,-0.0652,0.0143,1.569,0
2022-06-30,國泰金,-0.0396,-0.0695,-0.0507,0.0166,1.8307,0
2022-07-01,鴻海,-0.0364,-0.0702,-0.0476,0.0155,1.782,0
2022-07-01,聯發科,-0.0866,-0.2507,-0.1854,0.0323,0.9888,0
2022-07-01,國泰金,-0.0693,-0.0881,-0.0689,0.0172,2.3763,0
2022-07-01,中華電,-0.0036,0.0283,0.0167,0.0111,1.622,1
2022-07-01,富邦金,-0.0582,-0.0848,-0.0569,0.0163,1.6784,0
2022-07-01,台積電,-0.0678,-0.1556,-0.102,0.0168,1.9581,0
2022-07-01,廣達,-0.0137,0.0025,-0.0094,0.0108,1.184,0
2022-07-01,台達電,-0.0511,-0.0411,-0.0194,0.0229,1.5534,0
2022-07-04,鴻海,-0.0526,-0.0895,-0.0508,0.015,1.9139,1
2022-07-04,聯發科,-0.0988,-0.2577,-0.1751,0.032,0.8686,1
2022-07-04,中華電,0.0205,0.0407,0.0351,0.0118,1.3756,1
2022-07-04,台積電,-0.1174,-0.1808,-0.1203,0.0174,1.5762,1
2022-07-04,台達電,-0.0519,-0.0618,-0.0274,0.0228,1.2901,1
2022-07-04,廣達,-0.0198,-0.005,-0.0104,0.0107,1.1601,1
2022-07-04,國泰金,-0.0851,-0.1068,-0.078,0.0172,2.688,1
2022-07-04,富邦金,-0.0646,-0.0953,-0.0587,0.0161,0.8825,1
2022-07-05,台達電,-0.0434,-0.0311,-0.0192,0.0223,1.2314,0
2022-07-05,國泰金,-0.0652,-0.0823,-0.0486,0.0187,1.2581,0
2022-07-05,台積電,-0.1035,-0.1618,-0.1005,0.0181,1.439,0
2022-07-05,鴻海,-0.0376,-0.0503,-0.0245,0.0161,1.2156,0
2022-07-05,聯發科,-0.0553,-0.2403,-0.1586,0.0323,0.8505,0
2022-07-05,廣達,-0.0173,-0.0062,-0.0063,0.0106,1.0176,0
2022-07-05,中華電,0.0205,0.049,0.0367,0.0117,1.2318,1
2022-07-05,富邦金,-0.0211,-0.0489,-0.0172,0.0191,1.2137,0
2022-07-06,台達電,-0.0747,-0.0809,-0.0598,0.0243,1.2406,1
2022-07-06,鴻海,-0.0479,-0.0729,-0.0399,0.0164,1.1852,1
2022-07-06,富邦金,-0.0428,-0.0878,-0.0471,0.0203,0.9276,1
2022-07-06,廣達,-0.0637,-0.0648,-0.0595,0.0164,1.7402,1
2022-07-06,聯發科,-0.0847,-0.2848,-0.1584,0.0293,0.7388,1
2022-07-06,台積電,-0.113,-0.1951,-0.1123,0.0174,1.1298,1
2022-07-06,國泰金,-0.0842,-0.1176,-0.0796,0.0202,1.221,1
2022-07-06,中華電,0.0167,0.0489,0.0423,0.0117,1.1701,0
2022-07-07,聯發科,-0.023,-0.2432,-0.1025,0.0329,0.8215,1
2022-07-07,國泰金,-0.0479,-0.1156,-0.072,0.0202,1.4079,0
2022-07-07,台達電,-0.0023,-0.0371,-0.011,0.0271,1.2667,1
2022-07-07,富邦金,-0.01,-0.0662,-0.0274,0.0209,1.1514,0
2022-07-07,鴻海,-0.0015,-0.0577,-0.0083,0.0177,1.0492,0
2022-07-07,中華電,0.0451,0.0489,0.0357,0.0117,1.7477,0
2022-07-07,台積電,-0.0389,-0.1498,-0.0597,0.0221,1.2847,1
2022-07-07,廣達,-0.0288,-0.0385,-0.0263,0.0183,1.3344,0
2022-07-08,廣達,-0.0391,-0.0522,-0.0401,0.0186,1.5715,1
2022-07-08,富邦金,0.0103,-0.0636,-0.0291,0.0208,0.9587,0
2022-07-08,中華電,0.004,0.0325,0.0098,0.0129,1.0699,0
2022-07-08,國泰金,-0.0303,-0.1205,-0.0713,0.0202,0.8881,1
2022-07-08,聯發科,0.0637,-0.2304,-0.0686,0.0337,0.8451,0
2022-07-08,台達電,0.0271,-0.0172,0.019,0.0279,1.1454,1
2022-07-08,台積電,0.0298,-0.1141,-0.0342,0.0228,0.9893,0
2022-07-08,鴻海,0.0119,-0.0591,-0.0196,0.0177,0.8624,0
2022-07-11,聯發科,0.0426,-0.2104,-0.0774,0.0328,0.484,0
2022-07-11,國泰金,-0.0099,-0.0992,-0.0613,0.0201,0.4058,0
2022-07-11,富邦金,0.0052,-0.0583,-0.0378,0.0207,0.4073,0
2022-07-11,台達電,0.0479,0.0306,0.0264,0.0265,0.5835,1
2022-07-11,廣達,-0.0152,-0.0164,-0.0166,0.0193,0.74,0
2022-07-11,中華電,-0.0198,0.0283,0.0043,0.0129,0.6754,0
2022-07-11,台積電,0.05,-0.0998,-0.0394,0.0223,0.5811,0
2022-07-11,鴻海,0.01,-0.0474,-0.0269,0.0173,0.4809,0
2022-07-12,台積電,0.0078,-0.119,-0.0595,0.0229,0.621,1
2022-07-12,台達電,0.0476,0.0351,0.0313,0.0265,0.8595,1
2022-07-12,國泰金,-0.0631,-0.1176,-0.0817,0.0208,0.7391,1
2022-07-12,廣達,-0.034,-0.0388,-0.0298,0.0195,1.0754,1
2022-07-12,中華電,-0.0354,0.02,-0.0088,0.0132,1.01,1
2022-07-12,聯發科,-0.0016,-0.2329,-0.0985,0.0333,0.6927,1
2022-07-12,鴻海,-0.0195,-0.0522,-0.0291,0.0173,0.6871,1
2022-07-12,富邦金,-0.0746,-0.1,-0.0727,0.0223,1.5202,1
2022-07-13,聯發科,0.0479,-0.2115,-0.0574,0.0346,0.6203,1
2022-07-13,國泰金,0.0122,-0.0868,-0.0417,0.023,0.7461,0
2022-07-13,富邦金,0.0086,-0.0502,-0.022,0.0257,1.3943,0
2022-07-13,鴻海,0.0199,-0.0376,-0.0079,0.0179,0.831,1
2022-07-13,台積電,0.0804,-0.0706,-0.0119,0.0257,1.1738,1
2022-07-13,中華電,-0.0312,0.0283,0.002,0.0135,1.4402,0
2022-07-13,廣達,0.056,-0.01,0.001,0.0208,1.1413,1
2022-07-13,台達電,0.1378,0.0898,0.0646,0.0273,1.7298,0
2022-07-14,聯發科,0.0157,-0.1864,-0.0289,0.0352,0.5118,1
2022-07-14,中華電,-0.0353,0.0282,-0.0075,0.0135,1.0994,0
2022-07-14,鴻海,0.0145,-0.0097,0.0168,0.0188,1.1809,0
2022-07-14,廣達,0.0361,0.0063,0.0146,0.021,0.8713,0
2022-07-14,台積電,0.0383,-0.065,0.0011,0.0258,0.8456,1
2022-07-14,富邦金,-0.0152,-0.0582,-0.0257,0.0257,0.9923,0
2022-07-14,台達電,0.0837,0.0779,0.0605,0.0272,1.3576,1
2022-07-14,國泰金,-0.0011,-0.0985,-0.0473,0.023,0.5388,0
2022-07-15,台積電,0.0546,-0.017,0.0389,0.0272,1.3579,1
2022-07-15,國泰金,-0.0145,-0.1039,-0.0602,0.0231,0.808,1
2022-07-15,鴻海,0.0294,0.0084,0.0164,0.0184,0.6522,0
2022-07-15,富邦金,-0.0272,-0.0576,-0.0396,0.0257,1.272,1
2022-07-15,聯發科,-0.0046,-0.1427,-0.0179,0.0341,0.7416,1
2022-07-15,中華電,-0.012,0.02,-0.0084,0.0134,0.5334,0
2022-07-15,廣達,0.0459,-0.016,0.0078,0.0208,0.7997,1
2022-07-15,台達電,0.0769,0.105,0.0793,0.0275,1.2172,0
2022-07-18,聯發科,0.0377,-0.1348,0.0097,0.0345,0.7476,1
2022-07-18,廣達,0.0346,0.0228,0.0193,0.0201,1.1496,1
2022-07-18,富邦金,0.0241,-0.01,-0.0006,0.0273,1.3412,0
2022-07-18,台積電,0.0725,-0.005,0.0455,0.0272,1.0195,0
2022-07-18,中華電,-0.0081,0.02,-0.0094,0.0134,1.1168,0
2022-07-18,國泰金,0.0033,-0.0613,-0.0349,0.0236,0.7407,0
2022-07-18,台達電,0.0675,0.1402,0.0721,0.0262,0.944,1
2022-07-18,鴻海,0.0396,0.013,0.0157,0.0183,0.4601,0
2022-07-19,國泰金,0.0263,-0.1078,-0.0346,0.0206,0.571,0
2022-07-19,台積電,0.0923,-0.0277,0.0375,0.0271,0.5263,1
2022-07-19,聯發科,0.0782,-0.1615,0.0211,0.0332,0.4522,1
2022-07-19,中華電,-0.0082,-0.0044,-0.0213,0.0134,1.028,0
2022-07-19,富邦金,0.0502,-0.0728,-0.0136,0.0249,1.2456,0
2022-07-19,廣達,0.056,0.0062,0.0241,0.0196,1.2182,0
2022-07-19,鴻海,0.0348,-0.0235,0.0073,0.0173,0.5673,0
2022-07-19,台達電,0.0649,0.0833,0.0721,0.0234,0.5942,1
2022-07-20,廣達,0.024,0.0214,0.023,0.0193,1.2336,1
2022-07-20,台積電,0.0521,0.001,0.0459,0.0267,0.933,1
2022-07-20,中華電,-0.0323,-0.0088,-0.0329,0.0136,0.7192,0
2022-07-20,國泰金,-0.0132,-0.0887,-0.0311,0.0202,0.7691,1
2022-07-20,富邦金,-0.0102,-0.0583,-0.019,0.0244,1.2466,1
2022-07-20,聯發科,0.0584,-0.0858,0.0401,0.0301,0.8044,1
2022-07-20,台達電,0.0397,0.1256,0.0786,0.0224,0.8194,1
2022-07-20,鴻海,0.0098,-0.006,0.0027,0.0166,0.9664,1
2022-07-21,台積電,0.0547,0.0319,0.0569,0.0265,0.6036,1
2022-07-21,聯發科,0.1084,0.0392,0.1075,0.031,1.2598,0
2022-07-21,廣達,0.0423,0.0463,0.0533,0.0204,1.5416,0
2022-07-21,國泰金,0.0011,-0.0856,-0.0234,0.0203,0.8595,0
2022-07-21,鴻海,0.0048,0.0272,0.0207,0.0168,0.6596,1
2022-07-21,富邦金,0.0017,-0.0442,-0.0117,0.0245,0.9698,0
2022-07-21,台達電,0.0438,0.0939,0.078,0.0215,0.8701,0
2022-07-21,中華電,-0.0285,-0.0246,-0.0358,0.0133,0.4212,0
2022-07-22,中華電,-0.0366,-0.0478,-0.0416,0.0128,0.5784,1
2022-07-22,廣達,0.0414,0.0323,0.0428,0.0206,1.0689,0
2022-07-22,台達電,0.0122,0.0624,0.066,0.0213,0.9018,1
2022-07-22,聯發科,0.088,0.0522,0.0875,0.0304,0.9443,0
2022-07-22,台積電,0.0213,0.0339,0.0592,0.0265,0.6855,0
2022-07-22,國泰金,0.0193,-0.0935,-0.0196,0.0201,0.9755,1
2022-07-22,富邦金,0.0192,-0.0565,-0.0087,0.0242,0.8005,1
2022-07-22,鴻海,0.0095,0.0133,0.0249,0.0164,0.8197,1
2022-07-25,廣達,0.0285,0.0272,0.0413,0.0205,0.6262,0
2022-07-25,台達電,0.0224,0.0845,0.0722,0.0211,0.7645,0
2022-07-25,富邦金,-0.0067,-0.0436,0.0071,0.0245,1.0615,0
2022-07-25,中華電,-0.0244,-0.032,-0.0279,0.0132,0.3745,0
2022-07-25,台積電,0.0081,0.002,0.0517,0.026,0.4276,0
2022-07-25,聯發科,0.0408,0.0147,0.0605,0.031,0.6931,0
2022-07-25,國泰金,0.0077,-0.0841,-0.0031,0.0204,0.4788,1
2022-07-25,鴻海,0.0238,0.0184,0.0384,0.0166,1.0937,1
2022-07-26,台積電,0.0081,-0.005,0.0425,0.0261,0.5036,1
2022-07-26,鴻海,0.0385,0.014,0.0425,0.0165,0.6406,0
2022-07-26,中華電,-0.0123,-0.0357,-0.0261,0.0131,0.419,1
2022-07-26,富邦金,0.0102,-0.039,0.0092,0.0245,1.5751,0
2022-07-26,台達電,0.0122,0.0803,0.0616,0.0212,0.5406,1
2022-07-26,聯發科,0.0287,0.0461,0.0473,0.0296,0.665,0
2022-07-26,廣達,0.0173,0.0198,0.034,0.0206,0.5048,1
2022-07-26,國泰金,0.0145,-0.0882,0.0029,0.0203,0.4135,0
2022-07-27,聯發科,0.0089,0.0242,0.0399,0.0295,0.8601,1
2022-07-27,國泰金,0.0078,-0.0781,-0.0006,0.0201,0.4992,1
2022-07-27,廣達,0.0284,0.0412,0.0432,0.0205,0.9293,1
2022-07-27,台達電,0.0201,0.1165,0.0768,0.021,0.7765,1
2022-07-27,中華電,0.0125,-0.0349,-0.0122,0.0132,0.6383,0
2022-07-27,台積電,0.0141,0.0224,0.0561,0.026,0.4888,0
2022-07-27,富邦金,0.0116,-0.0333,0.0037,0.0244,2.012,1
2022-07-27,鴻海,0.0435,0.0232,0.0412,0.0163,0.8679,1
2022-07-28,廣達,0.0084,0.0576,0.0526,0.0206,1.1153,1
2022-07-28,中華電,0.0167,-0.0041,-0.012,0.0112,0.2928,0
2022-07-28,台積電,0.0,0.0525,0.0512,0.025,0.9811,1
2022-07-28,國泰金,0.0166,-0.032,0.0132,0.0189,0.6006,0
2022-07-28,富邦金,0.0246,0.0006,0.0218,0.0245,0.8646,0
2022-07-28,聯發科,-0.0475,0.0476,0.0451,0.0292,0.6286,1
2022-07-28,鴻海,0.0284,0.0468,0.0436,0.0157,0.6366,1
2022-07-28,台達電,0.048,0.1828,0.1013,0.0204,1.7172,0
2022-07-29,台積電,0.0119,0.1224,0.0618,0.0221,0.8839,0
2022-07-29,國泰金,0.0111,-0.0152,0.0074,0.0182,0.7401,0
2022-07-29,富邦金,0.021,0.0227,0.017,0.0237,0.768,1
2022-07-29,中華電,0.0253,-0.0202,-0.011,0.0106,0.4509,1
2022-07-29,廣達,0.0193,0.0668,0.0517,0.0205,1.6191,1
2022-07-29,聯發科,-0.0312,0.116,0.0409,0.0252,0.9521,1
2022-07-29,台達電,0.0403,0.1648,0.0762,0.021,1.1957,1
2022-07-29,鴻海,0.0283,0.0813,0.0443,0.014,0.6795,0
2022-08-01,鴻海,0.014,0.09,0.0398,0.0138,0.5,0
2022-08-01,聯發科,0.0087,0.1358,0.051,0.0253,0.894,0
2022-08-01,台積電,0.009,0.1455,0.0444,0.0208,0.767,0
2022-08-01,廣達,0.0245,0.0737,0.0532,0.0205,1.7014,1
2022-08-01,富邦金,0.0162,0.039,0.0241,0.0237,0.4579,0
2022-08-01,台達電,0.0319,0.1804,0.0695,0.0205,0.784,0
2022-08-01,國泰金,-0.0022,-0.0011,0.0063,0.0179,0.7604,0
2022-08-01,中華電,0.0167,-0.0356,-0.0051,0.0094,0.539,1
2022-08-02,富邦金,0.0162,-0.0024,0.0242,0.0218,0.8551,0
2022-08-02,鴻海,0.0,0.0537,0.0276,0.0132,1.384,1
2022-08-02,國泰金,-0.0164,-0.0406,-0.0049,0.0169,1.6326,1
2022-08-02,台達電,0.0382,0.1723,0.0612,0.0206,1.5609,1
2022-08-02,中華電,0.0208,-0.0354,0.0008,0.0094,1.0567,0
2022-08-02,台積電,-0.0061,0.1031,0.0147,0.0219,1.2879,1
2022-08-02,廣達,0.0347,0.0737,0.0534,0.0205,0.9989,0
2022-08-02,聯發科,0.0029,0.1106,0.0291,0.0258,0.8735,1
2022-08-03,台積電,-0.002,0.1504,0.0263,0.021,0.9114,0
2022-08-03,聯發科,0.0133,0.1339,0.0273,0.0253,0.524,0
2022-08-03,鴻海,0.0046,0.0796,0.0284,0.0121,1.0884,0
2022-08-03,富邦金,0.0235,0.0336,0.0225,0.0202,0.7676,0
2022-08-03,中華電,0.0,-0.0508,-0.0047,0.0092,0.6991,0
2022-08-03,國泰金,-0.0066,0.0,-0.0027,0.0145,0.604,0
2022-08-03,台達電,0.0394,0.2542,0.072,0.0165,1.1899,0
2022-08-03,廣達,0.0209,0.1352,0.0442,0.0149,0.9767,0
2022-08-04,富邦金,-0.0053,0.0054,0.0114,0.0201,0.8097,1
2022-08-04,中華電,-0.0082,-0.0549,-0.0101,0.0093,0.5711,1
2022-08-04,廣達,0.0062,0.0958,0.0368,0.0136,0.7725,1
2022-08-04,台達電,-0.0038,0.181,0.0513,0.0146,1.6498,1
2022-08-04,聯發科,0.0029,0.0755,0.0207,0.023,0.5293,1
2022-08-04,國泰金,-0.0207,-0.0044,-0.0047,0.0145,0.6691,1
2022-08-04,台積電,-0.002,0.0929,0.0198,0.0184,0.892,1
2022-08-04,鴻海,-0.0046,0.0435,0.0215,0.0106,1.3654,0
2022-08-05,台達電,0.0174,0.1538,0.0499,0.0137,0.7583,1
2022-08-05,國泰金,0.0055,0.0212,0.0142,0.0151,1.098,1
2022-08-05,中華電,0.0041,-0.0201,0.0033,0.0085,0.6049,1
2022-08-05,聯發科,0.0498,0.1014,0.0647,0.0247,1.0868,0
2022-08-05,富邦金,0.016,0.0286,0.028,0.0204,0.8682,1
2022-08-05,鴻海,-0.0092,0.0588,0.0186,0.0099,0.8931,0
2022-08-05,台積電,0.0138,0.1049,0.0472,0.0191,1.1334,0
2022-08-05,廣達,0.0141,0.1259,0.0413,0.0126,0.7802,1
2022-08-08,廣達,0.0166,0.1083,0.0439,0.012,0.6987,1
2022-08-08,富邦金,0.0265,0.061,0.0447,0.0205,0.6518,0
2022-08-08,鴻海,-0.0092,0.0693,0.0153,0.0094,0.8045,1
2022-08-08,聯發科,0.0216,0.113,0.0472,0.0243,0.7878,0
2022-08-08,台積電,0.0159,0.1082,0.0339,0.0189,0.6714,0
2022-08-08,中華電,0.0041,-0.0121,0.008,0.0086,0.5637,0
2022-08-08,台達電,0.0232,0.1525,0.0505,0.0137,0.4518,1
2022-08-08,國泰金,0.0154,0.0244,0.0219,0.0152,0.8398,0
2022-08-09,台達電,0.0251,0.1472,0.0455,0.0138,0.9146,1
2022-08-09,廣達,0.0229,0.1369,0.0477,0.011,0.561,1
2022-08-09,中華電,0.0,0.0,0.008,0.0081,0.5203,0
2022-08-09,國泰金,0.0279,0.0525,0.0182,0.0136,0.7611,1
2022-08-09,鴻海,0.0093,0.0846,0.0206,0.0093,0.9186,1
2022-08-09,台積電,0.0366,0.1346,0.0236,0.0175,0.7374,0
2022-08-09,聯發科,0.0161,0.1303,0.019,0.0231,0.8353,0
2022-08-09,富邦金,0.023,0.1028,0.0361,0.0178,0.4818,1
2022-08-10,台積電,-0.002,0.0627,0.0006,0.0157,0.7574,1
2022-08-10,鴻海,0.0138,0.0732,0.0264,0.0086,1.9251,1
2022-08-10,富邦金,0.0283,0.0538,0.0387,0.0139,0.4597,1
2022-08-10,國泰金,0.0323,0.0198,0.0238,0.0107,0.8218,1
2022-08-10,中華電,0.0082,-0.0121,0.0086,0.0076,0.7243,1
2022-08-10,聯發科,-0.0262,0.0536,-0.0216,0.0242,1.0027,1
2022-08-10,廣達,0.0382,0.1161,0.0549,0.0094,0.7548,0
2022-08-10,台達電,0.0303,0.1357,0.0662,0.0127,1.1705,1
2022-08-11,廣達,0.0383,0.0981,0.0474,0.0094,0.8308,0
2022-08-11,富邦金,0.0696,0.092,0.0642,0.0149,1.2953,1
2022-08-11,鴻海,0.0463,0.0762,0.0504,0.009,2.0637,0
2022-08-11,聯發科,-0.0205,0.0372,-0.0204,0.0239,1.3923,1
2022-08-11,國泰金,0.0524,0.0489,0.0389,0.0109,1.2432,1
2022-08-11,中華電,0.0373,0.0163,0.0284,0.0087,1.7426,0
2022-08-11,台達電,0.0441,0.1378,0.0613,0.0127,1.211,0
2022-08-11,台積電,0.028,0.0821,0.0246,0.0166,0.875,1
2022-08-12,聯發科,-0.046,0.0556,-0.0026,0.0243,0.7038,1
2022-08-12,鴻海,0.0417,0.0714,0.0421,0.0091,1.5487,0
2022-08-12,廣達,0.0228,0.1009,0.0373,0.0092,0.6746,0
2022-08-12,台達電,0.0171,0.0898,0.0355,0.0134,1.0823,1
2022-08-12,中華電,0.0246,0.0163,0.0275,0.0087,0.7276,0
2022-08-12,國泰金,0.0328,0.0702,0.0365,0.0097,0.6496,1
2022-08-12,台積電,0.0019,0.0497,0.028,0.0147,0.7656,1
2022-08-12,富邦金,0.0526,0.1129,0.0603,0.0141,0.6179,1
2022-08-15,廣達,-0.0238,0.0456,-0.0046,0.0132,2.2657,1
2022-08-15,國泰金,0.0249,0.0465,0.0352,0.0084,0.5963,0
2022-08-15,台積電,0.0215,0.0555,0.0371,0.0148,0.864,1
2022-08-15,台達電,0.0359,0.1184,0.0567,0.0142,0.9807,0
2022-08-15,中華電,0.0163,0.0122,0.0228,0.0088,0.8108,0
2022-08-15,鴻海,0.037,0.0667,0.0342,0.0093,0.9201,0
2022-08-15,聯發科,-0.0042,0.0681,0.0262,0.0249,0.7775,0
2022-08-15,富邦金,0.0344,0.0718,0.0583,0.0114,0.5582,0
2022-08-16,中華電,0.0082,0.0165,0.0137,0.0085,0.9734,0
2022-08-16,國泰金,0.0217,0.0478,0.0284,0.0084,0.7254,1
2022-08-16,台達電,0.0283,0.1077,0.0456,0.0144,0.5283,0
2022-08-16,聯發科,0.0173,0.0665,0.0229,0.0249,0.8616,0
2022-08-16,廣達,-0.0261,0.0485,0.0007,0.0132,1.7441,0
2022-08-16,鴻海,0.0183,0.0673,0.0216,0.0092,0.8909,1
2022-08-16,富邦金,0.0363,0.0882,0.052,0.0105,0.5842,1
2022-08-16,台積電,0.0294,0.0692,0.0376,0.0146,0.8401,1
2022-08-17,廣達,-0.0454,0.0405,-0.0088,0.0134,1.0647,1
2022-08-17,鴻海,0.0227,0.087,0.0312,0.0093,0.9513,0
2022-08-17,富邦金,0.0395,0.1067,0.0554,0.0101,0.6243,0
2022-08-17,中華電,0.0041,0.025,0.0084,0.008,1.2286,0
2022-08-17,台達電,0.0018,0.0944,0.0409,0.0144,0.7528,0
2022-08-17,國泰金,0.0226,0.0568,0.0332,0.0084,1.0912,0
2022-08-17,聯發科,0.0524,0.0477,0.0162,0.0248,0.7725,0
2022-08-17,台積電,0.054,0.0646,0.0383,0.0145,1.1194,0
2022-08-18,國泰金,0.0011,0.0488,0.0263,0.0085,0.6709,1
2022-08-18,台達電,0.0,0.09,0.0364,0.0144,0.4877,0
2022-08-18,台積電,0.0117,0.0379,0.0226,0.0148,0.7422,0
2022-08-18,富邦金,0.0017,0.092,0.0421,0.0105,0.5617,0
2022-08-18,鴻海,-0.0088,0.0616,0.0235,0.0088,0.8004,0
2022-08-18,聯發科,0.0478,-0.0196,0.0158,0.0197,0.725,0
2022-08-18,廣達,-0.0283,0.0237,0.0053,0.0119,0.7269,1
2022-08-18,中華電,-0.02,0.0251,0.0031,0.008,0.9023,0
2022-08-19,中華電,-0.028,0.0253,-0.0063,0.008,1.0928,1
2022-08-19,聯發科,0.0132,-0.017,0.0036,0.0196,0.738,0
2022-08-19,富邦金,0.0,0.092,0.0375,0.0105,0.5482,0
2022-08-19,廣達,-0.0136,0.0428,0.0133,0.0118,0.7176,0
2022-08-19,台積電,0.0039,0.0318,0.019,0.0148,0.5976,0
2022-08-19,國泰金,0.0053,0.0556,0.029,0.0085,0.5068,0
2022-08-19,鴻海,-0.0133,0.0472,0.0121,0.0092,0.5567,0
2022-08-19,台達電,0.0206,0.0988,0.0316,0.0142,0.4524,0
2022-08-22,台達電,-0.0146,0.0778,0.0184,0.0144,0.4018,0
2022-08-22,廣達,0.0167,0.0337,0.0028,0.012,0.3614,0
2022-08-22,鴻海,-0.0179,0.0233,0.0018,0.0091,0.3374,0
2022-08-22,國泰金,-0.0085,0.0296,0.0145,0.0089,0.5418,0
2022-08-22,聯發科,-0.0411,-0.016,-0.0188,0.0195,0.573,0
2022-08-22,富邦金,-0.0183,0.0592,0.0173,0.0113,0.5829,0
2022-08-22,中華電,-0.0201,0.0167,-0.0031,0.0076,0.3992,1
2022-08-22,台積電,-0.021,0.025,0.004,0.0151,0.4938,0
2022-08-23,鴻海,-0.009,0.0185,0.0009,0.009,0.5971,0
2022-08-23,富邦金,-0.03,0.0449,0.0014,0.0119,0.6937,1
2022-08-23,台積電,-0.04,0.0182,-0.0125,0.0154,0.8224,0
2022-08-23,聯發科,-0.0425,-0.0073,-0.0199,0.0194,0.6688,0
2022-08-23,台達電,-0.0239,0.0683,0.0001,0.0149,0.9802,1
2022-08-23,國泰金,-0.0159,0.0164,0.0018,0.0093,0.8983,0
2022-08-23,廣達,-0.0013,0.0294,-0.0087,0.0122,0.56,1
2022-08-23,中華電,-0.0081,0.0208,-0.0,0.0076,0.6125,0
2022-08-24,聯發科,-0.0512,-0.0148,-0.0322,0.0196,0.779,1
2022-08-24,國泰金,-0.0232,0.0243,0.0006,0.0091,0.6584,1
2022-08-24,台達電,-0.0202,0.0512,0.0014,0.0144,0.6385,1
2022-08-24,台積電,-0.0455,0.002,-0.0146,0.0151,0.6192,1
2022-08-24,中華電,-0.0081,0.0041,-0.0043,0.0072,0.8514,0
2022-08-24,鴻海,-0.0267,0.0139,-0.0043,0.0091,0.8279,0
2022-08-24,富邦金,-0.0364,0.0542,0.0005,0.0116,0.8332,0
2022-08-24,廣達,0.0077,0.0196,-0.0084,0.012,0.4845,1
2022-08-25,富邦金,-0.0283,0.0355,-0.0012,0.0111,1.0391,1
2022-08-25,國泰金,-0.0148,0.0164,0.0041,0.0088,0.7772,1
2022-08-25,廣達,0.0,0.0152,-0.0016,0.0118,0.4339,0
2022-08-25,台達電,-0.0165,0.0229,0.004,0.0127,0.5237,0
2022-08-25,中華電,-0.0041,0.0041,-0.0045,0.0072,0.7153,0
2022-08-25,鴻海,-0.0223,0.0092,-0.0048,0.0091,0.4822,1
2022-08-25,台積電,-0.0231,0.014,-0.0055,0.0152,0.4259,1
2022-08-25,聯發科,-0.0456,-0.0176,-0.027,0.0195,0.5969,1
2022-08-26,鴻海,-0.0045,0.0138,0.0036,0.0092,0.5878,0
2022-08-26,聯發科,-0.0216,-0.0073,-0.015,0.0197,0.605,0
2022-08-26,中華電,0.0041,0.0041,-0.0047,0.0072,0.7735,1
2022-08-26,台積電,-0.0135,0.0059,0.0021,0.0149,0.6102,0
2022-08-26,國泰金,-0.0158,0.0275,0.0071,0.0087,0.6925,0
2022-08-26,富邦金,-0.025,0.0428,0.0002,0.011,0.8632,0
2022-08-26,台達電,-0.0165,0.0388,0.0022,0.0121,0.8919,0
2022-08-26,廣達,-0.01,0.0128,-0.0022,0.0118,0.8705,0
2022-08-29,中華電,0.0082,0.0082,0.0031,0.0074,1.1175,0
2022-08-29,國泰金,-0.0277,0.0033,-0.0179,0.0104,1.6603,0
2022-08-29,富邦金,-0.0237,0.0177,-0.0161,0.0116,1.0252,0
2022-08-29,廣達,-0.0101,-0.0013,-0.011,0.012,0.8537,1
2022-08-29,台積電,-0.0264,-0.0109,-0.0238,0.016,1.249,0
2022-08-29,聯發科,-0.0355,-0.0591,-0.0485,0.0209,0.9885,1
2022-08-29,鴻海,-0.0182,-0.0092,-0.0186,0.0106,0.9059,1
2022-08-29,台達電,-0.0278,0.0155,-0.0191,0.0131,1.0659,1
2022-08-30,台達電,-0.0075,0.0213,-0.0146,0.0131,0.9918,0
2022-08-30,廣達,0.0038,-0.0013,-0.0071,0.012,0.735,1
2022-08-30,國泰金,-0.041,-0.0089,-0.0422,0.0115,3.7782,1
2022-08-30,台積電,-0.0159,0.0081,-0.0291,0.015,1.1807,1
2022-08-30,聯發科,-0.0281,-0.0381,-0.0409,0.0208,0.9736,1
2022-08-30,鴻海,-0.0136,0.0046,-0.0143,0.0104,0.7595,1
2022-08-30,富邦金,-0.0155,0.0124,-0.0218,0.0116,0.9723,1
2022-08-30,中華電,0.0,0.0,-0.001,0.0074,1.0159,0
2022-08-31,中華電,-0.0082,-0.0041,-0.0131,0.0077,1.7458,0
2022-08-31,聯發科,0.0,-0.0277,-0.0249,0.0211,0.9056,0
2022-08-31,台達電,-0.015,-0.0038,-0.0181,0.0122,0.8823,0
2022-08-31,國泰金,-0.0388,-0.0089,-0.0397,0.0115,1.5298,0
2022-08-31,廣達,0.0115,0.0102,0.0012,0.0121,1.1151,0
2022-08-31,鴻海,-0.0046,0.0046,-0.01,0.0104,1.0137,0
2022-08-31,富邦金,-0.0154,0.0141,-0.0207,0.0116,1.2659,0
2022-08-31,台積電,0.004,0.008,-0.0119,0.015,1.8656,0
2022-09-01,國泰金,-0.043,-0.0067,-0.0394,0.0115,1.5975,0
2022-09-01,廣達,-0.0114,-0.0026,-0.0138,0.0126,0.9358,0
2022-09-01,鴻海,-0.0183,-0.0046,-0.0234,0.0109,1.311,0
2022-09-01,富邦金,-0.0206,0.0196,-0.0268,0.0114,1.1567,0
2022-09-01,中華電,-0.0082,0.0041,-0.0133,0.0074,1.1909,0
2022-09-01,台達電,-0.0354,-0.0096,-0.0345,0.0126,1.409,0
2022-09-01,台積電,-0.0344,-0.019,-0.0394,0.0164,1.8006,0
2022-09-01,聯發科,-0.0328,-0.0526,-0.0502,0.022,1.4645,0
2022-09-02,台達電,-0.0485,-0.0286,-0.0462,0.0128,0.987,1
2022-09-02,國泰金,-0.0578,-0.0372,-0.0484,0.0107,1.4212,0
2022-09-02,富邦金,-0.0325,-0.007,-0.035,0.0109,0.7577,0
2022-09-02,台積電,-0.0527,-0.0601,-0.0472,0.0146,1.3873,1
2022-09-02,鴻海,-0.0271,-0.0046,-0.0232,0.0109,0.6066,1
2022-09-02,中華電,-0.0082,-0.0082,-0.0128,0.0069,1.0408,1
2022-09-02,廣達,-0.0139,-0.0152,-0.0156,0.0124,0.5172,1
2022-09-02,聯發科,-0.0855,-0.1353,-0.0847,0.0203,1.9071,1
2022-09-05,鴻海,0.0,0.0,-0.0186,0.0109,0.7508,1
2022-09-05,中華電,-0.0081,-0.0041,-0.0045,0.0071,0.8865,0
2022-09-05,台積電,-0.0251,-0.0508,-0.0428,0.0146,0.7417,1
2022-09-05,廣達,0.0115,-0.0063,0.0011,0.0128,1.1672,1
2022-09-05,聯發科,-0.0337,-0.11,-0.0631,0.021,1.1668,0
2022-09-05,富邦金,-0.0174,-0.0258,-0.0337,0.0099,0.7681,1
2022-09-05,國泰金,-0.034,-0.0455,-0.0462,0.0104,1.0082,1
2022-09-05,台達電,-0.0267,-0.034,-0.0427,0.0127,0.6097,1
2022-09-06,廣達,0.0115,-0.0124,0.0056,0.0127,0.9568,0
2022-09-06,富邦金,-0.007,-0.0173,-0.0278,0.01,0.7438,0
2022-09-06,台積電,-0.0141,-0.0412,-0.0349,0.0147,0.7871,0
2022-09-06,鴻海,0.0,-0.0046,-0.0139,0.0108,0.5935,0
2022-09-06,台達電,-0.0246,-0.0283,-0.0339,0.0128,0.7863,0
2022-09-06,聯發科,-0.0426,-0.0937,-0.0615,0.0207,0.8069,0
2022-09-06,中華電,-0.0082,-0.0082,-0.0082,0.0071,0.7784,0
2022-09-06,國泰金,-0.0045,-0.0401,-0.04,0.0105,0.7707,0
2022-09-07,台達電,-0.0228,-0.0551,-0.033,0.011,0.8701,1
2022-09-07,聯發科,-0.072,-0.0734,-0.0731,0.0194,1.0389,1
2022-09-07,國泰金,-0.0314,-0.07,-0.0605,0.0115,2.0193,0
2022-09-07,中華電,-0.0041,-0.0163,-0.0155,0.0073,0.9033,1
2022-09-07,鴻海,-0.0275,-0.0364,-0.0348,0.0117,1.198,1
2022-09-07,廣達,0.0,-0.027,0.0044,0.0123,0.8832,1
2022-09-07,台積電,-0.0644,-0.055,-0.065,0.0159,1.5828,1
2022-09-07,富邦金,-0.0226,-0.0361,-0.0397,0.0103,1.3862,1
2022-09-08,聯發科,-0.0386,-0.0701,-0.0638,0.0195,0.7259,1
2022-09-08,廣達,0.0218,-0.0185,0.0117,0.0124,0.6305,1
2022-09-08,中華電,0.0,-0.032,-0.0098,0.0055,0.7978,0
2022-09-08,鴻海,-0.0047,-0.0531,-0.0231,0.0099,0.6269,1
2022-09-08,台積電,-0.0316,-0.0759,-0.0564,0.0143,1.2628,1
2022-09-08,台達電,0.0368,-0.0165,0.0092,0.015,1.5673,1
2022-09-08,富邦金,-0.0105,-0.0568,-0.03,0.0076,1.054,1
2022-09-08,國泰金,-0.0314,-0.0858,-0.0564,0.0104,1.3704,1
2022-09-12,富邦金,0.0124,-0.045,-0.014,0.0085,1.442,1
2022-09-12,台積電,0.0031,-0.059,-0.0306,0.0155,0.9719,1
2022-09-12,台達電,0.0588,0.0112,0.0162,0.0144,1.053,0
2022-09-12,鴻海,0.0093,-0.0356,-0.0075,0.0105,0.8183,1
2022-09-12,聯發科,0.0113,-0.0833,-0.0537,0.0188,1.0815,0
2022-09-12,廣達,0.0372,-0.0012,0.0245,0.0127,1.0226,0
2022-09-12,中華電,0.0,-0.032,-0.0082,0.0055,1.2885,0
2022-09-12,國泰金,0.0,-0.0677,-0.0333,0.0118,1.2241,0
2022-09-13,台積電,0.0144,-0.0574,-0.0147,0.0156,0.7509,0
2022-09-13,廣達,0.0189,0.0373,0.0213,0.009,1.1954,0
2022-09-13,富邦金,0.0194,-0.0399,-0.0051,0.0087,1.0926,0
2022-09-13,台達電,0.0528,-0.0182,0.0134,0.0131,1.1391,0
2022-09-13,鴻海,0.0185,-0.0179,0.0071,0.0111,1.4426,0
2022-09-13,國泰金,-0.0091,-0.0772,-0.0382,0.0119,1.5074,0
2022-09-13,中華電,-0.0082,-0.0281,-0.0068,0.0055,0.9033,0
2022-09-13,聯發科,-0.0079,-0.1133,-0.0495,0.0168,0.9407,0
2022-09-14,台達電,0.0408,-0.0165,0.0105,0.0131,1.201,1
2022-09-14,廣達,-0.0038,0.0102,0.0018,0.01,1.3733,1
2022-09-14,中華電,-0.0165,-0.0324,-0.0175,0.0059,0.9926,0
2022-09-14,鴻海,-0.0092,-0.0315,-0.0142,0.012,1.171,1
2022-09-14,富邦金,-0.0035,-0.055,-0.0195,0.0093,1.3653,1
2022-09-14,聯發科,-0.0223,-0.1289,-0.0597,0.0169,1.3211,1
2022-09-14,台積電,-0.0184,-0.0857,-0.0363,0.0163,1.0256,0
2022-09-14,國泰金,-0.0316,-0.0902,-0.0514,0.0123,1.5771,1
2022-09-15,聯發科,-0.0048,-0.1238,-0.0519,0.017,0.7619,0
2022-09-15,富邦金,0.0125,-0.0612,-0.0147,0.009,0.9219,0
2022-09-15,台積電,0.0143,-0.0906,-0.0332,0.0162,1.0561,0
2022-09-15,廣達,0.0038,0.0231,0.0057,0.0098,1.4285,0
2022-09-15,中華電,-0.0124,-0.0325,-0.02,0.0059,1.229,0
2022-09-15,台達電,0.0525,-0.0073,0.0203,0.0133,0.9439,0
2022-09-15,國泰金,-0.0012,-0.0917,-0.0413,0.0122,0.7843,0
2022-09-15,鴻海,0.0189,-0.04,-0.0076,0.0116,0.7807,0
2022-09-16,台積電,-0.0006,-0.0871,-0.038,0.0162,1.7039,0
2022-09-16,中華電,-0.0248,-0.0367,-0.0264,0.006,2.2033,0
2022-09-16,國泰金,-0.0081,-0.0942,-0.0432,0.0122,1.282,0
2022-09-16,富邦金,0.0,-0.0583,-0.0169,0.009,1.684,1
2022-09-16,聯發科,-0.0369,-0.1453,-0.0692,0.0175,1.6677,1
2022-09-16,台達電,-0.0131,-0.0294,-0.0008,0.0141,1.3641,1
2022-09-16,廣達,-0.0038,0.0063,0.0042,0.0092,2.186,1
2022-09-16,鴻海,0.0047,-0.0402,-0.0101,0.0116,1.6512,0
2022-09-19,聯發科,-0.0367,-0.1284,-0.0565,0.0177,0.8906,1
2022-09-19,台積電,-0.0346,-0.095,-0.0434,0.0162,0.7439,1
2022-09-19,廣達,-0.0136,-0.0013,0.0068,0.009,1.1751,0
2022-09-19,國泰金,-0.0295,-0.1,-0.0392,0.012,0.6333,1
2022-09-19,鴻海,-0.0138,-0.036,-0.0129,0.0115,0.7632,1
2022-09-19,台達電,-0.0037,-0.0128,0.0168,0.0147,0.7091,1
2022-09-19,富邦金,-0.0087,-0.0533,-0.0089,0.0091,0.8493,1
2022-09-19,中華電,-0.0248,-0.0288,-0.025,0.0059,0.6392,0
2022-09-20,鴻海,-0.0136,-0.0136,0.0016,0.0119,1.1062,0
2022-09-20,廣達,-0.0173,0.0025,0.0016,0.0088,1.2826,0
2022-09-20,台達電,0.0074,0.0037,0.0242,0.0147,0.8489,0
2022-09-20,台積電,-0.0279,-0.064,-0.0206,0.017,0.8438,0
2022-09-20,中華電,-0.0248,-0.0328,-0.0234,0.0057,0.6667,0
2022-09-20,聯發科,-0.0335,-0.1064,-0.0496,0.0174,0.6693,0
2022-09-20,富邦金,-0.0139,-0.0356,-0.0053,0.0086,0.8822,0
2022-09-20,國泰金,-0.0137,-0.0821,-0.0283,0.0122,0.5516,0
2022-09-21,國泰金,-0.007,-0.082,-0.0354,0.0122,0.6898,0
2022-09-21,聯發科,-0.0163,-0.105,-0.0442,0.0174,0.8904,0
2022-09-21,富邦金,-0.0035,-0.0292,-0.0109,0.0082,1.3317,1
2022-09-21,台積電,-0.0131,-0.0601,-0.0289,0.0169,1.0164,0
2022-09-21,廣達,-0.0076,0.0038,-0.0075,0.0087,1.5118,1
2022-09-21,中華電,-0.0167,-0.0408,-0.0255,0.0056,0.8483,0
2022-09-21,台達電,-0.0037,0.0038,0.0089,0.0147,0.683,1
2022-09-21,鴻海,-0.0047,-0.0273,-0.0109,0.0122,1.0924,0
2022-09-22,中華電,-0.0252,-0.0492,-0.0355,0.0061,0.9495,0
2022-09-22,聯發科,-0.0406,-0.1139,-0.0607,0.0178,1.1234,0
2022-09-22,台積電,-0.0252,-0.0712,-0.0388,0.017,1.2108,0
2022-09-22,富邦金,0.0056,-0.0202,0.001,0.0086,1.6058,0
2022-09-22,台達電,-0.0018,0.0112,0.0196,0.0149,0.7822,0
2022-09-22,國泰金,-0.0336,-0.1014,-0.0508,0.0127,1.5396,1
2022-09-22,廣達,-0.0075,0.0077,-0.0028,0.0088,1.5799,0
2022-09-22,鴻海,-0.0093,-0.0228,-0.0097,0.0122,1.0193,0
2022-09-23,富邦金,-0.0002,-0.031,-0.0084,0.0089,0.6558,0
2022-09-23,聯發科,-0.0333,-0.1343,-0.0716,0.0178,0.8322,0
2022-09-23,廣達,-0.0277,-0.0215,-0.0232,0.0099,0.6519,0
2022-09-23,中華電,-0.0254,-0.0574,-0.0411,0.0062,1.453,1
2022-09-23,台積電,-0.036,-0.0992,-0.0536,0.0171,1.1646,0
2022-09-23,台達電,0.0076,-0.0056,0.0067,0.0152,0.5136,0
2022-09-23,國泰金,-0.0164,-0.0956,-0.0356,0.013,0.6011,0
2022-09-23,鴻海,-0.0093,-0.0274,-0.013,0.0122,0.6476,0
2022-09-26,國泰金,-0.0292,-0.1123,-0.0436,0.013,0.994,0
2022-09-26,台積電,-0.0439,-0.1229,-0.0652,0.0171,1.2194,1
2022-09-26,富邦金,-0.0221,-0.0505,-0.0225,0.0095,1.5196,0
2022-09-26,鴻海,-0.028,-0.0588,-0.0332,0.0129,1.6379,0
2022-09-26,廣達,-0.0402,-0.0316,-0.0318,0.0101,0.9147,1
2022-09-26,台達電,-0.0316,-0.028,-0.0146,0.016,1.1691,1
2022-09-26,中華電,-0.0127,-0.0451,-0.0263,0.0071,1.0871,0
2022-09-26,聯發科,-0.0579,-0.1608,-0.0811,0.0174,0.9996,0
2022-09-27,聯發科,-0.0612,-0.1302,-0.0764,0.0162,0.8674,0
2022-09-27,台積電,-0.0598,-0.0961,-0.0573,0.0166,0.944,0
2022-09-27,中華電,-0.0169,-0.0569,-0.0277,0.0067,0.4879,1
2022-09-27,廣達,-0.029,-0.0166,-0.0246,0.0101,0.8962,1
2022-09-27,國泰金,-0.0488,-0.102,-0.0512,0.0124,0.9495,0
2022-09-27,台達電,-0.0332,-0.0019,-0.0088,0.0154,1.003,0
2022-09-27,鴻海,-0.0461,-0.0417,-0.0359,0.0121,0.8663,0
2022-09-27,富邦金,-0.0423,-0.0539,-0.0383,0.0097,1.2163,0
2022-09-28,中華電,-0.0085,-0.049,-0.021,0.0069,1.4837,0
2022-09-28,台積電,-0.0701,-0.1118,-0.073,0.017,1.2765,0
2022-09-28,富邦金,-0.0689,-0.0819,-0.0678,0.0121,1.4829,1
2022-09-28,鴻海,-0.0607,-0.0737,-0.0603,0.0134,1.8818,1
2022-09-28,國泰金,-0.0646,-0.1046,-0.0729,0.0126,1.7218,1
2022-09-28,台達電,-0.0562,-0.0455,-0.0445,0.0175,1.3877,1
2022-09-28,廣達,-0.0115,-0.0115,-0.0152,0.0103,0.9982,1
2022-09-28,聯發科,-0.0992,-0.1705,-0.1057,0.0175,1.3757,0
2022-09-29,中華電,0.0,-0.0413,-0.0232,0.0065,1.6902,0
2022-09-29,鴻海,-0.0514,-0.0688,-0.0476,0.0136,1.5209,1
2022-09-29,台積電,-0.0635,-0.1337,-0.0727,0.0161,1.5199,0
2022-09-29,台達電,-0.0648,-0.0399,-0.0407,0.0175,1.264,1
2022-09-29,聯發科,-0.0812,-0.1859,-0.0998,0.0166,1.4773,1
2022-09-29,廣達,-0.0101,-0.0139,-0.0082,0.0102,1.131,0
2022-09-29,國泰金,-0.036,-0.0988,-0.0599,0.0129,1.2884,0
2022-09-29,富邦金,-0.0754,-0.0799,-0.0603,0.0122,1.1537,0
2022-09-30,國泰金,-0.0511,-0.1033,-0.0595,0.0129,1.5109,0
2022-09-30,台積電,-0.0725,-0.1347,-0.0941,0.0161,1.7556,0
2022-09-30,聯發科,-0.05,-0.1497,-0.0791,0.0169,1.0837,0
2022-09-30,中華電,-0.0087,-0.0579,-0.0372,0.0073,1.1937,0
2022-09-30,台達電,-0.0507,-0.0213,-0.0377,0.0172,1.211,0
2022-09-30,廣達,-0.0039,-0.0141,-0.0227,0.0102,1.0173,0
2022-09-30,鴻海,-0.0423,-0.0512,-0.0405,0.0135,1.0717,0
2022-09-30,富邦金,-0.0725,-0.0824,-0.0638,0.0122,1.8721,0
2022-10-03,富邦金,-0.0756,-0.0928,-0.0783,0.0127,0.9431,1
2022-10-03,國泰金,-0.0602,-0.1146,-0.0764,0.0135,1.0086,1
2022-10-03,廣達,-0.0301,-0.0475,-0.056,0.013,0.8625,1
2022-10-03,聯發科,-0.0369,-0.1161,-0.0786,0.0147,0.6407,1
2022-10-03,鴻海,-0.0288,-0.0605,-0.0469,0.0136,0.7973,1
2022-10-03,台積電,-0.0661,-0.1353,-0.0985,0.0161,1.2968,1
2022-10-03,台達電,-0.0326,-0.0118,-0.041,0.0169,0.5636,1
2022-10-03,中華電,-0.0429,-0.0785,-0.0545,0.0084,1.9743,1
2022-10-04,台達電,-0.0134,0.0117,-0.0168,0.0179,0.7803,1
2022-10-04,國泰金,-0.0342,-0.1022,-0.0583,0.0141,1.0733,1
2022-10-04,鴻海,-0.0097,-0.0509,-0.0303,0.014,0.6638,1
2022-10-04,富邦金,-0.0472,-0.0826,-0.064,0.0131,0.7378,1
2022-10-04,台積電,-0.0424,-0.1122,-0.0671,0.018,1.3913,1
2022-10-04,廣達,-0.0104,-0.0379,-0.0287,0.0139,1.0056,0
2022-10-04,中華電,-0.0345,-0.082,-0.0462,0.0082,1.3262,0
2022-10-04,聯發科,0.0088,-0.0919,-0.0318,0.018,0.895,1
2022-10-05,中華電,-0.0429,-0.0823,-0.0464,0.0082,1.0716,0
2022-10-05,聯發科,0.0991,-0.0477,0.0147,0.0212,1.8271,0
2022-10-05,鴻海,0.0647,-0.0138,0.013,0.0174,1.8824,1
2022-10-05,國泰金,0.0239,-0.0791,-0.0257,0.0161,1.3379,1
2022-10-05,台達電,0.0694,0.0466,0.0227,0.0202,1.4965,1
2022-10-05,富邦金,0.01,-0.0663,-0.0389,0.0144,0.8489,1
2022-10-05,廣達,-0.0193,-0.0415,-0.0267,0.0139,0.9546,0
2022-10-05,台積電,0.016,-0.0847,-0.028,0.0202,1.524,1
2022-10-06,聯發科,0.081,-0.0517,-0.003,0.0214,1.2857,0
2022-10-06,國泰金,0.0162,-0.0545,-0.0218,0.0154,0.5843,0
2022-10-06,富邦金,0.008,-0.0511,-0.0345,0.0142,0.6052,0
2022-10-06,台達電,0.103,0.0837,0.0525,0.0213,2.0808,0
2022-10-06,廣達,-0.0281,-0.0416,-0.0272,0.0139,1.1567,0
2022-10-06,鴻海,0.0591,0.0142,0.017,0.0166,0.9852,0
2022-10-06,中華電,-0.0474,-0.083,-0.0509,0.0082,1.0728,0
2022-10-06,台積電,0.0368,-0.04,-0.0129,0.0194,1.0013,0
2022-10-07,台達電,0.087,0.0261,0.0379,0.0195,1.0356,0
2022-10-07,聯發科,0.0272,-0.0915,-0.034,0.0225,1.1027,0
2022-10-07,國泰金,0.0138,-0.0614,-0.0259,0.0154,0.6241,0
2022-10-07,鴻海,0.0539,0.0047,0.0168,0.0165,0.7855,0
2022-10-07,台積電,0.0379,-0.0726,-0.0377,0.0202,1.0475,0
2022-10-07,廣達,-0.0286,-0.0627,-0.0395,0.014,0.8278,0
2022-10-07,富邦金,0.016,-0.0578,-0.0317,0.014,0.3668,0
2022-10-07,中華電,-0.0307,-0.0868,-0.0466,0.008,0.9863,0
2022-10-11,國泰金,0.0154,-0.101,-0.0424,0.0149,1.2448,0
2022-10-11,聯發科,0.0091,-0.118,-0.0502,0.0227,1.439,0
2022-10-11,富邦金,0.0123,-0.0929,-0.05,0.0141,1.1032,1
2022-10-11,台達電,0.0496,-0.0204,-0.0007,0.0214,1.9752,1
2022-10-11,中華電,-0.0224,-0.0992,-0.0546,0.0082,1.2457,1
2022-10-11,鴻海,0.0297,-0.0415,-0.0142,0.0177,1.3008,0
2022-10-11,台積電,-0.0372,-0.17,-0.1098,0.0259,2.8008,0
2022-10-11,廣達,-0.0162,-0.0965,-0.0579,0.0143,1.3742,1
2022-10-12,台積電,-0.0734,-0.1891,-0.1096,0.0254,1.4858,0
2022-10-12,台達電,0.0522,0.0112,0.0271,0.0223,1.5218,0
2022-10-12,聯發科,-0.0419,-0.123,-0.0507,0.0227,1.1879,0
2022-10-12,中華電,-0.0179,-0.0909,-0.0414,0.0087,0.8559,0
2022-10-12,國泰金,0.0,-0.0939,-0.0388,0.0149,0.8255,0
2022-10-12,富邦金,0.003,-0.0974,-0.0432,0.014,0.658,0
2022-10-12,廣達,-0.0315,-0.0855,-0.0433,0.0147,0.8202,0
2022-10-12,鴻海,0.0049,-0.0636,-0.0204,0.0174,1.2969,1
2022-10-13,中華電,-0.0224,-0.0879,-0.0457,0.0086,0.9094,0
2022-10-13,台達電,-0.0056,0.0,0.012,0.0226,1.2443,0
2022-10-13,聯發科,-0.0918,-0.1154,-0.0536,0.0226,1.1739,1
2022-10-13,國泰金,-0.081,-0.126,-0.0838,0.0182,2.7724,1
2022-10-13,廣達,-0.0486,-0.0846,-0.0561,0.0147,0.8671,0
2022-10-13,富邦金,-0.0484,-0.1083,-0.0659,0.0148,1.1281,1
2022-10-13,鴻海,-0.0327,-0.0372,-0.0138,0.0168,1.0035,1
2022-10-13,台積電,-0.1124,-0.1723,-0.1069,0.0251,1.0332,1
2022-10-14,廣達,-0.0461,-0.0892,-0.0517,0.0145,0.7809,0
2022-10-14,富邦金,-0.0444,-0.1044,-0.0549,0.0149,0.7142,1
2022-10-14,中華電,-0.0136,-0.084,-0.0415,0.0087,1.1499,0
2022-10-14,鴻海,-0.0233,-0.0278,0.0019,0.0172,0.8443,0
2022-10-14,聯發科,-0.0034,-0.0503,0.0205,0.029,1.5227,0
2022-10-14,台積電,-0.0865,-0.1354,-0.0617,0.0276,1.4196,0
2022-10-14,台達電,-0.0449,-0.0166,0.0053,0.0225,0.9881,1
2022-10-14,國泰金,-0.0772,-0.1265,-0.0728,0.0182,1.2624,0
2022-10-17,鴻海,-0.0233,-0.0233,0.0031,0.0172,0.9681,0
2022-10-17,富邦金,-0.0394,-0.095,-0.0452,0.0151,0.6901,1
2022-10-17,台積電,-0.0936,-0.1589,-0.088,0.0284,1.0778,1
2022-10-17,台達電,-0.0236,0.0151,0.014,0.022,1.3718,1
2022-10-17,聯發科,0.0212,-0.0367,0.0102,0.0285,1.0989,1
2022-10-17,中華電,-0.0136,-0.0763,-0.0377,0.0087,0.7304,0
2022-10-17,廣達,-0.0468,-0.1031,-0.0623,0.0147,1.5104,0
2022-10-17,國泰金,-0.0704,-0.1203,-0.0669,0.0182,1.1089,1
2022-10-18,台積電,0.0137,-0.1285,-0.0586,0.0294,1.0109,0
2022-10-18,國泰金,-0.0366,-0.1076,-0.049,0.0187,0.8728,1
2022-10-18,中華電,-0.0046,-0.0805,-0.0381,0.0086,0.9299,0
2022-10-18,聯發科,0.0633,-0.0265,0.0291,0.0288,1.0711,0
2022-10-18,富邦金,0.0202,-0.0665,-0.0064,0.0177,0.8042,0
2022-10-18,廣達,-0.0315,-0.1129,-0.0647,0.0146,1.5548,0
2022-10-18,鴻海,-0.0048,-0.0327,-0.0096,0.0174,1.2714,0
2022-10-18,台達電,0.0302,0.013,0.0284,0.022,1.2237,0
2022-10-19,台達電,-0.0147,-0.0111,0.012,0.0222,0.6975,0
2022-10-19,聯發科,0.051,-0.0463,0.0124,0.029,0.9436,0
2022-10-19,鴻海,0.0,-0.0507,-0.0118,0.017,1.7038,0
2022-10-19,國泰金,-0.0316,-0.1103,-0.0396,0.0186,0.8198,0
2022-10-19,富邦金,0.0161,-0.0699,-0.0047,0.0176,1.0315,0
2022-10-19,台積電,-0.005,-0.17,-0.0765,0.0291,1.1317,1
2022-10-19,廣達,-0.0434,-0.1097,-0.0606,0.0147,1.0523,0
2022-10-19,中華電,-0.0227,-0.089,-0.0425,0.0086,1.0628,0
2022-10-20,鴻海,-0.0097,-0.0421,-0.0144,0.0168,1.7303,1
2022-10-20,台積電,0.0063,-0.1561,-0.0638,0.0292,1.2477,0
2022-10-20,國泰金,0.0107,-0.1105,-0.0453,0.0186,0.9818,0
2022-10-20,富邦金,0.0374,-0.0717,-0.0098,0.0176,0.9364,0
2022-10-20,聯發科,0.0478,-0.0579,0.0032,0.0291,1.3301,0
2022-10-20,中華電,-0.0183,-0.0894,-0.0425,0.0086,1.75,1
2022-10-20,廣達,-0.0345,-0.1094,-0.0632,0.0147,1.3785,0
2022-10-20,台達電,-0.0093,-0.0056,0.0028,0.0221,1.1256,1
2022-10-21,富邦金,0.0248,-0.0873,-0.0111,0.0173,0.5248,1
2022-10-21,聯發科,-0.0308,-0.0406,-0.0,0.0287,0.7774,1
2022-10-21,鴻海,-0.0143,-0.0327,-0.0031,0.017,0.7225,0
2022-10-21,國泰金,-0.0292,-0.1224,-0.0721,0.0194,1.5307,1
2022-10-21,中華電,-0.0092,-0.069,-0.0301,0.0089,0.4775,0
2022-10-21,廣達,-0.051,-0.1291,-0.073,0.0147,0.6298,1
2022-10-21,台積電,-0.0546,-0.1615,-0.0745,0.0293,0.8405,0
2022-10-21,台達電,0.0038,-0.0111,0.0091,0.022,0.8958,1
2022-10-24,聯發科,0.0173,0.0138,0.0363,0.0297,0.8809,0
2022-10-24,富邦金,0.0226,-0.0743,-0.0041,0.0173,0.5661,1
2022-10-24,台達電,0.0,0.0075,0.0144,0.0218,1.0254,0
2022-10-24,鴻海,-0.019,-0.0329,-0.0063,0.017,0.8552,1
2022-10-24,國泰金,-0.0173,-0.1211,-0.0546,0.0195,0.5798,1
2022-10-24,台積電,-0.0252,-0.1495,-0.0729,0.0292,1.0717,0
2022-10-24,中華電,-0.0138,-0.0652,-0.0313,0.0089,0.8833,1
2022-10-24,廣達,-0.0281,-0.1035,-0.0612,0.0145,0.5944,0
2022-10-25,台達電,-0.0477,-0.0038,-0.0195,0.0225,1.6882,0
2022-10-25,台積電,-0.0885,-0.1691,-0.1032,0.03,1.6688,1
2022-10-25,聯發科,-0.0425,-0.0105,-0.0072,0.031,0.9791,1
2022-10-25,富邦金,-0.0109,-0.0558,0.0018,0.0171,0.8623,1
2022-10-25,鴻海,0.0,-0.0048,-0.0012,0.0163,1.0867,1
2022-10-25,中華電,0.0184,-0.0515,-0.0016,0.0107,1.8601,0
2022-10-25,國泰金,-0.017,-0.0964,-0.0369,0.0199,0.6259,1
2022-10-25,廣達,-0.0269,-0.1007,-0.0631,0.0145,0.9208,0
2022-10-26,廣達,-0.0326,-0.113,-0.0643,0.0142,0.752,0
2022-10-26,鴻海,0.0097,0.0048,0.0034,0.0163,0.8286,0
2022-10-26,聯發科,0.0035,0.0194,0.02,0.0316,0.984,1
2022-10-26,富邦金,0.0,-0.0289,0.0124,0.0168,0.7382,1
2022-10-26,台達電,-0.0448,-0.0229,-0.0316,0.0227,1.0371,1
2022-10-26,台積電,-0.0493,-0.1607,-0.0831,0.0303,1.2393,1
2022-10-26,中華電,0.0093,-0.0647,-0.0163,0.0113,1.1142,1
2022-10-26,國泰金,0.0052,-0.0598,-0.0081,0.021,0.8682,0
2022-10-27,聯發科,0.0333,0.0807,0.0336,0.0302,0.9212,0
2022-10-27,台積電,-0.0302,-0.1199,-0.0539,0.031,0.9508,0
2022-10-27,廣達,-0.0271,-0.1236,-0.0609,0.0138,0.8009,0
2022-10-27,鴻海,0.0146,0.0348,0.0017,0.0147,0.9402,0
2022-10-27,國泰金,0.0172,-0.0327,-0.0064,0.0201,0.7485,0
2022-10-27,台達電,-0.0282,0.0238,-0.0251,0.021,0.8158,0
2022-10-27,富邦金,0.023,0.02,0.0254,0.0152,0.9063,1
2022-10-27,中華電,0.0234,-0.0601,-0.0041,0.0115,1.0934,0
2022-10-28,富邦金,0.0373,0.0239,0.0322,0.0153,0.601,0
2022-10-28,鴻海,0.0048,0.0246,0.0005,0.0146,0.6863,0
2022-10-28,台達電,-0.0337,0.0218,-0.0261,0.021,1.0104,0
2022-10-28,台積電,-0.0257,-0.1276,-0.0622,0.0311,0.8371,1
2022-10-28,中華電,0.0093,-0.0603,-0.0055,0.0115,0.6378,1
2022-10-28,廣達,-0.016,-0.1343,-0.0596,0.0135,0.6007,1
2022-10-28,國泰金,0.0465,-0.0473,-0.0104,0.02,0.7386,0
2022-10-28,聯發科,-0.0035,0.0405,-0.0104,0.0318,0.9326,1
2022-10-31,中華電,0.0326,-0.0263,0.0142,0.0119,0.8602,0
2022-10-31,國泰金,0.0216,-0.0538,-0.0193,0.0201,0.6308,1
2022-10-31,台達電,-0.041,0.0178,-0.0289,0.021,1.0382,1
2022-10-31,富邦金,0.0241,0.022,0.021,0.0153,0.867,1
2022-10-31,台積電,0.0078,-0.0758,-0.0324,0.0315,0.8084,1
2022-10-31,鴻海,-0.0049,0.0049,-0.0142,0.015,1.3148,0
2022-10-31,廣達,-0.013,-0.1117,-0.0442,0.0139,0.661,0
2022-10-31,聯發科,0.0034,0.0708,0.0298,0.0331,2.333,1
2022-11-01,台積電,0.0553,-0.0612,-0.0256,0.0315,0.867,1
2022-11-01,台達電,0.0058,0.0357,-0.0173,0.0211,0.9455,1
2022-11-01,聯發科,0.0639,0.0931,0.0409,0.0331,1.0608,0
2022-11-01,富邦金,0.041,0.0634,0.0378,0.015,0.6842,0
2022-11-01,國泰金,0.016,-0.0231,-0.0104,0.0196,0.486,1
2022-11-01,廣達,-0.0262,-0.097,-0.059,0.0124,1.2793,1
2022-11-01,中華電,-0.009,-0.0179,0.0014,0.0113,0.5208,0
2022-11-01,鴻海,-0.0193,0.005,-0.024,0.015,1.3564,1
2022-11-02,富邦金,0.0298,0.0495,0.0333,0.0149,0.6082,0
2022-11-02,鴻海,-0.0192,-0.0049,-0.019,0.0147,0.8136,0
2022-11-02,國泰金,0.0,-0.0265,0.0014,0.0195,0.5902,1
2022-11-02,廣達,-0.0146,-0.1168,-0.0488,0.0102,1.0366,0
2022-11-02,中華電,0.0,-0.0313,-0.0062,0.0114,0.8239,0
2022-11-02,台積電,0.0505,-0.0793,-0.0127,0.0307,0.4806,0
2022-11-02,台達電,0.0488,0.0387,0.009,0.0213,1.1282,0
2022-11-02,聯發科,0.0345,0.0454,0.0386,0.0317,0.9076,1
2022-11-03,台積電,-0.0039,-0.1371,-0.0329,0.0296,0.8535,0
2022-11-03,中華電,-0.0091,-0.0269,-0.0048,0.0114,0.4991,0
2022-11-03,廣達,-0.0191,-0.1234,-0.0496,0.0101,0.805,0
2022-11-03,鴻海,-0.0288,-0.0561,-0.0258,0.0105,1.1426,0
2022-11-03,台達電,0.0349,-0.0093,0.0039,0.0191,0.5325,1
2022-11-03,富邦金,0.0117,0.0217,0.0282,0.0141,0.6934,0
2022-11-03,國泰金,0.0091,-0.0466,0.013,0.0182,0.7199,1
2022-11-03,聯發科,0.0187,0.0017,0.0402,0.03,0.8859,0
2022-11-04,台達電,0.0446,-0.0323,0.015,0.0176,0.542,1
2022-11-04,台積電,0.0066,-0.153,-0.0295,0.0292,0.6113,1
2022-11-04,富邦金,0.0,0.0158,0.0234,0.0142,0.5977,1
2022-11-04,聯發科,0.0566,0.017,0.0341,0.0297,0.6194,1
2022-11-04,國泰金,0.0183,-0.0453,0.018,0.0182,0.5297,1
2022-11-04,中華電,-0.0046,-0.0181,-0.0039,0.0112,1.1563,0
2022-11-04,鴻海,-0.0337,-0.0651,-0.0273,0.0103,1.3685,0
2022-11-04,廣達,-0.0148,-0.1224,-0.0447,0.0101,0.7944,1
2022-11-07,廣達,-0.0073,-0.0922,-0.0227,0.0112,0.9901,1
2022-11-07,鴻海,-0.0244,-0.0698,-0.0287,0.0103,1.114,0
2022-11-07,聯發科,0.0508,0.0954,0.069,0.0294,1.1302,0
2022-11-07,中華電,-0.027,-0.0226,-0.0074,0.0112,0.6494,1
2022-11-07,台積電,0.0,-0.1096,-0.0031,0.0294,0.759,1
2022-11-07,富邦金,0.0353,0.0414,0.047,0.0152,0.8247,1
2022-11-07,國泰金,0.0463,-0.0235,0.035,0.0186,0.5893,1
2022-11-07,台達電,0.0602,-0.0073,0.0285,0.0177,0.7659,1
2022-11-08,台積電,0.0192,-0.0062,0.0203,0.0236,0.7331,1
2022-11-08,台達電,0.0498,0.0359,0.0305,0.0153,0.9246,0
2022-11-08,國泰金,0.042,0.0025,0.0388,0.0179,0.6665,1
2022-11-08,鴻海,-0.0148,-0.0385,-0.0268,0.0077,0.8324,1
2022-11-08,廣達,0.0164,-0.0671,-0.0163,0.0104,1.3233,1
2022-11-08,富邦金,0.0231,0.0747,0.0511,0.0139,0.8948,1
2022-11-08,聯發科,0.0351,0.1212,0.0628,0.0287,1.096,1
2022-11-08,中華電,-0.0091,-0.0046,-0.0025,0.0109,0.4792,1
2022-11-09,台積電,0.0557,0.0491,0.0636,0.0256,1.2052,0
2022-11-09,聯發科,0.0851,0.184,0.1047,0.03,1.6214,1
2022-11-09,鴻海,0.0049,-0.0049,-0.0022,0.0096,1.1164,0
2022-11-09,廣達,0.0267,-0.0637,0.0015,0.0107,0.8479,0
2022-11-09,富邦金,0.0347,0.0827,0.0567,0.014,1.2113,0
2022-11-09,台達電,0.0205,0.0074,0.0301,0.0139,0.7767,0
2022-11-09,國泰金,0.0429,0.0152,0.0497,0.0181,0.8288,0
2022-11-09,中華電,0.0046,-0.0091,0.0025,0.0107,1.2072,0
2022-11-10,台達電,0.015,0.0112,0.0182,0.0137,0.5481,1
2022-11-10,廣達,0.0195,-0.0607,-0.0098,0.0105,0.9085,1
2022-11-10,國泰金,0.0206,0.0587,0.0337,0.0134,0.8551,1
2022-11-10,富邦金,0.0213,0.0966,0.0343,0.0126,0.8947,1
2022-11-10,台積電,0.0612,0.0316,0.0378,0.0261,0.7442,1
2022-11-10,鴻海,-0.005,-0.029,-0.0202,0.0104,1.0655,0
2022-11-10,聯發科,0.1,0.2132,0.1107,0.0298,0.9624,1
2022-11-10,中華電,0.0,-0.0046,-0.0018,0.0106,0.7083,1
2022-11-11,台積電,0.1558,0.0716,0.1201,0.0306,1.8047,1
2022-11-11,台達電,0.0519,0.0658,0.0617,0.0169,1.8982,1
2022-11-11,富邦金,0.0777,0.1455,0.0797,0.0164,3.0232,1
2022-11-11,國泰金,0.0757,0.1129,0.0863,0.018,2.4051,0
2022-11-11,鴻海,-0.005,-0.0476,-0.0227,0.0097,2.2326,1
2022-11-11,中華電,0.0092,0.0046,0.0071,0.0108,1.4311,0
2022-11-11,廣達,0.057,-0.0276,0.0266,0.0135,1.5052,1
2022-11-11,聯發科,0.1725,0.1966,0.1668,0.0282,2.0301,0
2022-11-14,國泰金,0.0556,0.1089,0.0767,0.0181,1.5736,1
2022-11-14,中華電,0.0139,0.0046,0.0069,0.0108,2.014,0
2022-11-14,台達電,0.0458,0.0633,0.0658,0.0169,1.0124,1
2022-11-14,富邦金,0.0663,0.1561,0.0872,0.0165,1.4713,1
2022-11-14,聯發科,0.1242,0.2059,0.1504,0.0279,1.2084,1
2022-11-14,台積電,0.141,0.1209,0.1222,0.0291,1.3654,1
2022-11-14,廣達,0.0751,0.0238,0.0617,0.0153,2.5244,0
2022-11-14,鴻海,0.015,-0.0333,-0.0064,0.0105,1.6067,0
2022-11-15,中華電,0.0046,0.0046,0.0021,0.0108,1.1778,0
2022-11-15,廣達,0.0631,0.024,0.0516,0.0153,1.313,0
2022-11-15,台達電,0.0693,0.0752,0.0896,0.0175,1.5239,0
2022-11-15,富邦金,0.0602,0.1168,0.083,0.0149,1.1099,0
2022-11-15,台積電,0.203,0.1794,0.1994,0.0332,2.3128,1
2022-11-15,國泰金,0.068,0.1114,0.0875,0.0181,1.0934,0
2022-11-15,鴻海,0.015,-0.0193,-0.0054,0.0101,1.1129,0
2022-11-15,聯發科,0.1645,0.2279,0.1786,0.0285,1.6456,1
2022-11-16,國泰金,0.0386,0.0888,0.0649,0.0188,0.9423,0
2022-11-16,廣達,0.0318,0.0099,0.0351,0.0158,1.1665,0
2022-11-16,中華電,-0.0046,0.0093,-0.003,0.0106,1.2937,0
2022-11-16,鴻海,-0.0098,-0.0146,-0.0047,0.01,1.1185,0
2022-11-16,台積電,0.1679,0.2314,0.2031,0.032,1.6812,0
2022-11-16,富邦金,0.0335,0.1012,0.0605,0.0156,1.3027,0
2022-11-16,台達電,0.0529,0.0765,0.0688,0.0174,1.2799,1
2022-11-16,聯發科,0.1215,0.2634,0.1754,0.0277,1.1771,0
2022-11-17,中華電,-0.0046,0.0093,-0.008,0.0106,1.1129,1
2022-11-17,聯發科,0.0985,0.2719,0.1546,0.0274,0.8093,0
2022-11-17,廣達,0.0411,0.0129,0.0287,0.0157,1.2998,1
2022-11-17,國泰金,0.0479,0.0978,0.0561,0.0185,0.6387,1
2022-11-17,鴻海,0.01,-0.0098,-0.0042,0.01,0.6519,0
2022-11-17,台達電,0.0775,0.0998,0.0765,0.0172,0.6028,1
2022-11-17,富邦金,0.0511,0.1111,0.0549,0.0153,0.6109,0
2022-11-17,台積電,0.1902,0.2201,0.1854,0.0322,0.8922,1
2022-11-18,台達電,0.0335,0.0974,0.075,0.0172,0.6018,1
2022-11-18,中華電,-0.0046,0.0093,0.0007,0.0106,0.6545,0
2022-11-18,國泰金,0.0,0.1464,0.0578,0.016,0.625,1
2022-11-18,聯發科,0.0314,0.2734,0.1358,0.0274,0.6427,0
2022-11-18,富邦金,-0.0036,0.1138,0.0455,0.0152,0.6083,1
2022-11-18,鴻海,0.005,-0.029,-0.0125,0.0099,1.05,0
2022-11-18,廣達,0.0142,0.0392,0.0353,0.0152,0.9752,0
2022-11-18,台積電,0.1031,0.2503,0.1763,0.0314,0.7087,0
2022-11-21,聯發科,0.033,0.2245,0.121,0.0269,0.5206,0
2022-11-21,國泰金,0.0084,0.1378,0.0561,0.016,0.8379,1
2022-11-21,富邦金,-0.0142,0.1145,0.0437,0.0152,0.7767,1
2022-11-21,中華電,-0.0046,0.014,-0.0,0.0106,0.5189,0
2022-11-21,台達電,0.028,0.0931,0.072,0.0172,0.8011,0
2022-11-21,台積電,0.0831,0.2455,0.151,0.0315,0.5972,1
2022-11-21,廣達,-0.0342,0.0173,0.02,0.0155,0.5686,1
2022-11-21,鴻海,-0.0148,-0.0291,-0.016,0.0099,0.7324,1
2022-11-22,台積電,0.0229,0.3235,0.1559,0.029,0.7813,1
2022-11-22,聯發科,-0.0125,0.2664,0.0973,0.0244,0.7461,0
2022-11-22,國泰金,-0.0047,0.1253,0.0524,0.0159,1.0214,1
2022-11-22,中華電,-0.0046,-0.0181,-0.0037,0.0085,0.6521,1
2022-11-22,鴻海,-0.0099,-0.029,-0.0096,0.0099,0.6969,0
2022-11-22,富邦金,-0.0089,0.1191,0.0453,0.0152,0.6763,1
2022-11-22,台達電,0.0017,0.131,0.0653,0.0148,0.8796,1
2022-11-22,廣達,-0.0249,0.0262,0.0201,0.0154,0.659,1
2022-11-23,聯發科,-0.0329,0.2176,0.0745,0.0246,0.3805,1
2022-11-23,國泰金,0.0252,0.1104,0.0605,0.0153,0.9433,0
2022-11-23,鴻海,-0.0099,-0.0337,-0.0079,0.0098,0.771,1
2022-11-23,中華電,0.0046,0.0046,0.0007,0.0075,0.608,1
2022-11-23,台積電,0.0103,0.3085,0.1427,0.0291,0.7195,1
2022-11-23,台達電,0.0243,0.1543,0.065,0.014,0.7255,1
2022-11-23,富邦金,0.0288,0.1329,0.0611,0.0156,1.4526,1
2022-11-23,廣達,-0.0084,0.0351,0.0198,0.0153,0.5987,1
2022-11-24,廣達,0.0169,0.0587,0.037,0.0157,0.9192,0
2022-11-24,國泰金,0.0241,0.1052,0.0502,0.0154,0.9561,0
2022-11-24,富邦金,0.0396,0.1292,0.0658,0.0156,1.1986,1
2022-11-24,鴻海,-0.0049,-0.0288,-0.0015,0.0099,1.015,0
2022-11-24,中華電,0.0185,0.0046,0.0096,0.0075,0.7349,1
2022-11-24,聯發科,0.0041,0.236,0.098,0.0251,0.8936,0
2022-11-24,台達電,0.0342,0.1705,0.0798,0.0144,1.0632,0
2022-11-24,台積電,0.0227,0.2866,0.1374,0.029,0.6007,1
2022-11-25,聯發科,0.0069,0.2867,0.0832,0.0222,0.6901,0
2022-11-25,台達電,0.0307,0.1705,0.0714,0.0144,1.0764,0
2022-11-25,富邦金,0.047,0.1243,0.0632,0.0156,1.5759,0
2022-11-25,國泰金,0.0155,0.1124,0.0447,0.0152,1.0562,0
2022-11-25,台積電,0.0226,0.3123,0.1266,0.0283,0.8761,0
2022-11-25,廣達,-0.007,0.0487,0.0187,0.0162,0.9055,0
2022-11-25,中華電,0.0321,0.0321,0.0309,0.0089,2.1296,0
2022-11-25,鴻海,0.0,-0.0337,-0.0047,0.0099,0.8294,0
2022-11-28,聯發科,-0.0236,0.1915,0.0387,0.0232,0.7054,1
2022-11-28,國泰金,-0.0024,0.1111,0.0259,0.0153,1.0686,1
2022-11-28,富邦金,0.0432,0.1353,0.0565,0.0152,1.4075,1
2022-11-28,台達電,-0.0017,0.1379,0.033,0.0166,1.2073,1
2022-11-28,鴻海,0.0,-0.0244,-0.0084,0.0095,1.103,0
2022-11-28,台積電,-0.0031,0.2321,0.076,0.0302,0.8532,1
2022-11-28,廣達,0.0,0.0307,0.01,0.0162,0.737,1
2022-11-28,中華電,0.0138,-0.0045,0.0128,0.009,1.1542,1
2022-11-29,國泰金,0.0296,0.1404,0.0544,0.0166,2.0069,1
2022-11-29,鴻海,-0.005,-0.0148,-0.0077,0.0093,0.816,1
2022-11-29,中華電,0.0323,0.0228,0.0254,0.0089,0.9485,1
2022-11-29,台積電,-0.0081,0.2439,0.079,0.0301,0.8399,1
2022-11-29,台達電,0.0153,0.1418,0.0438,0.0167,0.9946,1
2022-11-29,廣達,0.0127,0.0672,0.0211,0.0155,0.4657,1
2022-11-29,聯發科,0.0,0.1903,0.0447,0.0231,0.6752,1
2022-11-29,富邦金,0.0662,0.1462,0.08,0.0158,1.731,1
2022-11-30,鴻海,0.0,-0.0147,-0.002,0.0093,1.6683,1
2022-11-30,國泰金,0.0187,0.1312,0.0504,0.0166,2.4623,1
2022-11-30,中華電,0.0413,0.0461,0.0368,0.009,1.4541,0
2022-11-30,台積電,-0.0041,0.2405,0.0744,0.0301,1.2102,1
2022-11-30,台達電,0.022,0.1248,0.0516,0.016,1.2692,1
2022-11-30,廣達,0.0127,0.0639,0.0194,0.0155,0.9962,1
2022-11-30,聯發科,0.0397,0.2237,0.0636,0.0234,1.1963,1
2022-11-30,富邦金,0.0648,0.1715,0.0929,0.0159,2.3515,0
2022-12-01,富邦金,0.0468,0.1683,0.0773,0.016,1.1799,0
2022-12-01,鴻海,0.0198,0.0198,0.0218,0.0106,1.4656,1
2022-12-01,台達電,0.0099,0.1423,0.0551,0.0158,1.1017,0
2022-12-01,國泰金,0.0376,0.1364,0.0581,0.0167,1.4239,0
2022-12-01,聯發科,0.0179,0.235,0.0643,0.0233,0.8845,0
2022-12-01,台積電,0.005,0.2982,0.0795,0.0287,0.8828,0
2022-12-01,中華電,0.0136,0.0276,0.0171,0.01,0.9978,1
2022-12-01,廣達,0.0014,0.0808,0.024,0.0154,0.8176,0
2022-12-02,聯發科,0.0165,0.2379,0.0507,0.0232,0.5246,0
2022-12-02,廣達,0.0155,0.081,0.0186,0.0154,0.7773,1
2022-12-02,鴻海,0.0498,0.0498,0.044,0.0117,1.6636,0
2022-12-02,台達電,0.0099,0.1317,0.0487,0.0158,0.6563,0
2022-12-02,富邦金,0.038,0.167,0.0638,0.0161,0.6653,0
2022-12-02,國泰金,0.0341,0.1297,0.0482,0.0168,1.1435,0
2022-12-02,台積電,-0.011,0.2893,0.0539,0.029,0.5989,0
2022-12-02,中華電,-0.0044,0.0323,0.02,0.01,0.7093,1
2022-12-05,鴻海,0.055,0.055,0.0412,0.0116,0.9782,0
2022-12-05,台積電,0.0177,0.2538,0.0354,0.0293,0.6042,0
2022-12-05,國泰金,0.0362,0.1004,0.0319,0.0171,1.587,0
2022-12-05,富邦金,0.0225,0.1212,0.042,0.0163,0.6724,0
2022-12-05,中華電,0.0181,0.0417,0.0225,0.01,0.4429,0
2022-12-05,廣達,0.044,0.0839,0.0357,0.0155,1.079,0
2022-12-05,聯發科,0.0512,0.1919,0.0419,0.0224,0.5953,0
2022-12-05,台達電,0.0324,0.1081,0.0348,0.0161,0.4547,0
2022-12-06,中華電,0.0,0.0323,0.0163,0.01,0.6898,1
2022-12-06,聯發科,0.0168,0.1694,0.0146,0.0232,0.6739,0
2022-12-06,富邦金,-0.0201,0.0977,0.0232,0.0168,0.8493,0
2022-12-06,廣達,0.014,0.0646,0.017,0.0161,0.8698,0
2022-12-06,台達電,0.0101,0.0985,0.0249,0.0162,0.868,0
2022-12-06,鴻海,0.03,0.03,0.015,0.013,1.1389,0
2022-12-06,國泰金,-0.0322,0.0592,-0.0058,0.0192,1.2288,0
2022-12-06,台積電,-0.0185,0.198,0.0037,0.0301,0.8562,0
2022-12-07,台積電,-0.0306,0.1391,-0.0086,0.0291,0.7848,0
2022-12-07,富邦金,-0.0428,0.0838,0.0157,0.0169,0.7328,0
2022-12-07,國泰金,-0.0345,0.0473,-0.008,0.0191,0.986,0
2022-12-07,聯發科,-0.0232,0.1015,-0.0026,0.0216,0.7485,0
2022-12-07,中華電,-0.0088,0.0321,0.0193,0.01,0.9584,0
2022-12-07,台達電,-0.0248,0.0748,-0.0007,0.0172,1.0253,0
2022-12-07,鴻海,0.0149,-0.0049,0.0054,0.012,0.9213,0
2022-12-07,廣達,-0.0014,0.0347,0.0013,0.0163,0.8374,1
2022-12-08,廣達,-0.0042,0.0558,0.0043,0.0158,0.7876,1
2022-12-08,台積電,-0.0542,0.1571,-0.0224,0.0284,0.5877,1
2022-12-08,中華電,-0.0045,0.023,0.0045,0.0105,0.5812,1
2022-12-08,富邦金,-0.0563,0.0795,-0.0089,0.0172,0.9606,1
2022-12-08,國泰金,-0.0625,0.0439,-0.0256,0.0192,0.899,1
2022-12-08,台達電,-0.0344,0.0867,-0.0046,0.0169,0.7525,0
2022-12-08,鴻海,-0.0146,0.01,0.0,0.0112,0.6421,1
2022-12-08,聯發科,-0.0486,0.0682,-0.021,0.0219,0.5974,1
2022-12-09,中華電,0.0,0.0228,0.0124,0.0105,0.6491,1
2022-12-09,鴻海,-0.0332,0.02,0.0039,0.0111,0.7186,0
2022-12-09,台積電,-0.0223,0.0906,-0.0058,0.0225,0.5938,0
2022-12-09,國泰金,-0.0513,-0.0037,-0.017,0.0145,0.797,0
2022-12-09,台達電,-0.0344,0.0388,-0.0065,0.0138,0.7024,0
2022-12-09,富邦金,-0.0433,0.036,-0.0019,0.0132,0.5849,0
2022-12-09,廣達,0.0055,0.0284,0.0112,0.014,0.7016,0
2022-12-09,聯發科,-0.0135,0.0414,0.0103,0.0189,0.6928,0
2022-12-12,鴻海,-0.0332,0.0049,0.0037,0.0107,0.4533,0
2022-12-12,富邦金,-0.0287,0.0213,-0.0029,0.0129,1.5745,1
2022-12-12,台積電,-0.0286,0.0674,-0.0223,0.0228,0.5042,0
2022-12-12,廣達,-0.0149,-0.0068,0.0116,0.0115,0.7771,0
2022-12-12,聯發科,-0.0365,0.0215,-0.0143,0.0197,0.8165,0
2022-12-12,中華電,0.0,0.0274,0.0156,0.0105,0.7822,0
2022-12-12,台達電,-0.0298,0.028,-0.0112,0.0138,0.4546,0
2022-12-12,國泰金,-0.0432,-0.0026,-0.0193,0.0145,0.9821,0
2022-12-13,聯發科,-0.0221,-0.018,-0.0175,0.0179,0.9969,1
2022-12-13,富邦金,-0.0137,0.0213,-0.0023,0.0129,0.7509,0
2022-12-13,中華電,-0.0089,0.0183,0.0011,0.011,0.9366,1
2022-12-13,台積電,-0.0136,-0.0177,-0.0286,0.0145,0.8852,1
2022-12-13,國泰金,-0.0109,-0.0191,-0.0196,0.014,0.6969,0
2022-12-13,廣達,-0.0055,-0.0041,0.0062,0.0114,0.8559,1
2022-12-13,台達電,-0.0316,-0.0051,-0.0177,0.0126,1.2178,1
2022-12-13,鴻海,-0.0194,-0.0049,-0.0059,0.0109,0.8213,1
2022-12-14,富邦金,-0.012,0.036,-0.0057,0.0123,0.6938,0
2022-12-14,國泰金,-0.0121,-0.0038,-0.0206,0.0135,0.6052,0
2022-12-14,廣達,0.0182,0.021,0.0149,0.011,0.7249,0
2022-12-14,中華電,-0.0089,0.0276,0.0043,0.0109,0.9489,1
2022-12-14,台積電,0.0116,-0.0133,-0.0094,0.0148,0.8795,1
2022-12-14,台達電,0.0034,0.0243,-0.0054,0.0124,1.2084,0
2022-12-14,聯發科,0.0028,-0.0151,-0.0043,0.018,0.9155,0
2022-12-14,鴻海,0.0049,0.0099,0.0084,0.0114,0.6015,0
2022-12-15,中華電,0.009,0.037,0.007,0.0108,0.8705,0
2022-12-15,國泰金,-0.0037,-0.0075,-0.0274,0.0136,0.6572,0
2022-12-15,富邦金,0.0053,0.0324,-0.0107,0.0123,0.5186,0
2022-12-15,鴻海,0.0,0.0,-0.0015,0.0116,0.5975,0
2022-12-15,聯發科,-0.034,-0.0607,-0.0527,0.0213,2.3547,0
2022-12-15,廣達,0.0097,0.024,0.0109,0.0109,0.9844,0
2022-12-15,台達電,0.0034,0.012,-0.006,0.0121,0.7522,0
2022-12-15,台積電,0.025,-0.0036,-0.0036,0.0149,0.7169,0
2022-12-16,富邦金,-0.0243,0.0145,-0.0321,0.0133,1.718,1
2022-12-16,聯發科,-0.0946,-0.0859,-0.078,0.0222,2.0769,0
2022-12-16,台達電,-0.0119,-0.0068,-0.0208,0.0126,1.1508,0
2022-12-16,中華電,-0.0134,0.0138,-0.0072,0.0112,1.8605,1
2022-12-16,廣達,-0.0069,0.007,0.0022,0.011,4.1185,1
2022-12-16,鴻海,-0.0147,0.0,-0.0113,0.0116,1.6968,1
2022-12-16,國泰金,-0.0219,-0.0255,-0.0358,0.0136,1.13,0
2022-12-16,台積電,-0.0162,-0.0273,-0.0219,0.0154,1.3848,0
2022-12-19,台積電,-0.0122,-0.0266,-0.03,0.0154,0.6209,0
2022-12-19,廣達,-0.0014,0.027,0.0065,0.0105,2.7745,0
2022-12-19,台達電,-0.0119,-0.0119,-0.0236,0.0126,0.4895,0
2022-12-19,聯發科,-0.0787,-0.0889,-0.0794,0.0222,1.0517,0
2022-12-19,中華電,-0.0089,0.0229,0.0007,0.0113,0.8705,0
2022-12-19,富邦金,-0.0157,0.0198,-0.0244,0.0134,0.9056,0
2022-12-19,國泰金,-0.0207,-0.0314,-0.0355,0.0135,0.6374,0
2022-12-19,鴻海,-0.0049,0.015,-0.0022,0.0118,0.6951,0
2022-12-20,鴻海,-0.0099,-0.005,-0.0167,0.0122,1.0313,0
2022-12-20,中華電,0.0045,0.0276,-0.0007,0.0113,0.7893,0
2022-12-20,富邦金,-0.0243,0.0054,-0.0315,0.0134,1.1762,0
2022-12-20,聯發科,-0.0889,-0.094,-0.0892,0.0223,0.9375,1
2022-12-20,台達電,-0.0292,-0.0358,-0.0455,0.0137,0.7915,1
2022-12-20,台積電,-0.0241,-0.0629,-0.0456,0.0152,0.9258,1
2022-12-20,國泰金,-0.0195,-0.0337,-0.0338,0.0135,0.9735,0
2022-12-20,廣達,-0.0264,-0.0057,-0.0238,0.0127,2.8659,1
2022-12-21,台達電,-0.0406,-0.0406,-0.0418,0.0136,0.7401,1
2022-12-21,廣達,-0.0316,-0.0028,-0.0195,0.0127,2.7281,1
2022-12-21,中華電,0.0,0.0229,-0.0018,0.0112,0.6698,1
2022-12-21,鴻海,-0.0244,-0.005,-0.0165,0.0122,0.6479,1
2022-12-21,國泰金,-0.022,-0.0497,-0.035,0.013,0.5839,1
2022-12-21,台積電,-0.0392,-0.0617,-0.0395,0.0152,1.0715,1
2022-12-21,富邦金,-0.0226,-0.0158,-0.0308,0.0125,0.7433,1
2022-12-21,聯發科,-0.0891,-0.0723,-0.0746,0.0226,0.745,1
2022-12-22,台達電,-0.0305,-0.0513,-0.0291,0.0127,0.6447,0
2022-12-22,富邦金,-0.0087,-0.0156,-0.0197,0.0125,0.6013,0
2022-12-22,國泰金,-0.0049,-0.0356,-0.0236,0.0133,0.6089,1
2022-12-22,廣達,-0.0096,-0.0028,0.0001,0.0127,1.932,0
2022-12-22,台積電,-0.026,-0.051,-0.0181,0.0159,0.4244,0
2022-12-22,鴻海,-0.0049,0.0,-0.0066,0.0124,0.5056,0
2022-12-22,中華電,0.0089,0.0273,0.0103,0.0114,0.7198,0
2022-12-22,聯發科,-0.0294,-0.092,-0.0602,0.0212,0.6628,0
2022-12-23,台達電,-0.0344,-0.0695,-0.0444,0.0132,0.9546,1
2022-12-23,台積電,-0.034,-0.0811,-0.0413,0.0167,0.7705,1
2022-12-23,富邦金,0.0107,-0.0207,-0.0204,0.0124,0.3971,1
2022-12-23,廣達,-0.0111,0.0028,-0.0098,0.0124,0.3756,1
2022-12-23,中華電,0.0181,0.0,0.0058,0.0103,0.7874,1
2022-12-23,鴻海,0.005,0.005,-0.0069,0.0123,0.3754,0
2022-12-23,聯發科,0.0,-0.0922,-0.0571,0.0212,0.4012,0
2022-12-23,國泰金,0.0236,-0.0177,-0.0046,0.0141,1.0642,0
2022-12-26,聯發科,-0.0076,-0.074,-0.0665,0.0203,0.2552,1
2022-12-26,台積電,-0.0214,-0.0445,-0.036,0.0151,0.2851,1
2022-12-26,鴻海,-0.0049,0.01,-0.0074,0.0123,0.2231,0
2022-12-26,國泰金,0.0212,-0.0085,-0.0078,0.0138,0.3067,1
2022-12-26,台達電,-0.0276,-0.0375,-0.0392,0.0118,0.3785,1
2022-12-26,中華電,0.0135,0.0226,0.0092,0.0095,0.6074,0
2022-12-26,富邦金,0.0035,-0.019,-0.0177,0.0125,0.2114,1
2022-12-26,廣達,-0.0097,0.017,-0.0037,0.0124,0.2945,0
2022-12-27,台積電,-0.0011,-0.0562,-0.0322,0.0147,0.3486,0
2022-12-27,國泰金,0.0249,-0.0381,-0.0022,0.0112,0.2851,0
2022-12-27,台達電,0.0035,-0.047,-0.0301,0.0111,0.3182,0
2022-12-27,中華電,0.0135,0.0089,0.0087,0.009,0.2445,1
2022-12-27,富邦金,0.016,-0.0419,-0.0104,0.0104,0.3219,0
2022-12-27,聯發科,0.0155,-0.0799,-0.0555,0.02,0.3454,0
2022-12-27,廣達,0.0214,0.0028,-0.0038,0.012,0.2988,1
2022-12-27,鴻海,0.005,0.005,-0.0125,0.0123,0.2334,0
2022-12-28,台積電,-0.0174,-0.0743,-0.0412,0.0147,1.1544,0
2022-12-28,廣達,0.0184,0.0028,-0.0026,0.012,0.5069,0
2022-12-28,國泰金,0.0163,-0.052,-0.0117,0.0113,0.6046,0
2022-12-28,聯發科,-0.0245,-0.1296,-0.0751,0.0192,1.57,0
2022-12-28,鴻海,0.005,0.0,-0.0125,0.0123,0.6424,0
2022-12-28,富邦金,0.0089,-0.0674,-0.0138,0.009,0.63,0
2022-12-28,台達電,-0.0035,-0.0646,-0.032,0.0105,0.7787,0
2022-12-28,中華電,0.0224,0.0044,0.0174,0.0087,1.1508,0
2022-12-29,聯發科,-0.0484,-0.1511,-0.0807,0.0188,0.6712,0
2022-12-29,台達電,-0.0192,-0.0787,-0.0331,0.01,0.7402,1
2022-12-29,富邦金,-0.0141,-0.0728,-0.0223,0.0092,0.6762,1
2022-12-29,廣達,-0.0028,-0.0069,-0.0036,0.0118,0.5547,1
2022-12-29,中華電,0.0,0.0135,0.0078,0.008,0.5435,0
2022-12-29,鴻海,-0.0129,-0.032,-0.0188,0.0109,1.0995,1
2022-12-29,台積電,-0.047,-0.1002,-0.0468,0.0139,0.8437,1
2022-12-29,國泰金,-0.0074,-0.0775,-0.021,0.0109,0.6791,0
2022-12-30,富邦金,-0.0071,-0.0632,-0.0138,0.0094,0.4828,1
2022-12-30,鴻海,-0.0109,-0.0531,-0.0141,0.0091,0.5861,0
2022-12-30,廣達,0.0154,0.0028,0.0046,0.012,0.6376,0
2022-12-30,台積電,-0.0143,-0.0841,-0.0372,0.014,0.8045,1
2022-12-30,聯發科,-0.053,-0.1543,-0.0789,0.0187,0.4389,1
2022-12-30,中華電,0.0044,0.0089,0.0074,0.0079,0.3808,0
2022-12-30,台達電,0.0196,-0.0607,-0.011,0.0113,0.9332,0
2022-12-30,國泰金,-0.0279,-0.0767,-0.0195,0.0109,3.4697,0
2023-01-03,聯發科,-0.0108,-0.1286,-0.0442,0.0206,0.8377,0
2023-01-03,台積電,-0.0077,-0.0683,-0.0241,0.0143,0.5664,0
2023-01-03,台達電,0.0124,-0.0562,-0.0116,0.0112,1.0439,0
2023-01-03,中華電,0.0,0.0044,0.0071,0.0079,1.0769,1
2023-01-03,鴻海,-0.0188,-0.0607,-0.0189,0.0092,1.5075,0
2023-01-03,富邦金,-0.007,-0.0473,-0.0096,0.009,0.6176,1
2023-01-03,廣達,0.0056,-0.0204,0.0029,0.011,0.7836,0
2023-01-03,國泰金,-0.0256,-0.0677,-0.0172,0.0108,1.2995,0
2023-01-04,台達電,0.0,-0.0565,-0.0139,0.0112,1.2201,0
2023-01-04,廣達,0.0056,-0.0055,0.0031,0.0105,0.5235,0
2023-01-04,鴻海,-0.0239,-0.0476,-0.0264,0.008,1.3723,0
2023-01-04,中華電,0.0044,0.0134,0.0109,0.0078,0.8213,1
2023-01-04,富邦金,0.0018,-0.0205,0.0055,0.0094,0.6975,1
2023-01-04,台積電,-0.0164,-0.0542,-0.0289,0.0137,0.7611,1
2023-01-04,聯發科,-0.0305,-0.1228,-0.0498,0.0204,0.5255,0
2023-01-04,國泰金,-0.0292,-0.035,-0.0155,0.0081,0.6966,1
2023-01-05,聯發科,-0.011,-0.1187,-0.0512,0.0204,1.0054,1
2023-01-05,廣達,-0.0084,-0.0042,-0.0092,0.0104,0.6008,1
2023-01-05,台達電,-0.0142,-0.0543,-0.0303,0.0111,1.4899,0
2023-01-05,中華電,0.0,0.0133,0.0147,0.0078,1.0888,0
2023-01-05,富邦金,0.0317,0.0052,0.0281,0.0107,1.3071,0
2023-01-05,台積電,0.0166,-0.0292,-0.008,0.0145,0.9589,0
2023-01-05,國泰金,-0.0098,-0.0278,-0.0067,0.0083,0.9435,1
2023-01-05,鴻海,-0.0249,-0.0392,-0.0255,0.0078,1.1975,1
2023-01-06,富邦金,0.0446,0.0263,0.0268,0.0095,0.6909,1
2023-01-06,鴻海,-0.013,-0.0305,-0.02,0.0079,0.6865,1
2023-01-06,聯發科,0.0493,-0.0638,-0.0042,0.0233,1.2898,1
2023-01-06,台積電,0.028,-0.022,-0.0069,0.0145,0.8616,1
2023-01-06,台達電,-0.032,-0.0764,-0.0492,0.012,1.8507,1
2023-01-06,廣達,0.0014,-0.0014,-0.0008,0.0105,0.3595,1
2023-01-06,中華電,0.0088,0.027,0.0133,0.0071,0.7598,1
2023-01-06,國泰金,0.0162,0.0,0.0057,0.0082,0.7839,1
2023-01-09,富邦金,0.0586,0.0365,0.0441,0.0102,1.6342,0
2023-01-09,廣達,0.018,0.0152,0.0235,0.0118,0.8945,1
2023-01-09,台達電,-0.0122,-0.039,-0.0088,0.0155,1.557,1
2023-01-09,中華電,0.0177,0.0268,0.0209,0.0071,1.2154,0
2023-01-09,聯發科,0.08,-0.0741,0.0226,0.0225,1.2706,1
2023-01-09,國泰金,0.05,0.0219,0.0354,0.0105,1.8232,0
2023-01-09,鴻海,-0.008,-0.0284,-0.0116,0.008,1.1346,1
2023-01-09,台積電,0.0725,0.0047,0.0416,0.0177,1.846,1
2023-01-10,國泰金,0.0438,0.0171,0.0271,0.0107,0.7907,0
2023-01-10,聯發科,0.0776,-0.0253,0.0528,0.0231,1.5173,1
2023-01-10,鴻海,0.003,-0.0255,-0.0073,0.008,0.6615,0
2023-01-10,台積電,0.0728,0.029,0.0509,0.0175,1.2622,0
2023-01-10,廣達,0.0264,0.0207,0.028,0.0118,0.4947,0
2023-01-10,中華電,0.0177,0.0222,0.0197,0.0071,1.3146,0
2023-01-10,富邦金,0.0496,0.0296,0.0356,0.0104,1.0823,0
2023-01-10,台達電,-0.007,-0.0341,-0.0053,0.0155,0.8791,1
2023-01-11,國泰金,0.0363,0.011,0.0191,0.0108,0.5979,1
2023-01-11,台積電,0.0779,0.0335,0.0458,0.0174,0.8336,1
2023-01-11,廣達,0.0208,0.0208,0.0214,0.0118,0.475,0
2023-01-11,台達電,0.007,-0.0189,0.0045,0.0157,1.0595,0
2023-01-11,中華電,0.0044,0.027,0.0095,0.0066,1.2512,0
2023-01-11,富邦金,0.0157,0.0087,0.0159,0.0113,1.0615,1
2023-01-11,鴻海,0.0102,-0.0188,-0.0094,0.0078,0.6965,0
2023-01-11,聯發科,0.1116,-0.0028,0.0727,0.0235,1.1916,1
2023-01-12,台達電,-0.0054,-0.0626,-0.024,0.0167,1.4763,1
2023-01-12,中華電,-0.0044,0.0179,0.0042,0.0067,1.0642,1
2023-01-12,國泰金,0.036,0.0196,0.0255,0.0109,0.663,1
2023-01-12,聯發科,0.1331,-0.0042,0.0851,0.0234,1.066,0
2023-01-12,富邦金,0.0068,0.0243,0.0286,0.0117,0.8137,0
2023-01-12,廣達,0.0323,0.0096,0.0195,0.0116,0.3773,1
2023-01-12,鴻海,0.0061,-0.038,-0.0125,0.0069,0.6559,0
2023-01-12,台積電,0.0611,0.0183,0.0492,0.017,0.8464,1
2023-01-13,中華電,0.0,0.0179,0.0077,0.0067,0.7262,1
2023-01-13,台達電,0.0202,-0.0609,-0.0191,0.0167,1.2739,1
2023-01-13,聯發科,0.0515,0.0191,0.0522,0.0213,1.2171,1
2023-01-13,台積電,0.0905,0.0406,0.076,0.018,2.8285,1
2023-01-13,鴻海,0.002,-0.0286,-0.011,0.0067,0.6376,0
2023-01-13,廣達,0.0292,0.0179,0.0241,0.0117,0.3468,1
2023-01-13,富邦金,0.0034,0.0244,0.0239,0.0117,0.718,1
2023-01-13,國泰金,0.0258,0.0296,0.0265,0.0107,0.9343,0
2023-01-16,國泰金,-0.006,0.0386,0.0233,0.0104,0.9169,1
2023-01-16,鴻海,-0.0101,-0.0239,-0.0149,0.0064,1.045,0
2023-01-16,聯發科,0.043,0.0667,0.0638,0.0201,0.9593,0
2023-01-16,富邦金,-0.0034,0.0588,0.0331,0.0106,1.2302,1
2023-01-16,中華電,0.0,0.0407,0.0146,0.006,1.3269,0
2023-01-16,台達電,-0.0053,-0.0326,-0.0033,0.0169,1.2547,1
2023-01-16,台積電,0.0499,0.0722,0.0828,0.0173,1.2837,0
2023-01-16,廣達,0.0068,0.0292,0.0254,0.0115,0.5243,1
2023-01-17,中華電,-0.0087,0.0224,0.0046,0.0062,1.2065,1
2023-01-17,富邦金,0.0101,0.0565,0.0372,0.0106,1.7604,1
2023-01-17,台積電,0.035,0.0782,0.0743,0.0171,1.0243,1
2023-01-17,鴻海,-0.0131,-0.0335,-0.0132,0.0059,1.0889,0
2023-01-17,廣達,0.0135,0.0359,0.036,0.0117,0.7159,1
2023-01-17,國泰金,0.0072,0.0461,0.0271,0.0104,1.0618,1
2023-01-17,台達電,0.0088,-0.0138,0.0134,0.0173,1.1174,1
2023-01-17,聯發科,-0.0014,0.0564,0.0442,0.0204,0.8969,1
2023-01-30,中華電,0.0044,0.0269,0.0077,0.0062,3.9039,0
2023-01-30,鴻海,-0.0101,-0.019,-0.0122,0.005,2.9798,1
2023-01-30,台積電,0.1207,0.1869,0.1493,0.0232,3.9158,0
2023-01-30,聯發科,0.0453,0.144,0.1058,0.0244,2.636,0
2023-01-30,台達電,0.0087,0.0194,0.0212,0.0165,3.0001,1
2023-01-30,富邦金,0.0499,0.0854,0.0536,0.011,3.1084,0
2023-01-30,國泰金,0.0314,0.0635,0.041,0.0109,1.6421,0
2023-01-30,廣達,0.0367,0.0869,0.0495,0.0094,1.44,0
2023-01-31,台達電,0.0433,0.0194,0.022,0.0165,1.6396,1
2023-01-31,富邦金,0.0221,0.0712,0.0362,0.0116,1.9829,0
2023-01-31,台積電,0.073,0.1373,0.0975,0.0255,2.1591,1
2023-01-31,鴻海,0.0112,-0.003,0.004,0.0063,2.6234,1
2023-01-31,聯發科,0.0042,0.0979,0.0692,0.0256,1.9185,1
2023-01-31,國泰金,0.0204,0.0637,0.0341,0.0109,1.2014,1
2023-01-31,廣達,0.0163,0.0596,0.0246,0.011,1.3645,1
2023-01-31,中華電,-0.0088,0.009,-0.0103,0.0075,2.1599,0
2023-02-01,中華電,-0.0132,-0.0044,-0.0101,0.0069,1.9649,0
2023-02-01,鴻海,0.0142,-0.0099,0.0076,0.0059,1.2895,0
2023-02-01,台積電,0.06,0.1325,0.1071,0.0254,0.975,1
2023-02-01,聯發科,0.0432,0.0953,0.0731,0.0256,1.0004,1
2023-02-01,國泰金,0.0287,0.0644,0.0417,0.0109,0.9642,1
2023-02-01,台達電,0.0613,0.0279,0.04,0.0169,1.1565,1
2023-02-01,廣達,0.0271,0.0556,0.0382,0.0107,0.7167,1
2023-02-01,富邦金,0.0221,0.0563,0.03,0.0116,1.5059,1
2023-02-02,聯發科,0.0611,0.1318,0.1001,0.0262,1.7832,1
2023-02-02,中華電,-0.0261,-0.0044,-0.0143,0.0069,1.3659,1
2023-02-02,台積電,0.0693,0.1868,0.1181,0.0242,1.214,1
2023-02-02,台達電,0.0586,0.0605,0.0492,0.0163,1.4485,1
2023-02-02,富邦金,0.0185,0.067,0.0352,0.0116,1.5099,0
2023-02-02,鴻海,0.0194,-0.0099,0.0081,0.0059,1.5155,0
2023-02-02,國泰金,0.0551,0.0705,0.0634,0.0114,1.5756,0
2023-02-02,廣達,0.0324,0.0744,0.0426,0.0103,0.9256,0
2023-02-03,台積電,0.0775,0.1873,0.1124,0.0242,0.8638,0
2023-02-03,國泰金,0.031,0.0561,0.0424,0.0122,0.8578,0
2023-02-03,富邦金,0.0,0.0528,0.0206,0.0121,0.7569,0
2023-02-03,台達電,0.0542,0.0691,0.0579,0.0164,1.3914,0
2023-02-03,廣達,0.0147,0.0614,0.034,0.0105,0.6364,1
2023-02-03,聯發科,0.0837,0.1536,0.098,0.0258,0.987,0
2023-02-03,鴻海,0.0153,-0.0139,0.0047,0.006,1.2532,1
2023-02-03,中華電,-0.0088,0.0,-0.0055,0.0071,1.0381,0
2023-02-06,台達電,0.0295,0.0458,0.0397,0.0169,0.7181,0
2023-02-06,廣達,0.0013,0.0656,0.0348,0.0105,0.9036,1
2023-02-06,聯發科,-0.0108,0.1143,0.0629,0.0269,1.1211,0
2023-02-06,中華電,-0.0175,-0.0044,-0.0097,0.0072,0.7018,0
2023-02-06,國泰金,-0.0012,0.0365,0.0249,0.0128,0.7685,1
2023-02-06,鴻海,0.0347,0.01,0.0234,0.0073,1.3782,0
2023-02-06,台積電,-0.0313,0.151,0.0719,0.0257,0.8198,0
2023-02-06,富邦金,-0.0262,0.0403,0.0118,0.0122,1.1599,0
2023-02-07,台積電,0.0019,0.1596,0.0581,0.0254,0.6312,1
2023-02-07,中華電,0.0,-0.0132,-0.009,0.0069,0.9704,0
2023-02-07,鴻海,0.008,0.0,0.0133,0.0077,0.8465,0
2023-02-07,台達電,0.0242,0.0478,0.0338,0.0168,0.6572,0
2023-02-07,聯發科,-0.0014,0.1238,0.0366,0.0264,1.0714,1
2023-02-07,富邦金,-0.0133,0.0476,0.0094,0.012,0.8131,0
2023-02-07,廣達,0.0415,0.0836,0.0495,0.011,1.0112,0
2023-02-07,國泰金,0.0059,0.0529,0.0259,0.0124,0.4815,1
2023-02-08,國泰金,-0.0035,0.0686,0.0237,0.0118,0.411,0
2023-02-08,台積電,0.0189,0.2108,0.0822,0.0256,0.9283,0
2023-02-08,台達電,0.0051,0.0534,0.0311,0.0167,0.9523,0
2023-02-08,鴻海,0.005,0.008,0.0129,0.0075,0.6719,1
2023-02-08,富邦金,-0.0133,0.0571,0.0033,0.0116,0.8591,0
2023-02-08,廣達,0.0211,0.0809,0.0414,0.011,0.9761,0
2023-02-08,聯發科,0.0276,0.1828,0.0667,0.0268,1.1334,1
2023-02-08,中華電,0.0,-0.0044,-0.0088,0.0066,1.2024,0
2023-02-09,鴻海,0.01,0.011,0.0174,0.0075,0.7946,1
2023-02-09,中華電,0.0045,-0.0044,-0.0086,0.0066,1.1397,1
2023-02-09,台達電,-0.0201,0.0192,0.0162,0.0166,1.2378,1
2023-02-09,台積電,0.0,0.204,0.0723,0.0257,0.5008,1
2023-02-09,國泰金,-0.0329,0.065,0.0146,0.0119,0.4246,1
2023-02-09,廣達,0.0131,0.0719,0.0378,0.011,0.4962,1
2023-02-09,聯發科,0.0027,0.1984,0.0644,0.0266,0.5717,0
2023-02-09,富邦金,-0.0231,0.0497,-0.0008,0.0116,0.3549,0
2023-02-10,鴻海,0.0191,0.0242,0.0212,0.0073,0.712,0
2023-02-10,國泰金,-0.015,0.0676,0.0125,0.0119,0.5516,1
2023-02-10,台達電,-0.0249,0.0298,0.0216,0.0166,0.6925,0
2023-02-10,台積電,0.0055,0.2031,0.0725,0.0257,0.7431,0
2023-02-10,聯發科,-0.0146,0.1491,0.0445,0.0265,0.4652,0
2023-02-10,廣達,0.0197,0.0763,0.0353,0.0109,1.0892,1
2023-02-10,中華電,0.0,0.0,-0.0042,0.0067,0.7422,1
2023-02-10,富邦金,-0.0151,0.0443,-0.0062,0.0117,0.5899,1
2023-02-13,廣達,0.017,0.0777,0.0328,0.0109,0.88,1
2023-02-13,台達電,-0.0101,0.0352,0.0199,0.0166,0.7239,0
2023-02-13,國泰金,0.0059,0.0738,0.0149,0.0119,0.4675,1
2023-02-13,聯發科,0.0,0.1494,0.025,0.0265,0.5918,1
2023-02-13,中華電,0.0089,0.0,0.0002,0.0067,0.6847,1
2023-02-13,台積電,0.0285,0.2036,0.0551,0.0257,0.591,1
2023-02-13,富邦金,0.0017,0.0402,0.0019,0.0115,0.7619,1
2023-02-13,鴻海,-0.0049,0.0296,0.0147,0.007,0.5305,1
2023-02-14,中華電,0.0133,0.0,0.0046,0.0067,0.9478,0
2023-02-14,聯發科,0.0209,0.1601,0.0191,0.0263,0.4783,0
2023-02-14,台達電,-0.0068,0.0557,0.0171,0.0158,0.531,0
2023-02-14,富邦金,0.0118,0.0274,0.0107,0.0107,0.8664,0
2023-02-14,鴻海,0.0149,0.0408,0.0227,0.0072,0.5445,1
2023-02-14,台積電,0.0421,0.1887,0.054,0.0255,0.5693,0
2023-02-14,國泰金,0.0187,0.0832,0.0274,0.0122,0.8759,0
2023-02-14,廣達,0.0129,0.1067,0.0421,0.0105,0.7467,0
2023-02-15,鴻海,0.0199,0.0417,0.0256,0.0072,1.0455,1
2023-02-15,台積電,-0.0278,0.145,0.0088,0.0275,1.5264,1
2023-02-15,國泰金,0.0023,0.054,0.0095,0.0127,0.9578,1
2023-02-15,中華電,0.0089,-0.0044,0.0004,0.0067,0.8369,1
2023-02-15,台達電,-0.0101,0.0772,0.01,0.0146,0.7021,1
2023-02-15,廣達,0.0129,0.0933,0.0336,0.0106,0.8993,1
2023-02-15,富邦金,0.0051,0.0171,-0.0003,0.011,0.8425,0
2023-02-15,聯發科,-0.0457,0.0758,-0.0149,0.026,0.9667,1
2023-02-16,鴻海,0.0248,0.0444,0.0333,0.0073,1.1384,0
2023-02-16,國泰金,0.0106,0.025,0.0106,0.0109,0.5771,1
2023-02-16,中華電,0.0133,-0.0087,0.0053,0.0065,0.6957,0
2023-02-16,廣達,0.0181,0.072,0.0352,0.0094,0.8603,0
2023-02-16,聯發科,-0.0507,0.0533,-0.016,0.0256,0.7556,1
2023-02-16,台達電,0.024,0.0565,0.0278,0.0126,0.953,0
2023-02-16,台積電,-0.0222,0.0977,0.01,0.0256,0.756,0
2023-02-16,富邦金,0.0051,-0.0034,-0.0018,0.0101,0.592,1
2023-02-17,中華電,0.0044,-0.013,0.0015,0.0066,0.748,1
2023-02-17,國泰金,0.0317,0.0552,0.0301,0.0116,1.4054,1
2023-02-17,廣達,0.0168,0.0662,0.0319,0.0095,0.377,1
2023-02-17,台達電,0.0017,0.0388,0.0105,0.0132,0.6838,1
2023-02-17,富邦金,0.0238,0.0186,0.0124,0.0105,0.8594,1
2023-02-17,聯發科,-0.023,0.0418,-0.0014,0.0252,0.5433,1
2023-02-17,鴻海,0.0197,0.0412,0.0312,0.0073,0.8107,0
2023-02-17,台積電,-0.0495,0.0658,-0.0121,0.0261,0.7133,0
2023-02-20,廣達,0.0245,0.0815,0.037,0.0093,0.6482,1
2023-02-20,鴻海,0.0198,0.0394,0.0242,0.0074,0.6213,0
2023-02-20,國泰金,0.0361,0.0737,0.0369,0.0115,1.2366,0
2023-02-20,聯發科,-0.0068,0.0269,0.0014,0.0249,0.4109,0
2023-02-20,台達電,0.0034,0.0315,0.0106,0.0131,0.444,1
2023-02-20,富邦金,0.0202,0.0448,0.0169,0.0095,0.7415,0
2023-02-20,台積電,-0.0444,0.0671,-0.0171,0.0261,0.5096,0
2023-02-20,中華電,0.0132,0.0088,0.0143,0.007,0.4908,0
2023-02-21,廣達,0.014,0.0871,0.0366,0.0092,0.8797,0
2023-02-21,鴻海,0.0049,0.0396,0.0173,0.0074,0.3927,0
2023-02-21,國泰金,0.0057,0.0516,0.0204,0.0121,0.78,0
2023-02-21,台達電,0.0119,0.074,0.0156,0.0106,0.4484,0
2023-02-21,中華電,0.0044,0.0088,0.0095,0.007,0.233,1
2023-02-21,台積電,-0.0532,0.0606,-0.0217,0.0262,0.3462,0
2023-02-21,聯發科,-0.0096,0.014,-0.0006,0.0248,0.443,0
2023-02-21,富邦金,0.0017,0.0221,0.0074,0.0094,0.4761,0
2023-02-22,聯發科,0.0042,0.0274,-0.0184,0.0241,0.7125,1
2023-02-22,國泰金,0.0093,0.0371,0.0069,0.0125,0.7579,0
2023-02-22,廣達,0.0089,0.0717,0.024,0.0097,1.0396,1
2023-02-22,鴻海,-0.0049,0.0345,0.0106,0.0075,0.6215,1
2023-02-22,富邦金,0.0067,0.0204,0.0014,0.0095,0.9242,0
2023-02-22,中華電,0.0132,0.0088,0.0134,0.007,0.7243,1
2023-02-22,台達電,-0.0102,0.045,-0.0121,0.0124,1.0263,0
2023-02-22,台積電,-0.0343,0.014,-0.0394,0.0259,0.6761,1
2023-02-23,鴻海,-0.0048,0.0499,0.018,0.0076,0.5941,0
2023-02-23,中華電,0.0132,0.0043,0.0176,0.0068,0.7486,0
2023-02-23,台達電,-0.0301,0.0302,-0.0135,0.0121,1.2181,0
2023-02-23,聯發科,0.0478,0.0582,0.0227,0.0259,1.2235,0
2023-02-23,廣達,0.0152,0.081,0.0316,0.0098,0.9263,0
2023-02-23,富邦金,0.0067,0.0067,-0.0006,0.0091,0.7652,1
2023-02-23,台積電,-0.0189,0.0257,-0.0198,0.0262,0.7068,0
2023-02-23,國泰金,0.0058,0.0371,0.0039,0.0125,0.7713,1
2023-02-24,台積電,-0.0135,0.0159,-0.0338,0.0264,1.1392,1
2023-02-24,國泰金,-0.0125,0.0345,0.0057,0.0125,0.951,0
2023-02-24,鴻海,-0.0242,0.0296,-0.0032,0.009,1.4825,1
2023-02-24,中華電,0.0176,0.0132,0.0169,0.0064,1.0936,0
2023-02-24,廣達,0.0152,0.068,0.0282,0.0097,1.9448,0
2023-02-24,聯發科,0.0,0.0433,-0.0095,0.0266,1.2843,1
2023-02-24,富邦金,-0.005,0.0033,0.0026,0.009,0.9316,0
2023-02-24,台達電,-0.0272,0.0017,-0.0255,0.0119,1.2972,1
2023-03-01,廣達,0.0025,0.0459,0.0221,0.0092,1.2113,1
2023-03-01,台達電,-0.0186,0.0035,-0.0155,0.012,1.1053,0
2023-03-01,富邦金,-0.028,-0.0328,-0.0125,0.0085,1.0887,1
2023-03-01,鴻海,-0.0097,0.0398,0.0048,0.0092,1.2994,1
2023-03-01,國泰金,-0.0382,0.0012,-0.0105,0.0125,1.4906,1
2023-03-01,聯發科,0.0895,0.0704,0.0798,0.0305,2.4716,0
2023-03-01,台積電,0.0097,-0.0387,-0.011,0.0197,1.2227,0
2023-03-01,中華電,0.0,0.0044,0.0123,0.0064,1.3006,1
2023-03-02,國泰金,-0.0194,0.0106,-0.0053,0.0126,0.535,0
2023-03-02,富邦金,-0.0133,-0.0133,-0.0051,0.0082,0.8787,1
2023-03-02,台積電,0.0058,-0.0057,-0.0164,0.0177,0.5603,0
2023-03-02,聯發科,0.069,0.0794,0.0538,0.0301,1.5067,0
2023-03-02,中華電,0.0175,0.0356,0.0237,0.0056,1.0374,1
2023-03-02,鴻海,0.0,0.0281,0.0083,0.0086,0.8712,0
2023-03-02,廣達,0.0075,0.0776,0.0272,0.0075,0.9832,1
2023-03-02,台達電,-0.0269,0.0017,-0.0156,0.012,0.7758,0
2023-03-03,廣達,0.0177,0.0619,0.0254,0.0069,0.7308,1
2023-03-03,富邦金,-0.0067,-0.0083,-0.003,0.0082,0.6346,1
2023-03-03,聯發科,0.087,0.0704,0.0502,0.0301,1.0198,1
2023-03-03,中華電,0.0217,0.0444,0.0302,0.0058,0.6455,1
2023-03-03,台達電,-0.0069,-0.0221,-0.0196,0.0112,0.681,1
2023-03-03,鴻海,0.0049,0.025,0.0071,0.0086,0.9278,1
2023-03-03,國泰金,-0.0104,-0.0023,-0.0075,0.0124,0.4964,1
2023-03-03,台積電,0.0178,-0.0264,-0.0208,0.0174,0.801,1
2023-03-06,台積電,0.0058,-0.0352,-0.0095,0.0169,0.7836,1
2023-03-06,廣達,0.02,0.068,0.036,0.0072,1.2577,1
2023-03-06,中華電,0.0216,0.0536,0.0319,0.0056,0.8217,1
2023-03-06,鴻海,0.0049,0.035,0.0152,0.0088,1.2274,1
2023-03-06,國泰金,0.0069,-0.0102,0.0093,0.0116,0.9463,1
2023-03-06,聯發科,0.0523,0.0495,0.0597,0.0294,1.2179,1
2023-03-06,富邦金,0.0033,-0.0083,0.0058,0.0082,1.1062,0
2023-03-06,台達電,0.0,-0.0268,-0.0114,0.0109,1.2182,1
2023-03-07,富邦金,-0.0033,0.0,0.0024,0.0078,0.9436,1
2023-03-07,台積電,0.0254,-0.0332,-0.0021,0.017,0.8996,0
2023-03-07,聯發科,0.0899,0.0493,0.0625,0.0294,0.8508,0
2023-03-07,廣達,0.0237,0.0775,0.0359,0.007,0.8681,0
2023-03-07,中華電,0.026,0.0487,0.0338,0.0054,0.9177,1
2023-03-07,國泰金,0.0069,0.0104,0.0122,0.011,0.7295,0
2023-03-07,台達電,0.0524,0.0,0.0278,0.014,2.8644,0
2023-03-07,鴻海,0.0396,0.0542,0.0271,0.0091,2.2392,0
2023-03-08,國泰金,0.0234,0.0258,0.0109,0.0104,0.7645,0
2023-03-08,廣達,0.0263,0.072,0.0311,0.007,0.7463,1
2023-03-08,中華電,0.0348,0.0578,0.0352,0.0052,1.1954,0
2023-03-08,富邦金,0.0169,0.0101,0.0053,0.0077,1.0278,0
2023-03-08,台積電,-0.0019,-0.0095,-0.0073,0.0157,0.8973,1
2023-03-08,台達電,0.0311,0.0051,0.0173,0.0138,1.1003,0
2023-03-08,鴻海,0.0196,0.0246,0.0161,0.0086,0.998,0
2023-03-08,聯發科,-0.0291,0.0506,0.033,0.0294,1.3698,0
2023-03-09,富邦金,0.0,0.0,-0.0048,0.0081,1.1425,0
2023-03-09,台達電,0.0207,-0.0017,0.0072,0.014,0.6458,0
2023-03-09,聯發科,-0.0103,0.0697,0.0282,0.0289,0.8744,0
2023-03-09,中華電,0.0172,0.0533,0.0282,0.0054,0.939,0
2023-03-09,鴻海,0.0,0.0199,0.0005,0.009,1.8721,0
2023-03-09,台積電,0.0058,-0.0019,-0.0053,0.0156,0.7919,0
2023-03-09,廣達,0.0211,0.0566,0.032,0.0061,0.9778,0
2023-03-09,國泰金,0.0151,0.0199,0.0076,0.0104,0.9564,0
2023-03-10,國泰金,-0.0047,-0.0035,-0.0141,0.0116,1.8765,0
2023-03-10,台積電,-0.0058,-0.05,-0.02,0.0141,0.9016,1
2023-03-10,富邦金,-0.0202,-0.0152,-0.0225,0.009,1.868,0
2023-03-10,廣達,0.0112,0.0516,0.0207,0.0065,1.545,1
2023-03-10,台達電,0.0069,-0.0203,-0.0106,0.0146,1.0529,1
2023-03-10,聯發科,-0.0245,0.0161,0.0126,0.0281,0.9814,1
2023-03-10,中華電,0.0,0.0444,0.0173,0.0059,0.9078,1
2023-03-10,鴻海,-0.0049,0.0149,-0.0051,0.0091,0.84,1
2023-03-13,廣達,-0.0012,0.0529,0.0193,0.0064,1.5523,0
2023-03-13,中華電,0.0085,0.0578,0.0274,0.0063,1.5292,0
2023-03-13,台積電,-0.0096,-0.0444,-0.012,0.0142,0.801,0
2023-03-13,國泰金,-0.0298,-0.007,-0.023,0.0117,1.2081,0
2023-03-13,富邦金,-0.0383,-0.0237,-0.0314,0.0093,1.4659,0
2023-03-13,台達電,0.0069,0.0,-0.0038,0.0143,0.6963,0
2023-03-13,聯發科,-0.0255,0.02,0.0223,0.0281,0.8309,0
2023-03-13,鴻海,-0.0048,0.0198,0.0037,0.0093,0.7207,0
2023-03-14,鴻海,-0.0286,0.0049,-0.0063,0.0095,0.8931,1
2023-03-14,台達電,-0.0547,-0.0306,-0.0261,0.0152,1.3012,1
2023-03-14,富邦金,-0.0518,-0.0374,-0.0464,0.01,1.5565,0
2023-03-14,國泰金,-0.0503,-0.0258,-0.0391,0.0123,1.545,0
2023-03-14,聯發科,-0.0343,0.0284,0.0168,0.028,0.8245,0
2023-03-14,台積電,-0.0267,-0.0642,-0.0202,0.0141,0.7756,1
2023-03-14,中華電,-0.0084,0.0398,0.0125,0.0072,0.9733,1
2023-03-14,廣達,-0.0098,0.0464,0.012,0.0067,1.4093,1
2023-03-15,廣達,-0.0073,0.0463,0.011,0.0067,0.8056,1
2023-03-15,富邦金,-0.0583,-0.0504,-0.0474,0.0096,1.1074,0
2023-03-15,國泰金,-0.0514,-0.0326,-0.0387,0.0122,0.7586,0
2023-03-15,聯發科,-0.013,0.0369,0.011,0.0278,0.8553,0
2023-03-15,台達電,-0.0318,-0.017,-0.0116,0.0156,0.7525,0
2023-03-15,台積電,-0.0192,-0.0555,-0.0154,0.0141,0.8784,0
2023-03-15,中華電,0.0,0.0485,0.023,0.0076,0.9126,0
2023-03-15,鴻海,-0.0144,0.0149,-0.0022,0.0095,0.6198,0
2023-03-16,中華電,0.0042,0.0439,0.0208,0.0076,0.7089,0
2023-03-16,國泰金,-0.0722,-0.0711,-0.0585,0.0124,1.7043,1
2023-03-16,廣達,0.0073,0.0508,0.0271,0.0071,2.2494,1
2023-03-16,台達電,-0.0305,-0.0255,-0.0189,0.0157,0.6514,0
2023-03-16,富邦金,-0.0724,-0.0832,-0.0671,0.0103,2.021,1
2023-03-16,台積電,-0.0273,-0.0684,-0.0182,0.0139,0.8313,1
2023-03-16,鴻海,-0.0049,0.0,-0.0071,0.0093,0.8241,1
2023-03-16,聯發科,-0.0143,0.0328,0.0067,0.0278,0.9424,1
2023-03-17,國泰金,-0.0398,-0.0454,-0.0447,0.0126,1.3529,0
2023-03-17,鴻海,0.0147,0.0098,0.0071,0.0098,1.7895,0
2023-03-17,富邦金,-0.048,-0.0672,-0.0571,0.0105,1.8017,0
2023-03-17,台積電,0.0152,-0.008,0.0075,0.013,1.3252,0
2023-03-17,台達電,-0.0121,-0.0222,-0.0178,0.0157,0.8265,1
2023-03-17,廣達,0.0209,0.0599,0.0291,0.007,1.92,0
2023-03-17,聯發科,0.0225,0.0887,0.0251,0.0271,1.0729,0
2023-03-17,中華電,0.0043,0.0396,0.0103,0.0078,1.5728,1
2023-03-20,台積電,-0.0024,-0.0251,-0.0029,0.0132,0.4915,1
2023-03-20,廣達,0.0196,0.0545,0.0263,0.007,0.8924,1
2023-03-20,聯發科,0.0079,0.083,0.0171,0.0272,0.8411,1
2023-03-20,富邦金,-0.0468,-0.0741,-0.0621,0.0106,1.1241,1
2023-03-20,中華電,0.0,0.0439,0.0167,0.0079,0.5286,0
2023-03-20,台達電,-0.0154,-0.0385,-0.0125,0.0149,0.4813,1
2023-03-20,鴻海,-0.0049,-0.0097,-0.0022,0.0098,0.6301,1
2023-03-20,國泰金,-0.0496,-0.0662,-0.0603,0.0131,1.5791,1
2023-03-21,台積電,0.0192,0.0035,0.0067,0.0127,0.775,1
2023-03-21,台達電,0.0281,-0.0051,0.0067,0.0153,0.5883,1
2023-03-21,中華電,0.0085,0.0441,0.0102,0.0079,0.5171,1
2023-03-21,聯發科,0.0131,0.0664,0.0152,0.027,0.8272,1
2023-03-21,富邦金,-0.0247,-0.0829,-0.0529,0.0099,0.874,1
2023-03-21,廣達,0.032,0.0621,0.0306,0.007,0.9166,1
2023-03-21,鴻海,0.0147,0.0,0.0075,0.0101,0.6279,0
2023-03-21,國泰金,-0.0193,-0.0739,-0.0438,0.0124,0.8569,1
2023-03-22,廣達,0.0455,0.0678,0.0419,0.0074,1.483,1
2023-03-22,富邦金,-0.0053,-0.0741,-0.0338,0.0106,1.1467,1
2023-03-22,台積電,0.0487,0.0365,0.0359,0.0144,1.7155,1
2023-03-22,鴻海,0.0098,0.0049,0.0073,0.01,0.643,0
2023-03-22,中華電,0.0042,0.0391,0.0168,0.0076,0.5559,1
2023-03-22,台達電,0.0208,0.0,0.0136,0.0153,0.6665,0
2023-03-22,國泰金,-0.0036,-0.0697,-0.0261,0.0127,1.2439,1
2023-03-22,聯發科,0.0303,0.0758,0.0247,0.0271,0.7779,1
2023-03-23,台積電,0.0653,0.0483,0.0431,0.0145,1.0536,1
2023-03-23,鴻海,0.0147,0.0098,0.0068,0.01,0.9166,1
2023-03-23,中華電,0.0084,0.048,0.0187,0.0075,0.8209,0
2023-03-23,台達電,0.0279,-0.0101,0.0124,0.0152,0.6298,1
2023-03-23,聯發科,0.0489,0.0938,0.0358,0.0272,0.7171,0
2023-03-23,富邦金,0.0254,-0.0615,-0.0255,0.0108,0.6823,0
2023-03-23,廣達,0.0302,0.0676,0.0422,0.0074,1.4447,1
2023-03-23,國泰金,0.0259,-0.0525,-0.0188,0.0126,0.8768,0
2023-03-24,中華電,0.0127,0.0391,0.0125,0.0076,0.7059,1
2023-03-24,廣達,0.0517,0.1048,0.0636,0.0084,2.1618,0
2023-03-24,台積電,0.0405,0.0689,0.0416,0.0137,0.8688,0
2023-03-24,富邦金,0.0144,-0.0601,-0.026,0.0107,0.5923,0
2023-03-24,國泰金,0.0073,-0.0473,-0.0223,0.0124,0.7125,1
2023-03-24,台達電,0.0489,0.0362,0.0311,0.0147,1.1662,0
2023-03-24,鴻海,0.0193,0.0343,0.0245,0.0107,1.8735,0
2023-03-24,聯發科,0.022,0.108,0.0267,0.0268,0.6571,0
2023-03-27,富邦金,0.0236,-0.0585,-0.023,0.0108,0.4719,1
2023-03-27,聯發科,0.013,0.047,0.0114,0.0254,0.4746,0
2023-03-27,台積電,0.0371,0.0306,0.0245,0.0136,0.6503,0
2023-03-27,國泰金,0.0286,-0.045,-0.0189,0.0125,0.5975,1
2023-03-27,鴻海,0.0098,0.0049,0.0049,0.0115,0.8643,0
2023-03-27,台達電,0.0435,0.0345,0.0277,0.0147,0.8972,0
2023-03-27,中華電,0.0084,0.039,0.0148,0.0076,0.7163,0
2023-03-27,廣達,0.0517,0.0924,0.0589,0.0083,1.231,0
2023-03-28,台達電,0.0188,0.0419,0.0204,0.0145,1.1029,0
2023-03-28,國泰金,0.0196,-0.0437,-0.0119,0.0125,0.426,1
2023-03-28,聯發科,-0.0065,0.0595,-0.0095,0.0248,0.6441,1
2023-03-28,台積電,0.0155,0.033,0.0113,0.0134,0.7318,1
2023-03-28,中華電,0.0084,0.0346,0.0089,0.0077,0.9444,1
2023-03-28,富邦金,0.0217,-0.0583,-0.0165,0.0108,0.4174,1
2023-03-28,鴻海,-0.0048,0.0198,-0.001,0.0106,0.6716,1
2023-03-28,廣達,0.0418,0.0899,0.0519,0.0084,1.2279,1
2023-03-29,聯發科,-0.0102,-0.0228,0.0007,0.0127,0.5314,1
2023-03-29,廣達,0.0353,0.1028,0.0551,0.0082,0.9989,1
2023-03-29,台達電,0.0017,0.0207,0.0091,0.0146,0.9319,0
2023-03-29,中華電,0.0042,0.0435,0.011,0.0076,0.8826,0
2023-03-29,國泰金,0.0121,-0.0211,-0.0037,0.0122,0.5645,0
2023-03-29,鴻海,0.0,0.0147,0.0031,0.0104,0.6089,1
2023-03-29,台積電,-0.0056,0.0208,0.0199,0.0128,0.7702,1
2023-03-29,富邦金,0.0125,-0.0356,-0.0078,0.0105,0.5051,0
2023-03-30,中華電,0.0,0.03,0.0095,0.0072,0.76,0
2023-03-30,廣達,0.0434,0.1056,0.0617,0.0083,1.3382,1
2023-03-30,聯發科,-0.0189,0.0039,0.007,0.0119,0.5755,1
2023-03-30,國泰金,0.0012,-0.0326,-0.008,0.0122,0.6344,1
2023-03-30,富邦金,0.0053,-0.0438,-0.0073,0.0103,0.5663,0
2023-03-30,台達電,0.0034,0.0207,0.0081,0.0146,0.6595,1
2023-03-30,台積電,-0.0056,0.0364,0.0277,0.0128,0.8508,0
2023-03-30,鴻海,0.0097,0.0195,0.0119,0.0106,0.567,0
2023-03-31,聯發科,-0.0038,0.0155,0.0178,0.0122,0.861,0
2023-03-31,國泰金,0.0121,-0.0256,-0.0019,0.0122,0.8837,1
2023-03-31,廣達,0.0183,0.1055,0.0575,0.0083,1.3288,1
2023-03-31,中華電,0.0,0.017,0.0044,0.0071,0.6954,1
2023-03-31,台達電,0.0017,0.0451,0.0246,0.015,1.0684,0
2023-03-31,台積電,-0.0111,0.0385,0.0219,0.0127,1.0432,0
2023-03-31,富邦金,0.0036,-0.0504,-0.0099,0.0103,0.834,1
2023-03-31,鴻海,-0.0142,0.0146,0.0063,0.0106,0.543,0
2023-04-06,國泰金,0.0157,-0.0367,0.0048,0.0116,0.7619,1
2023-04-06,鴻海,0.0,0.0,0.0015,0.0105,1.1576,0
2023-04-06,廣達,0.0274,0.1004,0.0618,0.0081,1.3152,0
2023-04-06,聯發科,-0.0346,-0.0395,-0.0242,0.0154,1.6967,0
2023-04-06,中華電,0.0042,0.0212,0.0118,0.0072,1.3059,1
2023-04-06,台積電,-0.0019,0.0228,0.015,0.0127,1.1171,1
2023-04-06,富邦金,0.0089,-0.0533,-0.0018,0.0101,0.6585,1
2023-04-06,台達電,-0.0183,0.0155,0.0017,0.0159,1.29,0
2023-04-07,富邦金,0.0071,-0.0485,0.0025,0.0102,0.3582,1
2023-04-07,台積電,0.0114,0.0188,0.0159,0.0127,0.39,0
2023-04-07,國泰金,0.0168,-0.0343,0.0126,0.0117,0.7988,1
2023-04-07,中華電,0.0126,0.0211,0.0149,0.0072,0.7306,1
2023-04-07,台達電,-0.0151,-0.0249,0.0013,0.013,0.7148,1
2023-04-07,聯發科,-0.0222,-0.0495,-0.0269,0.0153,0.8506,0
2023-04-07,鴻海,0.0,-0.019,-0.0024,0.01,0.3768,0
2023-04-07,廣達,0.0286,0.0951,0.0558,0.0082,1.2488,1
2023-04-10,台達電,-0.0017,-0.0117,0.0053,0.0128,0.5263,1
2023-04-10,廣達,0.0216,0.0977,0.052,0.0081,1.0646,1
2023-04-10,國泰金,0.0167,-0.0274,0.0212,0.0119,0.5005,1
2023-04-10,中華電,0.0208,0.0294,0.026,0.0076,0.8753,1
2023-04-10,台積電,-0.0019,0.0208,0.0111,0.0126,0.3525,0
2023-04-10,鴻海,-0.0048,-0.0096,-0.0019,0.0098,0.4169,1
2023-04-10,富邦金,0.0035,-0.0483,0.0086,0.0102,0.4042,0
2023-04-10,聯發科,-0.0401,-0.0339,-0.0344,0.0145,1.1553,1
2023-04-11,國泰金,0.0252,-0.0229,0.0249,0.0119,0.6479,1
2023-04-11,台達電,0.0118,0.0118,0.0183,0.013,1.1024,0
2023-04-11,富邦金,0.0053,-0.0387,0.0106,0.01,0.7466,1
2023-04-11,台積電,-0.0206,0.0093,0.0011,0.0128,1.0723,0
2023-04-11,中華電,0.025,0.038,0.0282,0.0075,1.3651,0
2023-04-11,鴻海,-0.0096,0.0098,0.0024,0.0093,1.0335,0
2023-04-11,聯發科,-0.0283,-0.0143,-0.0154,0.0152,0.9168,1
2023-04-11,廣達,0.018,0.1022,0.055,0.0081,1.2657,1
2023-04-12,中華電,0.0293,0.0468,0.0259,0.0071,1.7803,1
2023-04-12,台達電,-0.0083,0.0293,0.0151,0.0122,0.8707,1
2023-04-12,台積電,-0.0244,0.0191,-0.0075,0.0123,1.1269,0
2023-04-12,鴻海,-0.0144,0.0049,-0.0075,0.0095,0.7305,1
2023-04-12,國泰金,0.0275,0.0059,0.0318,0.0109,0.645,0
2023-04-12,聯發科,-0.0368,0.0026,-0.013,0.0148,0.7366,0
2023-04-12,富邦金,0.0142,-0.0172,0.0151,0.0093,0.7431,1
2023-04-12,廣達,0.0202,0.1153,0.0528,0.0075,1.8478,0
2023-04-13,聯發科,-0.004,-0.0183,-0.0225,0.0148,1.0545,0
2023-04-13,台積電,-0.0377,-0.0063,-0.0263,0.013,1.1968,1
2023-04-13,鴻海,-0.0048,0.0,-0.0027,0.0093,0.822,1
2023-04-13,富邦金,0.0106,-0.0052,0.0171,0.009,0.8091,1
2023-04-13,國泰金,0.0143,0.0071,0.023,0.0109,0.8338,1
2023-04-13,台達電,0.0204,0.0291,0.0205,0.0122,1.0218,1
2023-04-13,中華電,0.029,0.042,0.032,0.0069,1.7932,1
2023-04-13,廣達,-0.0067,0.0944,0.0296,0.0091,2.273,0
2023-04-14,國泰金,0.0213,0.0385,0.0342,0.0104,0.9136,1
2023-04-14,台積電,-0.0282,0.0172,-0.0157,0.013,0.8518,1
2023-04-14,鴻海,0.0146,0.0245,0.0106,0.0095,0.9294,0
2023-04-14,聯發科,-0.0013,-0.0171,-0.0243,0.0148,0.9118,0
2023-04-14,中華電,0.0289,0.0596,0.0332,0.0059,1.5511,1
2023-04-14,台達電,0.0697,0.1035,0.0627,0.0144,3.8382,0
2023-04-14,富邦金,0.0299,0.0335,0.0366,0.0093,1.2811,0
2023-04-14,廣達,-0.0235,0.08,0.0073,0.0102,3.1712,0
2023-04-17,鴻海,0.0097,0.0146,0.0051,0.0096,0.5602,1
2023-04-17,聯發科,-0.0445,-0.0646,-0.0722,0.0187,2.6843,0
2023-04-17,台達電,0.0508,0.0727,0.0438,0.0149,1.3575,0
2023-04-17,中華電,0.0245,0.0546,0.0387,0.0056,1.2398,1
2023-04-17,富邦金,0.0245,0.0354,0.033,0.0092,0.7504,1
2023-04-17,台積電,-0.017,0.0231,-0.0091,0.0131,0.7039,0
2023-04-17,廣達,-0.0305,0.072,-0.0022,0.0104,1.1978,1
2023-04-17,國泰金,0.0153,0.041,0.0333,0.0103,0.5275,0
2023-04-18,國泰金,0.0106,0.0642,0.0277,0.0084,0.6095,0
2023-04-18,鴻海,0.0097,0.0245,0.0087,0.0095,0.6011,0
2023-04-18,聯發科,-0.0899,-0.0899,-0.0956,0.0196,2.4834,0
2023-04-18,台積電,-0.0172,0.0198,-0.0196,0.0132,0.7418,0
2023-04-18,富邦金,0.0263,0.0635,0.0316,0.0068,0.6804,0
2023-04-18,廣達,-0.0226,0.0694,0.0104,0.0103,0.9222,1
2023-04-18,中華電,0.0244,0.0588,0.0398,0.0056,1.2493,0
2023-04-18,台達電,0.0284,0.0733,0.0317,0.0149,0.9142,0
2023-04-19,聯發科,-0.1095,-0.1268,-0.107,0.0188,1.8439,0
2023-04-19,廣達,0.0142,0.1081,0.0467,0.0133,2.0595,0
2023-04-19,台達電,0.0235,0.0663,0.0217,0.015,1.0722,1
2023-04-19,中華電,0.0122,0.0551,0.0247,0.006,1.0468,1
2023-04-19,國泰金,-0.0047,0.0427,0.0173,0.0085,0.7035,1
2023-04-19,鴻海,0.0146,0.0048,0.0036,0.009,0.7644,1
2023-04-19,台積電,-0.0192,-0.0154,-0.0284,0.0121,1.0642,1
2023-04-19,富邦金,0.0157,0.0486,0.0221,0.007,0.8512,0
2023-04-20,台達電,0.02,0.0661,0.0218,0.015,0.899,0
2023-04-20,台積電,0.0059,0.002,-0.0228,0.0119,0.856,0
2023-04-20,廣達,0.0264,0.1017,0.0356,0.0135,0.8457,0
2023-04-20,國泰金,0.0082,0.0684,0.0187,0.0068,0.6667,0
2023-04-20,聯發科,-0.1027,-0.126,-0.1039,0.0188,1.6303,0
2023-04-20,中華電,0.0081,0.0504,0.0263,0.0058,1.1963,1
2023-04-20,鴻海,0.0146,0.0195,0.0075,0.0088,0.8057,0
2023-04-20,富邦金,0.0087,0.0527,0.0143,0.0068,0.8201,0
2023-04-21,台達電,-0.0366,0.0341,0.0085,0.0149,1.1776,0
2023-04-21,聯發科,-0.111,-0.1375,-0.1082,0.0188,0.8397,1
2023-04-21,中華電,0.012,0.0633,0.0313,0.0057,1.4577,0
2023-04-21,富邦金,-0.0119,0.047,0.012,0.0068,0.8634,1
2023-04-21,廣達,0.0306,0.0784,0.0173,0.0141,0.7324,1
2023-04-21,鴻海,-0.0048,0.0048,0.0024,0.0086,1.3089,0
2023-04-21,台積電,-0.0097,-0.0116,-0.026,0.0117,1.223,0
2023-04-21,國泰金,-0.0104,0.0479,0.0104,0.0066,0.8456,0
2023-04-24,聯發科,-0.0465,-0.1344,-0.087,0.019,0.7742,0
2023-04-24,台積電,-0.025,-0.0488,-0.0312,0.0091,0.8804,0
2023-04-24,中華電,0.004,0.0544,0.0286,0.0056,0.8456,0
2023-04-24,鴻海,-0.0048,0.0,-0.0024,0.0087,0.7401,0
2023-04-24,富邦金,-0.0068,0.0338,0.0138,0.0059,0.5564,0
2023-04-24,廣達,0.0455,0.072,0.0222,0.014,0.7029,0
2023-04-24,國泰金,-0.0127,0.0314,0.0077,0.006,0.456,0
2023-04-24,台達電,-0.0242,0.0254,0.0056,0.0149,0.5396,0
2023-04-25,台達電,-0.0341,0.0085,-0.0131,0.0155,1.1378,0
2023-04-25,廣達,0.0133,0.0519,0.0041,0.0146,0.7593,0
2023-04-25,聯發科,-0.0552,-0.1803,-0.1136,0.0195,1.3408,0
2023-04-25,國泰金,-0.0116,0.0253,0.0053,0.0059,0.9731,0
2023-04-25,台積電,-0.033,-0.0743,-0.0448,0.0093,1.8741,0
2023-04-25,中華電,0.0,0.05,0.0261,0.0057,1.2569,1
2023-04-25,鴻海,-0.0144,-0.0048,-0.007,0.0088,1.0918,1
2023-04-25,富邦金,-0.0188,0.0177,0.0024,0.0064,0.9835,1
2023-04-26,鴻海,-0.0048,-0.019,-0.0012,0.0076,1.4855,0
2023-04-26,國泰金,-0.0094,0.0254,-0.0019,0.0059,1.218,0
2023-04-26,台積電,-0.0363,-0.0881,-0.0529,0.0094,1.5513,1
2023-04-26,台達電,-0.0376,-0.0216,-0.022,0.0149,1.5429,1
2023-04-26,聯發科,-0.0385,-0.1785,-0.1064,0.0195,1.1181,1
2023-04-26,廣達,-0.0337,0.0181,-0.004,0.0137,0.7617,1
2023-04-26,中華電,0.0201,0.0628,0.0311,0.0056,1.6342,0
2023-04-26,富邦金,-0.0069,0.0266,0.0064,0.0064,1.6393,0
2023-04-27,廣達,-0.0023,0.0451,0.0201,0.0148,0.775,1
2023-04-27,鴻海,-0.0096,0.0,-0.0012,0.0063,0.7516,1
2023-04-27,台達電,-0.0359,-0.015,-0.0163,0.015,0.8614,1
2023-04-27,富邦金,-0.0035,0.0249,0.0034,0.0064,1.0636,1
2023-04-27,台積電,-0.038,-0.0706,-0.0456,0.0092,1.4182,1
2023-04-27,國泰金,-0.0163,0.0218,-0.0053,0.006,0.934,1
2023-04-27,聯發科,-0.0163,-0.1513,-0.081,0.0206,0.7183,1
2023-04-27,中華電,0.012,0.0542,0.0243,0.0058,1.0496,1
2023-04-28,台達電,-0.0099,0.005,-0.0016,0.0153,1.1393,0
2023-04-28,鴻海,0.0048,0.0146,0.0077,0.0065,0.8876,1
2023-04-28,國泰金,-0.0059,0.0217,-0.0016,0.006,1.358,1
2023-04-28,富邦金,0.019,0.0442,0.0238,0.008,2.0069,0
2023-04-28,台積電,-0.0176,-0.0438,-0.027,0.0102,1.1706,0
2023-04-28,中華電,0.0079,0.0628,0.0252,0.0055,0.7724,0
2023-04-28,聯發科,0.0,-0.1319,-0.0703,0.0206,0.9722,1
2023-04-28,廣達,0.019,0.0548,0.0246,0.0148,0.6088,1
2023-05-02,中華電,-0.004,0.0458,0.0109,0.0065,0.8943,0
2023-05-02,富邦金,0.012,0.0334,0.0186,0.008,1.257,0
2023-05-02,鴻海,0.0242,0.0242,0.0209,0.0071,2.1427,0
2023-05-02,聯發科,-0.0074,-0.132,-0.0552,0.0206,0.9414,1
2023-05-02,國泰金,-0.0035,0.0155,-0.0012,0.0058,1.2036,0
2023-05-02,廣達,0.0541,0.0915,0.0639,0.0173,2.2253,0
2023-05-02,台積電,-0.0118,-0.0547,-0.0262,0.0098,0.726,0
2023-05-02,台達電,-0.0149,0.0085,-0.0086,0.0152,1.4402,1
2023-05-03,廣達,0.0669,0.0756,0.0564,0.0173,1.1891,0
2023-05-03,台達電,0.0051,0.0102,-0.0075,0.0152,0.4522,1
2023-05-03,富邦金,0.0191,0.0317,0.0136,0.0081,0.7686,1
2023-05-03,國泰金,-0.0047,0.0192,-0.0045,0.0056,0.7854,1
2023-05-03,台積電,-0.004,-0.0729,-0.0323,0.0095,0.5488,1
2023-05-03,鴻海,0.0243,0.0096,0.0156,0.007,1.1342,0
2023-05-03,中華電,-0.004,0.0458,0.0086,0.0065,0.4668,1
2023-05-03,聯發科,0.0462,-0.126,-0.0359,0.0209,0.9387,0
2023-05-04,聯發科,0.0293,-0.1512,-0.0448,0.0206,0.7988,1
2023-05-04,廣達,0.071,0.0708,0.0492,0.0174,0.9618,1
2023-05-04,鴻海,0.0145,0.0096,0.0103,0.007,0.5443,0
2023-05-04,中華電,-0.0039,0.0586,0.0138,0.0064,0.6499,0
2023-05-04,台積電,0.0132,-0.0657,-0.0251,0.0096,0.6506,1
2023-05-04,國泰金,0.0035,0.0167,-0.003,0.0056,0.7279,1
2023-05-04,富邦金,0.0225,0.046,0.0199,0.008,0.9075,0
2023-05-04,台達電,0.034,0.01,0.0103,0.0152,0.853,0
2023-05-05,富邦金,0.0243,0.0405,0.0179,0.008,0.534,1
2023-05-05,鴻海,0.0145,0.0145,0.0096,0.0069,0.5674,0
2023-05-05,中華電,0.0,0.0498,0.0114,0.0063,0.3288,0
2023-05-05,廣達,0.0504,0.0685,0.0527,0.0173,0.9568,1
2023-05-05,台積電,0.0132,-0.0566,-0.0183,0.0097,0.388,1
2023-05-05,聯發科,0.0196,-0.1036,-0.0294,0.0192,0.4727,0
2023-05-05,台達電,0.0254,0.0289,0.0056,0.0144,0.6108,1
2023-05-05,國泰金,0.0095,0.0155,-0.0002,0.0055,0.5651,1
2023-05-08,台達電,0.0183,0.0391,0.0119,0.0144,0.6269,0
2023-05-08,台積電,0.004,-0.0508,-0.0078,0.01,0.5785,1
2023-05-08,中華電,-0.0039,0.0455,0.0092,0.0063,0.4862,0
2023-05-08,富邦金,0.0068,0.0439,0.0209,0.008,1.3372,1
2023-05-08,鴻海,0.0048,0.0194,0.0086,0.0067,0.4634,1
2023-05-08,廣達,0.0524,0.0792,0.058,0.0173,0.7807,1
2023-05-08,聯發科,0.015,-0.0988,-0.0242,0.0192,0.4463,1
2023-05-08,國泰金,0.0141,0.0189,0.0082,0.0057,1.2192,1
2023-05-09,聯發科,0.0089,-0.0876,-0.0167,0.0193,0.3355,0
2023-05-09,台積電,0.018,-0.0359,0.0059,0.0105,0.8151,0
2023-05-09,中華電,0.008,0.0327,0.0076,0.0058,0.6133,0
2023-05-09,富邦金,0.0119,0.042,0.0205,0.008,1.1217,0
2023-05-09,國泰金,0.0235,0.0223,0.0176,0.006,1.429,0
2023-05-09,鴻海,0.0047,0.034,0.0213,0.0074,1.7321,0
2023-05-09,廣達,0.0246,0.0947,0.0694,0.0175,1.0399,0
2023-05-09,台達電,0.0201,0.0305,0.0055,0.0145,0.4817,0
2023-05-10,鴻海,0.0095,0.029,0.0199,0.0073,0.7625,0
2023-05-10,聯發科,-0.0176,-0.1164,-0.0235,0.0186,0.5873,0
2023-05-10,台積電,0.0141,-0.0401,-0.0058,0.0107,0.9582,0
2023-05-10,廣達,0.0269,0.085,0.0638,0.0176,0.6873,1
2023-05-10,中華電,0.004,0.0244,0.0024,0.0059,0.6016,0
2023-05-10,國泰金,0.0153,0.0094,0.0066,0.0065,1.1308,1
2023-05-10,台達電,0.0101,0.0084,-0.0032,0.0144,0.516,0
2023-05-10,富邦金,0.0102,0.0368,0.0135,0.0082,0.9683,1
2023-05-11,國泰金,0.0282,0.0175,0.0209,0.0071,2.0557,0
2023-05-11,台達電,-0.023,-0.005,-0.0179,0.0148,0.5436,1
2023-05-11,鴻海,0.0,0.0244,0.0043,0.0077,0.9492,0
2023-05-11,聯發科,0.0,-0.1187,-0.0171,0.0185,0.4897,1
2023-05-11,廣達,0.0371,0.0885,0.0661,0.0176,0.9664,1
2023-05-11,台積電,0.002,-0.0404,-0.0117,0.0107,0.6985,0
2023-05-11,中華電,-0.004,0.0244,0.0012,0.0059,0.6224,0
2023-05-11,富邦金,0.0068,0.0384,0.0167,0.0082,1.518,0
2023-05-12,台積電,-0.008,-0.0275,-0.0163,0.01,0.9819,0
2023-05-12,富邦金,-0.0017,0.0279,0.0068,0.0085,0.8983,1
2023-05-12,廣達,0.1328,0.2185,0.1602,0.0269,3.6842,0
2023-05-12,台達電,-0.0182,-0.01,-0.0157,0.0147,0.7591,1
2023-05-12,鴻海,-0.0238,-0.0049,-0.0194,0.0095,2.7926,0
2023-05-12,聯發科,-0.003,-0.1027,-0.0041,0.0187,0.7978,1
2023-05-12,國泰金,0.0,0.0012,-0.0037,0.0089,2.0611,1
2023-05-12,中華電,-0.0119,0.0081,-0.0071,0.006,1.4864,1
2023-05-15,廣達,0.0796,0.1932,0.1056,0.0284,2.6712,1
2023-05-15,富邦金,0.0,0.0137,0.013,0.0073,1.276,1
2023-05-15,聯發科,0.0074,-0.0909,0.0114,0.019,0.5648,0
2023-05-15,台積電,-0.0169,-0.0397,-0.0153,0.0095,0.7171,1
2023-05-15,國泰金,0.007,0.0046,0.0124,0.0092,1.2671,1
2023-05-15,中華電,-0.0079,0.008,-0.0036,0.006,0.8129,1
2023-05-15,鴻海,-0.0286,-0.0239,-0.023,0.0089,1.1047,0
2023-05-15,台達電,-0.0164,-0.0445,-0.0035,0.0101,0.7539,0
2023-05-16,台積電,-0.0098,-0.0288,0.0051,0.0104,1.1189,1
2023-05-16,聯發科,0.0044,-0.0409,0.0136,0.0154,0.6442,1
2023-05-16,國泰金,0.0023,0.0093,0.0178,0.0092,1.2695,1
2023-05-16,中華電,-0.004,0.004,0.0002,0.0058,0.8631,1
2023-05-16,廣達,0.1002,0.2423,0.1315,0.0287,2.5536,0
2023-05-16,鴻海,-0.0423,-0.0192,-0.0221,0.0088,1.5645,1
2023-05-16,富邦金,0.005,0.0222,0.0187,0.0074,1.4373,1
2023-05-16,台達電,-0.0115,-0.0306,-0.0019,0.0097,0.7192,1
2023-05-17,聯發科,0.0254,-0.0044,0.0212,0.0141,1.4073,1
2023-05-17,台積電,0.0318,0.0078,0.0326,0.0121,2.0493,1
2023-05-17,台達電,0.0116,-0.0081,0.0135,0.0102,1.176,1
2023-05-17,國泰金,0.0209,0.0197,0.025,0.0094,1.6446,1
2023-05-17,鴻海,-0.0376,-0.0191,-0.0163,0.0088,1.3883,1
2023-05-17,中華電,0.0079,0.0079,0.0077,0.006,1.3343,0
2023-05-17,富邦金,0.0169,0.0273,0.0241,0.0075,2.0585,1
2023-05-17,廣達,0.096,0.2167,0.1147,0.0289,1.5305,1
2023-05-18,台積電,0.0621,0.0392,0.0524,0.0127,2.0229,1
2023-05-18,富邦金,0.0269,0.0498,0.0368,0.0078,2.5117,1
2023-05-18,聯發科,0.0314,0.0207,0.0261,0.0134,0.8383,1
2023-05-18,廣達,0.1105,0.1919,0.1266,0.0281,1.4645,1
2023-05-18,國泰金,0.016,0.0386,0.0335,0.0093,1.7986,1
2023-05-18,中華電,0.004,0.0161,0.003,0.0054,1.2152,1
2023-05-18,鴻海,-0.019,-0.0096,-0.011,0.0089,0.976,0
2023-05-18,台達電,0.032,0.0033,0.0183,0.0102,1.4092,0
2023-05-19,台積電,0.0726,0.037,0.0544,0.0126,1.4559,0
2023-05-19,聯發科,0.0371,0.0371,0.0376,0.0136,0.9999,1
2023-05-19,台達電,0.0303,0.0,0.0183,0.0101,1.1543,0
2023-05-19,國泰金,0.0586,0.0512,0.0482,0.0099,2.3131,0
2023-05-19,富邦金,0.0441,0.0639,0.042,0.0077,2.2296,1
2023-05-19,廣達,0.0739,0.2749,0.1828,0.0303,2.0503,0
2023-05-19,鴻海,0.0049,-0.0144,-0.0103,0.0088,1.139,0
2023-05-19,中華電,0.02,0.02,0.0099,0.0056,1.0075,0
2023-05-22,台積電,0.0716,0.0391,0.0503,0.0126,0.7945,0
2023-05-22,鴻海,0.0098,-0.0096,-0.0099,0.0087,0.6389,0
2023-05-22,台達電,0.0166,0.0083,0.0145,0.0098,0.6741,0
2023-05-22,國泰金,0.0415,0.0574,0.0453,0.0097,0.9724,0
2023-05-22,富邦金,0.0387,0.0656,0.0404,0.0077,0.7251,0
2023-05-22,廣達,0.0861,0.2574,0.1369,0.0311,1.2205,1
2023-05-22,聯發科,0.0368,0.0602,0.0449,0.0134,0.8995,1
2023-05-22,中華電,0.0,-0.004,-0.0057,0.0065,1.5817,1
2023-05-23,鴻海,0.0049,-0.0097,-0.0142,0.0087,0.7665,1
2023-05-23,中華電,0.004,0.004,0.002,0.0067,1.1966,0
2023-05-23,廣達,0.0594,0.2588,0.1342,0.0311,1.1041,0
2023-05-23,聯發科,0.0529,0.0592,0.0581,0.0133,1.0554,0
2023-05-23,富邦金,0.0268,0.0568,0.0325,0.0079,1.1827,0
2023-05-23,台積電,0.0495,0.0454,0.0459,0.0124,0.8989,0
2023-05-23,國泰金,0.0275,0.0504,0.0346,0.01,1.0526,0
2023-05-23,台達電,0.0067,0.0,0.0046,0.0101,0.6948,1
2023-05-24,台積電,0.0116,0.0542,0.0333,0.0118,0.9131,1
2023-05-24,聯發科,0.038,0.0938,0.046,0.0094,1.1677,0
2023-05-24,富邦金,0.0199,0.0678,0.0291,0.0073,0.8278,0
2023-05-24,廣達,0.0498,0.2605,0.1055,0.031,0.7928,1
2023-05-24,國泰金,0.0193,0.0516,0.032,0.01,0.9097,0
2023-05-24,鴻海,0.0049,0.0,-0.0094,0.0088,0.5627,0
2023-05-24,台達電,0.0,0.0269,0.0115,0.0093,0.6191,1
2023-05-24,中華電,-0.0039,0.004,0.0018,0.0067,1.2401,1
2023-05-25,富邦金,-0.0115,0.045,0.0101,0.0085,1.1107,1
2023-05-25,廣達,0.1073,0.3658,0.1707,0.0337,1.6851,1
2023-05-25,國泰金,-0.0079,0.0401,0.0127,0.0107,1.048,0
2023-05-25,鴻海,-0.0049,-0.0097,-0.0137,0.0087,0.9389,0
2023-05-25,聯發科,0.0276,0.0909,0.0371,0.0096,0.9913,1
2023-05-25,台達電,0.0049,0.0476,0.0191,0.009,1.3971,1
2023-05-25,中華電,0.0119,0.0079,0.0133,0.007,2.1252,0
2023-05-25,台積電,0.0245,0.1048,0.0634,0.0132,2.833,1
2023-05-26,廣達,0.0596,0.354,0.1731,0.0337,1.5792,0
2023-05-26,鴻海,-0.0049,-0.0097,-0.0132,0.0087,1.228,1
2023-05-26,台達電,0.0375,0.0761,0.0483,0.0113,2.6478,0
2023-05-26,聯發科,0.0458,0.1027,0.064,0.0108,2.1439,1
2023-05-26,國泰金,-0.0277,0.0391,0.0073,0.0107,1.0422,1
2023-05-26,中華電,-0.0039,0.004,0.0051,0.0072,2.4435,0
2023-05-26,台積電,0.0639,0.1469,0.1006,0.0156,3.7072,1
2023-05-26,富邦金,-0.0179,0.0485,0.0094,0.0085,0.8996,1
2023-05-29,台達電,0.0327,0.0517,0.0374,0.0112,1.3565,0
2023-05-29,台積電,0.0697,0.1315,0.0974,0.0154,1.9995,0
2023-05-29,中華電,0.004,-0.0079,-0.0024,0.0073,2.0101,0
2023-05-29,聯發科,0.0468,0.1098,0.07,0.0108,1.9313,1
2023-05-29,國泰金,-0.0089,0.0542,0.0241,0.0114,1.7847,0
2023-05-29,鴻海,0.0243,0.0096,0.0152,0.0108,2.4904,1
2023-05-29,廣達,0.0755,0.3271,0.1415,0.0342,1.2746,1
2023-05-29,富邦金,-0.0097,0.0356,0.0177,0.0073,1.089,0
2023-05-30,中華電,-0.0079,0.0,-0.0063,0.0069,2.0005,1
2023-05-30,台積電,0.0679,0.1297,0.0867,0.0155,1.4045,0
2023-05-30,聯發科,0.0656,0.1371,0.0989,0.0126,2.862,0
2023-05-30,國泰金,-0.0067,0.0471,0.0161,0.0116,1.0995,0
2023-05-30,台達電,0.038,0.0537,0.0298,0.0111,0.9598,1
2023-05-30,廣達,0.0748,0.2835,0.1371,0.0336,2.0689,1
2023-05-30,鴻海,0.0439,0.0094,0.0291,0.0108,2.6536,0
2023-05-30,富邦金,-0.0098,0.034,0.011,0.0073,0.8102,0
2023-05-31,富邦金,-0.0098,0.0375,0.0091,0.0072,2.2007,0
2023-05-31,國泰金,-0.0112,0.0448,0.0093,0.0116,3.2621,0
2023-05-31,中華電,-0.004,0.004,-0.0026,0.007,2.923,0
2023-05-31,鴻海,0.034,0.0095,0.0238,0.0108,1.6866,1
2023-05-31,台積電,0.0629,0.125,0.065,0.0157,2.5315,0
2023-05-31,台達電,0.0377,0.0603,0.0349,0.0112,1.8674,0
2023-05-31,聯發科,0.0675,0.1162,0.0869,0.0127,2.0141,0
2023-05-31,廣達,0.1043,0.3046,0.1366,0.0334,1.6121,0
2023-06-01,中華電,-0.0234,-0.0119,-0.0099,0.0069,0.8842,1
2023-06-01,台達電,0.0276,0.0411,0.0328,0.0106,0.7366,0
2023-06-01,聯發科,0.0565,0.1198,0.0651,0.0124,1.0332,1
2023-06-01,鴻海,0.0537,0.0286,0.0367,0.0111,1.2683,0
2023-06-01,國泰金,-0.0011,0.0353,0.0008,0.0118,0.83,1
2023-06-01,富邦金,0.0,0.022,0.0014,0.0073,0.9674,1
2023-06-01,台積電,0.0147,0.1064,0.0464,0.0163,0.7501,1
2023-06-01,廣達,0.0132,0.2921,0.108,0.0337,0.7873,1
2023-06-02,鴻海,0.0537,0.0286,0.0352,0.0111,1.392,0
2023-06-02,中華電,-0.0118,-0.0079,-0.0055,0.007,1.0442,0
2023-06-02,聯發科,0.0288,0.1126,0.0636,0.0124,1.038,1
2023-06-02,國泰金,0.0125,0.0422,0.009,0.0119,0.6634,1
2023-06-02,台達電,-0.0094,0.0396,0.0259,0.0106,1.6072,1
2023-06-02,台積電,-0.0071,0.124,0.061,0.0166,0.8945,0
2023-06-02,富邦金,0.0017,0.0254,0.0035,0.0073,0.6938,1
2023-06-02,廣達,0.0216,0.317,0.1215,0.0338,1.7852,0
2023-06-05,中華電,-0.0079,-0.0119,-0.0089,0.0071,0.4935,1
2023-06-05,鴻海,0.019,0.0238,0.0292,0.0112,0.6228,0
2023-06-05,台積電,-0.0229,0.1012,0.0428,0.0171,0.4942,1
2023-06-05,聯發科,0.0285,0.1244,0.0686,0.0124,0.8348,0
2023-06-05,富邦金,0.0098,0.0387,0.0198,0.0082,1.7714,1
2023-06-05,台達電,0.0127,0.0458,0.0382,0.0109,1.2775,0
2023-06-05,廣達,0.0263,0.2942,0.0981,0.0341,0.7505,1
2023-06-05,國泰金,0.0112,0.0511,0.0246,0.0124,1.2375,0
2023-06-06,中華電,0.0,-0.0079,-0.0046,0.0071,0.8207,0
2023-06-06,富邦金,0.0181,0.0403,0.021,0.0082,0.7137,0
2023-06-06,國泰金,0.0169,0.0402,0.0225,0.0122,0.5207,1
2023-06-06,台積電,-0.0106,0.098,0.0473,0.017,0.5906,1
2023-06-06,鴻海,0.0,0.0047,0.0242,0.0108,0.927,1
2023-06-06,廣達,0.0304,0.2908,0.0984,0.0341,0.6599,1
2023-06-06,聯發科,-0.0079,0.1182,0.0598,0.0125,0.6538,1
2023-06-06,台達電,0.0064,0.0395,0.0248,0.0112,0.9359,1
2023-06-07,國泰金,0.0248,0.0546,0.0232,0.0119,0.8696,0
2023-06-07,中華電,-0.0079,-0.0079,-0.0081,0.0071,0.5872,0
2023-06-07,鴻海,0.0141,0.0141,0.033,0.011,0.5686,0
2023-06-07,富邦金,0.0164,0.0439,0.0172,0.0081,0.9409,0
2023-06-07,聯發科,0.0119,0.1497,0.0677,0.0118,0.8198,0
2023-06-07,台達電,0.0379,0.0896,0.0607,0.0137,2.0011,0
2023-06-07,台積電,0.0179,0.1292,0.0558,0.0166,0.7958,0
2023-06-07,廣達,0.073,0.3631,0.1411,0.0352,1.4596,0
2023-06-08,台積電,0.0145,0.1202,0.0333,0.017,0.6562,1
2023-06-08,國泰金,0.0136,0.0206,0.0042,0.0123,1.2568,0
2023-06-08,台達電,0.0269,0.0943,0.0447,0.0134,1.3789,0
2023-06-08,中華電,0.0,-0.0079,-0.0077,0.0071,0.5432,1
2023-06-08,富邦金,0.0066,0.0218,-0.0003,0.009,1.7454,1
2023-06-08,廣達,0.0435,0.3001,0.0818,0.0373,0.8576,1
2023-06-08,聯發科,0.0267,0.1497,0.0603,0.0118,1.0878,0
2023-06-08,鴻海,-0.0093,0.019,0.0225,0.0107,0.4418,1
2023-06-09,廣達,0.1144,0.2956,0.1696,0.0368,1.6077,0
2023-06-09,台達電,0.0254,0.0857,0.034,0.0136,1.0621,1
2023-06-09,富邦金,0.0099,0.0373,0.0044,0.0088,0.533,0
2023-06-09,中華電,0.0,0.004,-0.004,0.007,0.5898,0
2023-06-09,鴻海,0.0,0.0537,0.0293,0.0091,0.4577,1
2023-06-09,聯發科,0.0173,0.1352,0.0482,0.0121,0.6888,1
2023-06-09,國泰金,0.0034,0.0457,0.002,0.0108,0.8097,0
2023-06-09,台積電,0.0053,0.1391,0.0378,0.0168,0.5423,1
2023-06-12,鴻海,0.0279,0.0833,0.0489,0.01,2.458,1
2023-06-12,國泰金,-0.0265,0.0161,-0.0112,0.0108,0.8104,1
2023-06-12,廣達,0.1026,0.3217,0.1316,0.0356,1.7143,1
2023-06-12,聯發科,0.0105,0.1279,0.0461,0.0121,0.5795,1
2023-06-12,富邦金,-0.0081,0.0303,0.0029,0.0087,0.6009,0
2023-06-12,台達電,0.0516,0.1181,0.0696,0.0158,2.1306,1
2023-06-12,台積電,0.0342,0.1584,0.0468,0.0168,0.736,1
2023-06-12,中華電,0.0,-0.004,-0.0077,0.007,0.3701,1
2023-06-13,台達電,0.0854,0.1414,0.0845,0.0161,2.17,1
2023-06-13,鴻海,0.0514,0.1029,0.0626,0.0104,1.6904,0
2023-06-13,國泰金,-0.0254,0.0115,-0.0106,0.0107,0.8708,1
2023-06-13,台積電,0.0589,0.1743,0.0728,0.0176,1.4937,0
2023-06-13,聯發科,0.0291,0.1456,0.0553,0.0122,1.0532,1
2023-06-13,廣達,0.1646,0.3663,0.1912,0.0375,1.3777,1
2023-06-13,中華電,0.0,-0.004,-0.0036,0.007,0.6609,0
2023-06-13,富邦金,-0.0129,0.0217,0.0002,0.0087,1.2563,1
2023-06-14,台積電,0.0387,0.1368,0.0606,0.0172,0.6423,1
2023-06-14,聯發科,0.0156,0.1387,0.0499,0.0123,0.7898,0
2023-06-14,中華電,0.004,-0.0118,-0.003,0.0067,0.5467,0
2023-06-14,富邦金,0.0,0.0266,0.0104,0.0089,1.0983,0
2023-06-14,台達電,0.0746,0.1574,0.1077,0.0168,2.1334,1
2023-06-14,廣達,0.12,0.393,0.1882,0.0372,0.8421,1
2023-06-14,鴻海,0.0417,0.0976,0.0576,0.0105,0.8659,0
2023-06-14,國泰金,-0.0176,0.0148,-0.0001,0.0108,0.6286,0
2023-06-15,台達電,0.1385,0.2072,0.1496,0.0191,2.3202,1
2023-06-15,台積電,0.0622,0.1203,0.0613,0.0169,0.7623,0
2023-06-15,鴻海,0.0421,0.0825,0.044,0.0109,0.8419,0
2023-06-15,中華電,0.004,-0.0079,-0.0026,0.0066,0.362,0
2023-06-15,廣達,0.225,0.4341,0.2245,0.0379,1.1477,1
2023-06-15,富邦金,0.0132,0.0082,0.0067,0.0084,0.5253,0
2023-06-15,聯發科,-0.0026,0.1118,0.0258,0.0134,1.1522,0
2023-06-15,國泰金,-0.0056,-0.0011,-0.0057,0.0107,0.4691,0
2023-06-16,廣達,0.1331,0.367,0.2208,0.0364,1.1445,1
2023-06-16,台積電,0.0474,0.1123,0.0521,0.017,1.0523,0
2023-06-16,聯發科,-0.017,0.0759,0.0021,0.0144,1.4165,1
2023-06-16,國泰金,-0.0157,-0.0277,-0.0144,0.0101,0.9835,0
2023-06-16,中華電,0.0,-0.0157,-0.0018,0.0064,0.9447,0
2023-06-16,鴻海,0.0278,0.0777,0.0354,0.0111,1.1153,1
2023-06-16,台達電,0.1502,0.2121,0.1427,0.019,2.4942,1
2023-06-16,富邦金,-0.0016,-0.0081,-0.0011,0.0084,1.2112,1
2023-06-19,台積電,0.0204,0.1031,0.0363,0.0173,0.3975,0
2023-06-19,台達電,0.1176,0.2291,0.1427,0.0187,1.1901,0
2023-06-19,聯發科,0.0235,0.1135,0.0419,0.0171,2.4959,0
2023-06-19,鴻海,0.0181,0.0922,0.0448,0.0112,0.5895,0
2023-06-19,廣達,0.1628,0.4151,0.2072,0.035,0.6871,0
2023-06-19,中華電,0.004,0.0,-0.0018,0.0053,0.5693,1
2023-06-19,國泰金,-0.0034,-0.0277,-0.013,0.0101,0.6696,1
2023-06-19,富邦金,0.0016,-0.0065,0.0025,0.0084,1.0456,0
2023-06-20,廣達,0.0507,0.3551,0.1494,0.0368,1.1239,1
2023-06-20,台達電,0.0758,0.2198,0.1117,0.0192,1.0824,0
2023-06-20,聯發科,-0.0179,0.0685,0.0122,0.0183,2.7742,1
2023-06-20,鴻海,0.0,0.0976,0.04,0.0111,0.6935,1
2023-06-20,中華電,0.004,-0.004,0.0024,0.0051,0.766,0
2023-06-20,台積電,-0.0123,0.1052,0.0312,0.0172,0.4516,0
2023-06-20,國泰金,0.0057,-0.01,-0.0024,0.0103,0.4193,1
2023-06-20,富邦金,0.0,-0.0049,-0.0005,0.0083,0.5565,1
2023-06-21,廣達,0.0821,0.436,0.1794,0.0366,1.1239,0
2023-06-21,台積電,-0.0106,0.1118,0.0224,0.017,0.602,0
2023-06-21,中華電,0.004,-0.004,0.0026,0.0051,0.7523,0
2023-06-21,富邦金,-0.0065,0.0,0.0044,0.0084,0.5115,0
2023-06-21,台達電,0.0312,0.1934,0.087,0.0199,1.2313,0
2023-06-21,鴻海,0.0044,0.0971,0.0398,0.0111,0.793,1
2023-06-21,聯發科,-0.0163,0.0792,0.0114,0.0181,1.2518,0
2023-06-21,國泰金,-0.0045,-0.0089,-0.0008,0.0103,0.4799,0
2023-06-26,鴻海,0.0359,0.1268,0.0565,0.0115,2.1016,0
2023-06-26,廣達,-0.0034,0.2907,0.1261,0.0358,0.9406,0
2023-06-26,台積電,-0.0288,0.062,0.0071,0.016,0.7932,0
2023-06-26,富邦金,-0.013,0.0066,-0.0057,0.0079,0.8313,0
2023-06-26,台達電,-0.0595,0.1299,0.033,0.0232,1.4081,0
2023-06-26,聯發科,-0.0099,0.0712,-0.0036,0.0183,0.498,0
2023-06-26,國泰金,-0.0068,0.0,-0.0087,0.0098,0.7164,1
2023-06-26,中華電,-0.012,-0.0312,-0.0118,0.0054,0.8472,0
2023-06-27,台積電,-0.0289,0.0153,0.0028,0.0131,0.7049,1
2023-06-27,中華電,-0.0279,-0.0394,-0.0258,0.0061,1.109,0
2023-06-27,鴻海,0.027,0.1122,0.0373,0.0122,1.362,1
2023-06-27,富邦金,-0.0082,0.0017,-0.0091,0.0079,0.5949,1
2023-06-27,聯發科,0.004,0.0329,-0.011,0.0173,0.5156,1
2023-06-27,廣達,-0.0503,0.2251,0.0769,0.0373,0.8659,1
2023-06-27,台達電,-0.0713,0.0849,0.02,0.0226,0.747,1
2023-06-27,國泰金,0.0057,0.0057,-0.0067,0.0098,0.7111,1
2023-06-28,中華電,-0.0319,-0.0357,-0.028,0.006,1.2608,1
2023-06-28,廣達,-0.04,0.2632,0.0835,0.0369,0.6882,1
2023-06-28,台達電,-0.0759,0.0998,0.0212,0.0224,0.4427,1
2023-06-28,鴻海,0.0222,0.09,0.0419,0.0109,0.9406,0
2023-06-28,聯發科,-0.0197,0.0427,0.0073,0.0177,0.4861,1
2023-06-28,國泰金,0.015,-0.0043,0.0027,0.009,0.6639,0
2023-06-28,台積電,-0.0154,0.0153,0.0056,0.0131,0.6337,0
2023-06-28,富邦金,0.0016,0.0049,0.0038,0.0081,0.5547,0
2023-06-29,鴻海,0.0044,0.0561,0.021,0.0116,0.878,0
2023-06-29,中華電,-0.0299,-0.0261,-0.0209,0.0062,1.6468,0
2023-06-29,國泰金,-0.0011,-0.0044,-0.0028,0.009,0.7041,0
2023-06-29,聯發科,0.0072,0.01,0.0082,0.016,0.5387,0
2023-06-29,廣達,0.0103,0.2739,0.0894,0.0369,0.5329,1
2023-06-29,台積電,-0.0172,0.0171,0.003,0.0131,0.6155,1
2023-06-29,台達電,-0.0528,0.1131,0.0232,0.0223,0.6105,1
2023-06-29,富邦金,0.0033,0.0082,0.0017,0.0081,0.8423,0
2023-06-30,聯發科,-0.0072,0.0036,-0.0036,0.0162,0.5744,1
2023-06-30,台達電,-0.0262,0.12,0.032,0.0224,0.6283,1
2023-06-30,中華電,-0.0382,-0.0382,-0.0273,0.0063,1.3285,0
2023-06-30,台積電,-0.0086,0.0371,0.0064,0.0126,0.9212,1
2023-06-30,富邦金,-0.0098,0.0,-0.0065,0.0083,0.9443,1
2023-06-30,國泰金,-0.0079,-0.0057,-0.0083,0.009,0.8318,1
2023-06-30,鴻海,0.0,0.061,0.018,0.0115,1.0824,1
2023-06-30,廣達,0.0033,0.3047,0.1156,0.0373,1.1163,1
2023-07-03,鴻海,-0.0043,0.0648,0.0328,0.0117,1.8783,1
2023-07-03,聯發科,0.0088,0.0228,-0.0003,0.0158,0.3934,1
2023-07-03,台積電,0.0087,0.0557,0.009,0.0122,0.6133,1
2023-07-03,國泰金,0.0034,0.0046,-0.0051,0.0089,0.4408,0
2023-07-03,廣達,0.0956,0.3957,0.1586,0.0379,1.301,1
2023-07-03,台達電,0.0718,0.1785,0.0771,0.0246,1.1356,1
2023-07-03,富邦金,0.0082,0.0149,0.001,0.0083,0.4753,0
2023-07-03,中華電,-0.0352,-0.043,-0.0378,0.0066,1.3199,1
2023-07-04,聯發科,0.0279,0.032,0.0111,0.016,0.5173,0
2023-07-04,鴻海,0.0115,0.0677,0.0322,0.0117,1.6637,0
2023-07-04,中華電,-0.0152,-0.0426,-0.0315,0.0067,1.0589,0
2023-07-04,國泰金,-0.0046,-0.0113,-0.0102,0.0087,0.6368,1
2023-07-04,廣達,0.2049,0.4449,0.2079,0.0392,1.8249,0
2023-07-04,富邦金,0.005,0.005,-0.0058,0.0085,0.7044,1
2023-07-04,台積電,0.0227,0.0458,0.0172,0.0116,0.734,0
2023-07-04,台達電,0.0946,0.1988,0.0807,0.0244,0.8191,0
2023-07-05,國泰金,-0.0103,-0.0254,-0.0055,0.0076,0.5719,0
2023-07-05,廣達,0.1771,0.4487,0.1789,0.0391,0.9493,0
2023-07-05,台積電,0.0139,0.0536,0.0093,0.0113,0.6383,0
2023-07-05,富邦金,-0.0065,-0.0113,-0.0036,0.0074,0.5548,0
2023-07-05,聯發科,0.0029,0.0168,0.0059,0.0159,0.5032,0
2023-07-05,中華電,-0.0154,-0.043,-0.0336,0.0067,0.9654,0
2023-07-05,台達電,0.0853,0.1787,0.069,0.0245,0.6053,0
2023-07-05,鴻海,-0.0109,0.0581,0.0153,0.0122,1.0272,0
2023-07-06,國泰金,-0.0207,-0.0412,-0.0196,0.0083,1.5222,0
2023-07-06,鴻海,-0.0213,0.0336,-0.0144,0.0139,1.3583,0
2023-07-06,中華電,-0.0213,-0.0468,-0.0313,0.0065,0.9886,0
2023-07-06,台積電,-0.014,0.0137,-0.0208,0.0132,1.2012,0
2023-07-06,富邦金,-0.0163,-0.0258,-0.0137,0.0077,1.6928,0
2023-07-06,聯發科,-0.0086,0.0092,-0.0046,0.0161,0.5854,0
2023-07-06,廣達,0.1263,0.3924,0.1294,0.0404,1.0007,0
2023-07-06,台達電,0.0422,0.1527,0.0269,0.0259,0.8619,0
2023-07-07,台積電,-0.0191,-0.0006,-0.0208,0.0128,0.8053,0
2023-07-07,台達電,0.0102,0.0901,0.0053,0.0252,0.6077,1
2023-07-07,國泰金,-0.0209,-0.05,-0.0228,0.0082,0.9572,1
2023-07-07,聯發科,-0.0087,-0.0168,-0.0153,0.016,0.6031,0
2023-07-07,鴻海,-0.0213,0.024,-0.0155,0.0138,0.5948,0
2023-07-07,中華電,-0.0172,-0.0471,-0.0332,0.0065,0.8842,0
2023-07-07,富邦金,-0.0132,-0.0291,-0.0172,0.0077,1.1673,1
2023-07-07,廣達,0.0559,0.284,0.0854,0.0406,0.8944,1
2023-07-10,國泰金,-0.015,-0.0238,-0.0124,0.0078,0.8623,1
2023-07-10,中華電,-0.0087,-0.0513,-0.0349,0.0065,0.6694,1
2023-07-10,台達電,-0.0386,0.1034,0.0021,0.025,0.4127,1
2023-07-10,台積電,-0.0242,0.0155,-0.0215,0.0123,0.7986,1
2023-07-10,聯發科,-0.026,-0.0298,-0.0269,0.0162,0.8016,1
2023-07-10,富邦金,-0.0179,-0.0099,-0.0134,0.007,0.8256,1
2023-07-10,廣達,0.0125,0.3542,0.0833,0.0386,0.6243,1
2023-07-10,鴻海,-0.0474,0.0238,-0.0259,0.0138,0.4766,1
2023-07-11,富邦金,0.0082,0.0033,0.0061,0.0082,1.4243,1
2023-07-11,聯發科,-0.02,-0.0058,-0.0078,0.0168,0.4828,0
2023-07-11,台積電,-0.0137,0.026,-0.002,0.0129,0.7745,1
2023-07-11,國泰金,0.0128,-0.0021,0.0097,0.0094,1.2096,1
2023-07-11,廣達,0.0147,0.3156,0.1376,0.0357,1.2508,1
2023-07-11,鴻海,-0.0455,0.0192,-0.0222,0.0137,0.4549,1
2023-07-11,中華電,-0.0043,-0.0468,-0.0241,0.0068,0.7406,0
2023-07-11,台達電,-0.0204,0.1452,0.027,0.0255,0.6189,1
2023-07-12,鴻海,-0.0092,0.0199,0.0001,0.0138,0.7677,0
2023-07-12,台達電,-0.0082,0.1117,0.0316,0.0243,0.5957,1
2023-07-12,國泰金,0.0185,0.0197,0.018,0.0092,1.2093,0
2023-07-12,中華電,0.0,-0.043,-0.022,0.0069,0.5744,0
2023-07-12,廣達,0.1062,0.4535,0.2097,0.038,1.694,1
2023-07-12,台積電,-0.0069,0.0117,-0.0008,0.0125,0.6926,1
2023-07-12,富邦金,0.0164,0.0131,0.0152,0.0085,1.4816,0
2023-07-12,聯發科,-0.0172,-0.0112,-0.0087,0.0168,0.5568,0
2023-07-13,台達電,0.0466,0.1115,0.0474,0.0243,1.1769,0
2023-07-13,廣達,0.1818,0.413,0.2354,0.0365,1.895,1
2023-07-13,中華電,0.0,-0.0468,-0.0196,0.0067,0.7741,1
2023-07-13,鴻海,0.0142,-0.0029,-0.0044,0.0132,0.6338,1
2023-07-13,聯發科,-0.0145,-0.0335,-0.0142,0.0164,0.735,1
2023-07-13,富邦金,0.0232,0.0098,0.0098,0.0086,1.1666,1
2023-07-13,台積電,0.0354,-0.0089,0.0117,0.0103,1.2133,1
2023-07-13,國泰金,0.0259,0.0092,0.0083,0.0094,1.0595,1
2023-07-14,台積電,0.046,0.0064,0.0218,0.0105,1.1038,0
2023-07-14,國泰金,0.0438,0.0094,0.0194,0.0094,0.7715,1
2023-07-14,富邦金,0.0417,0.0113,0.0223,0.0087,1.3829,1
2023-07-14,鴻海,0.0379,0.0204,0.0179,0.0142,0.912,1
2023-07-14,聯發科,0.0147,-0.0177,0.0041,0.017,0.8736,0
2023-07-14,中華電,0.0175,-0.0343,-0.0051,0.0075,0.8816,0
2023-07-14,廣達,0.2336,0.4143,0.2317,0.0365,2.3351,0
2023-07-14,台達電,0.0575,0.0727,0.0366,0.0238,0.8522,1
2023-07-17,聯發科,0.0149,-0.0128,-0.0084,0.0167,0.634,0
2023-07-17,國泰金,0.0551,0.0358,0.0383,0.0103,1.7754,1
2023-07-17,鴻海,0.0574,0.0389,0.0252,0.0141,0.8655,1
2023-07-17,台積電,0.046,0.0,0.0218,0.0104,0.6813,0
2023-07-17,台達電,0.0574,0.0248,0.0368,0.0214,0.537,0
2023-07-17,廣達,0.2062,0.3333,0.201,0.0362,0.9475,1
2023-07-17,富邦金,0.0797,0.0552,0.0603,0.0123,2.6686,1
2023-07-17,中華電,0.0219,-0.0343,-0.0033,0.0075,0.5352,0
2023-07-18,國泰金,0.0333,0.0476,0.037,0.0099,1.5846,0
2023-07-18,台達電,0.0167,0.0124,0.0277,0.0215,0.7826,0
2023-07-18,富邦金,0.0684,0.0736,0.0661,0.0121,2.331,0
2023-07-18,台積電,0.0069,-0.0136,0.0052,0.011,1.0785,0
2023-07-18,中華電,0.0,-0.0468,-0.0138,0.0079,1.1274,0
2023-07-18,鴻海,0.0667,0.0578,0.0362,0.0142,1.0919,0
2023-07-18,廣達,0.1647,0.3523,0.2151,0.0363,1.6166,0
2023-07-18,聯發科,-0.0044,0.007,-0.0087,0.0161,0.7245,1
2023-07-19,中華電,0.0,-0.0468,-0.0114,0.0079,1.0722,1
2023-07-19,富邦金,0.0452,0.0571,0.0502,0.0126,2.0966,1
2023-07-19,國泰金,0.0114,0.0348,0.0226,0.0104,1.1328,1
2023-07-19,廣達,0.056,0.32,0.177,0.037,1.0922,1
2023-07-19,台達電,-0.0165,-0.0217,0.0049,0.022,0.8667,0
2023-07-19,台積電,0.0052,-0.0034,0.0054,0.0108,1.1354,0
2023-07-19,聯發科,0.0161,-0.0183,0.0111,0.0131,1.0682,0
2023-07-19,鴻海,0.0093,0.011,0.0032,0.0159,1.1048,0
2023-07-20,聯發科,0.0176,0.0014,0.0052,0.0118,0.5302,0
2023-07-20,台達電,-0.0378,-0.0059,0.0038,0.0217,0.3443,1
2023-07-20,富邦金,0.0536,0.0639,0.0502,0.0125,1.2008,0
2023-07-20,國泰金,0.0264,0.03,0.0268,0.0103,0.7641,0
2023-07-20,中華電,0.0043,-0.0464,-0.0047,0.0079,0.5808,0
2023-07-20,廣達,0.0821,0.4552,0.2301,0.0369,1.2899,1
2023-07-20,台積電,-0.0103,-0.0069,0.0023,0.0108,0.7646,0
2023-07-20,鴻海,0.0093,0.0064,-0.0017,0.016,0.6644,0
2023-07-21,國泰金,0.0068,0.0208,0.0177,0.0105,0.6966,0
2023-07-21,中華電,-0.0086,-0.0464,-0.0023,0.0079,0.9509,1
2023-07-21,聯發科,-0.0145,-0.0159,-0.0085,0.0122,2.437,0
2023-07-21,廣達,0.1414,0.4917,0.2896,0.0382,1.8106,1
2023-07-21,台達電,-0.0231,0.0162,0.0114,0.0215,0.7939,1
2023-07-21,台積電,-0.0525,-0.0361,-0.0289,0.013,2.2232,0
2023-07-21,鴻海,-0.0183,-0.0027,-0.0062,0.016,0.507,1
2023-07-21,富邦金,0.0319,0.0504,0.0393,0.0128,0.9097,0
2023-07-24,鴻海,-0.0226,-0.0198,-0.0006,0.0151,0.4385,1
2023-07-24,中華電,-0.0043,-0.0269,0.0034,0.0074,0.8379,1
2023-07-24,國泰金,-0.0178,0.0243,0.0119,0.0104,0.6696,1
2023-07-24,廣達,0.2679,0.6962,0.3779,0.0399,1.5549,0
2023-07-24,富邦金,-0.0141,0.054,0.03,0.0126,0.7103,1
2023-07-24,台積電,-0.0558,-0.0279,-0.031,0.0128,1.2081,1
2023-07-24,聯發科,-0.0117,-0.0146,-0.018,0.0122,1.5331,0
2023-07-24,台達電,-0.0204,0.0674,0.0124,0.0187,0.7623,1
2023-07-25,台達電,-0.0041,0.0856,0.0167,0.0185,1.0847,0
2023-07-25,廣達,0.2333,0.7562,0.3382,0.0378,1.8845,1
2023-07-25,鴻海,0.0,0.0299,0.0349,0.0171,1.3538,0
2023-07-25,台積電,-0.0207,-0.0052,-0.0116,0.0136,0.9409,0
2023-07-25,中華電,0.013,-0.0066,0.0081,0.0066,0.7256,1
2023-07-25,富邦金,-0.0184,0.0625,0.0318,0.0125,0.5533,1
2023-07-25,國泰金,-0.0111,0.0301,0.0184,0.0105,0.6706,1
2023-07-25,聯發科,-0.0264,-0.0235,-0.0314,0.0125,1.4014,0
2023-07-26,台積電,-0.0258,-0.0139,-0.0162,0.0137,0.647,1
2023-07-26,富邦金,0.019,0.0754,0.0541,0.0133,1.0743,1
2023-07-26,台達電,0.0098,0.069,0.0037,0.0188,0.4891,0
2023-07-26,國泰金,0.0191,0.0389,0.0347,0.011,1.9015,1
2023-07-26,鴻海,0.0276,0.0164,0.0294,0.017,0.6826,0
2023-07-26,聯發科,-0.0589,-0.0576,-0.0432,0.0118,1.3706,1
2023-07-26,中華電,0.0174,0.0017,0.0123,0.0066,0.6284,0
2023-07-26,廣達,0.3056,0.7951,0.3504,0.0377,1.4342,0
2023-07-27,台積電,-0.0173,-0.007,-0.0106,0.0137,0.5998,0
2023-07-27,富邦金,0.0315,0.0938,0.0655,0.0135,1.4361,0
2023-07-27,鴻海,0.0231,0.0251,0.0189,0.0166,0.7186,0
2023-07-27,聯發科,-0.0491,-0.0546,-0.0361,0.0119,0.9153,0
2023-07-27,中華電,0.0087,-0.0085,0.0084,0.0066,0.6411,0
2023-07-27,國泰金,0.0279,0.0599,0.0464,0.0112,1.9743,0
2023-07-27,台達電,0.0056,0.0555,-0.0045,0.0188,0.5092,1
2023-07-27,廣達,0.1967,0.7235,0.2835,0.0395,1.108,1
2023-07-28,台達電,0.0195,0.0639,0.0146,0.0192,0.9554,0
2023-07-28,台積電,0.0125,-0.0156,-0.0133,0.0137,0.9208,0
2023-07-28,鴻海,0.0186,0.0158,0.0089,0.0168,0.5235,0
2023-07-28,國泰金,0.0304,0.0603,0.0377,0.0111,0.7109,0
2023-07-28,廣達,0.1704,0.7401,0.3071,0.0397,0.9835,0
2023-07-28,聯發科,-0.0352,-0.0436,-0.034,0.0117,0.8195,1
2023-07-28,中華電,0.0087,0.0,0.0084,0.0063,0.7437,0
2023-07-28,富邦金,0.0381,0.1011,0.0587,0.0133,0.5933,1
2023-07-31,國泰金,0.0351,0.0566,0.0348,0.0112,1.5318,1
2023-07-31,聯發科,0.0222,-0.0014,0.0131,0.0163,2.8882,1
2023-07-31,鴻海,0.0046,-0.0109,0.0002,0.0165,0.7688,1
2023-07-31,台達電,0.0125,0.0083,0.0114,0.0154,2.75,1
2023-07-31,廣達,-0.0402,0.486,0.1564,0.0482,1.3006,0
2023-07-31,台積電,0.0125,-0.0242,-0.0156,0.0136,1.1748,1
2023-07-31,中華電,0.0,0.0087,0.0037,0.0056,1.177,1
2023-07-31,富邦金,0.0463,0.0938,0.0556,0.0133,1.3692,1
2023-08-01,中華電,0.0,0.0087,0.0076,0.0056,0.5514,0
2023-08-01,聯發科,0.0722,0.0186,0.0458,0.0177,2.2093,0
2023-08-01,鴻海,-0.0134,0.0045,0.0184,0.017,0.654,0
2023-08-01,台達電,0.0234,0.015,0.03,0.0157,1.9069,0
2023-08-01,富邦金,0.0572,0.1178,0.0657,0.0132,1.1293,0
2023-08-01,台積電,-0.0035,-0.0308,-0.0106,0.0134,0.7909,0
2023-08-01,廣達,-0.0463,0.39,0.1309,0.0476,1.3116,0
2023-08-01,國泰金,0.0606,0.0976,0.0637,0.0128,1.9867,0
2023-08-02,富邦金,0.0093,0.0925,0.0386,0.0145,1.5303,0
2023-08-02,廣達,-0.1741,0.2596,0.0081,0.0541,1.5911,1
2023-08-02,國泰金,0.0187,0.0694,0.0365,0.0142,1.7097,1
2023-08-02,鴻海,-0.0314,-0.0046,-0.0044,0.0175,0.9397,1
2023-08-02,中華電,-0.0085,0.0087,0.0028,0.0056,0.9784,1
2023-08-02,台達電,0.0014,-0.0137,-0.0011,0.0172,2.5774,1
2023-08-02,聯發科,0.0824,0.0172,0.0391,0.0177,1.3629,0
2023-08-02,台積電,-0.0088,-0.0361,-0.0192,0.0135,1.2129,0
2023-08-04,國泰金,0.0065,0.0894,0.0343,0.0134,1.0649,1
2023-08-04,中華電,0.0,0.013,0.0065,0.0057,0.7819,0
2023-08-04,廣達,-0.1287,0.3333,0.0255,0.0534,1.2894,1
2023-08-04,鴻海,0.0045,0.0521,0.0207,0.0173,1.136,0
2023-08-04,聯發科,0.0729,0.0232,0.0334,0.0176,1.0061,0
2023-08-04,富邦金,-0.0107,0.1001,0.029,0.0141,0.5528,1
2023-08-04,台積電,-0.0264,-0.0195,-0.0305,0.0122,1.2527,1
2023-08-04,台達電,0.0084,0.0212,-0.0008,0.0155,1.0471,1
2023-08-07,廣達,-0.0851,0.5078,0.107,0.0556,1.1465,0
2023-08-07,富邦金,0.0015,0.1175,0.0345,0.014,0.6278,0
2023-08-07,台積電,-0.0159,-0.0124,-0.0229,0.0123,0.6923,0
2023-08-07,國泰金,0.0153,0.0994,0.0329,0.0132,0.6357,1
2023-08-07,中華電,-0.0043,0.0131,0.0015,0.0057,0.9378,1
2023-08-07,台達電,-0.0082,0.0445,0.0026,0.0149,0.9251,0
2023-08-07,聯發科,0.0729,0.0352,0.0316,0.0173,0.5245,0
2023-08-07,鴻海,0.0,0.0379,0.005,0.0176,1.2938,1
2023-08-08,中華電,0.0043,0.0219,0.0047,0.0056,1.277,1
2023-08-08,台積電,-0.023,-0.023,-0.0323,0.0125,0.9147,1
2023-08-08,聯發科,0.0,0.0253,0.007,0.0179,0.8429,1
2023-08-08,國泰金,0.0284,0.1032,0.0411,0.0133,1.1502,0
2023-08-08,鴻海,0.0184,0.0574,0.0114,0.0175,0.8269,0
2023-08-08,台達電,-0.0137,0.0344,-0.0073,0.0151,0.5192,0
2023-08-08,廣達,0.0063,0.4769,0.0788,0.0559,1.1055,0
2023-08-08,富邦金,-0.0046,0.1087,0.0246,0.0142,0.6837,1
2023-08-09,廣達,-0.0148,0.3497,0.0355,0.056,0.9122,0
2023-08-09,聯發科,-0.0168,0.0219,0.0219,0.0177,0.4785,0
2023-08-09,台積電,-0.0229,-0.0399,-0.0269,0.0115,0.6981,0
2023-08-09,國泰金,-0.0169,0.0654,0.0246,0.0132,0.7693,1
2023-08-09,鴻海,0.0,0.0524,0.0089,0.0175,0.5797,0
2023-08-09,台達電,-0.0403,-0.0056,-0.0153,0.0135,0.4399,0
2023-08-09,中華電,0.0043,0.0174,0.0082,0.0053,0.942,1
2023-08-09,富邦金,-0.018,0.0887,0.0219,0.0138,0.4972,1
2023-08-10,聯發科,-0.0226,0.0117,0.0097,0.018,0.6485,0
2023-08-10,台達電,-0.0263,-0.0317,-0.0303,0.0138,0.845,1
2023-08-10,中華電,0.0172,0.0261,0.0155,0.0056,1.5075,0
2023-08-10,鴻海,0.0185,0.0233,0.0032,0.0168,0.6478,0
2023-08-10,台積電,-0.0178,-0.0467,-0.0298,0.0115,0.8633,0
2023-08-10,富邦金,0.0046,0.0798,0.0196,0.0137,0.6193,0
2023-08-10,國泰金,0.0087,0.0591,0.025,0.0131,0.6344,0
2023-08-10,廣達,-0.0141,0.1227,-0.0713,0.0592,0.9628,1
2023-08-11,台積電,-0.0144,-0.0667,-0.0353,0.011,0.8659,0
2023-08-11,富邦金,0.0093,0.0851,0.0155,0.0136,0.641,0
2023-08-11,台達電,-0.0124,-0.0364,-0.0133,0.0134,0.7963,0
2023-08-11,國泰金,0.0032,0.0654,0.0185,0.0129,0.7628,0
2023-08-11,中華電,0.0129,0.0261,0.0142,0.0056,0.7722,0
2023-08-11,廣達,0.0159,0.1462,-0.0201,0.06,0.9285,1
2023-08-11,鴻海,-0.0225,0.014,-0.0112,0.0171,0.6637,1
2023-08-11,聯發科,-0.0382,-0.0015,-0.0106,0.0185,0.7303,0
2023-08-14,台積電,-0.0305,-0.0846,-0.0399,0.0106,1.0353,1
2023-08-14,廣達,-0.0124,0.2071,0.0386,0.0615,1.2989,1
2023-08-14,聯發科,-0.0482,-0.0289,-0.0194,0.0181,0.5363,1
2023-08-14,中華電,0.0086,0.0043,0.0054,0.0053,1.1214,0
2023-08-14,國泰金,-0.0226,0.0295,-0.006,0.0139,1.032,0
2023-08-14,台達電,-0.0358,-0.0476,-0.0289,0.0138,0.5421,1
2023-08-14,富邦金,-0.0244,0.0466,-0.01,0.0147,1.1179,0
2023-08-14,鴻海,0.0046,0.0046,0.0023,0.0166,0.9003,0
2023-08-15,台達電,-0.025,-0.0461,-0.0238,0.0139,0.9168,0
2023-08-15,富邦金,-0.0261,0.0001,-0.0162,0.0118,1.0385,0
2023-08-15,台積電,-0.0181,-0.0829,-0.034,0.0106,0.695,0
2023-08-15,廣達,0.0271,0.2577,0.0595,0.0615,0.8825,1
2023-08-15,聯發科,-0.0174,-0.0073,-0.0103,0.0181,0.4242,1
2023-08-15,中華電,0.0043,0.0043,0.0052,0.0053,0.6028,1
2023-08-15,鴻海,-0.0317,-0.0317,-0.0235,0.0175,1.8556,0
2023-08-15,國泰金,-0.0351,0.0089,-0.0064,0.0132,0.5558,0
2023-08-16,廣達,0.1563,0.34,0.1437,0.0641,1.076,1
2023-08-16,鴻海,-0.0452,-0.058,-0.0343,0.0174,1.2829,1
2023-08-16,中華電,0.0085,0.0261,0.0124,0.0046,1.3161,0
2023-08-16,聯發科,-0.0171,0.0088,0.0053,0.0184,0.9133,0
2023-08-16,台達電,-0.021,-0.0424,-0.0259,0.0138,0.6425,0
2023-08-16,國泰金,-0.0291,0.0011,-0.013,0.0133,0.8569,1
2023-08-16,台積電,-0.0217,-0.0671,-0.0306,0.0103,1.372,1
2023-08-16,富邦金,-0.0429,-0.0247,-0.0305,0.0121,0.8754,0
2023-08-17,國泰金,-0.0279,0.018,-0.0095,0.013,0.7229,0
2023-08-17,中華電,-0.0127,0.013,-0.0011,0.0056,1.3397,1
2023-08-17,廣達,0.2945,0.3763,0.1364,0.0636,1.1669,0
2023-08-17,鴻海,-0.0318,-0.0184,-0.0243,0.0162,0.7556,0
2023-08-17,富邦金,-0.0443,-0.0126,-0.0299,0.0119,0.859,0
2023-08-17,台達電,-0.01,-0.0252,-0.0302,0.0129,0.8993,0
2023-08-17,聯發科,-0.0274,-0.0316,-0.015,0.0185,0.7146,0
2023-08-17,台積電,-0.0127,-0.0637,-0.0238,0.0103,1.1077,0
2023-08-18,台積電,-0.0128,-0.0691,-0.0293,0.0104,0.848,0
2023-08-18,中華電,-0.0042,0.0173,0.0066,0.0058,1.2562,0
2023-08-18,聯發科,-0.0074,-0.026,-0.0137,0.0185,0.4918,0
2023-08-18,鴻海,-0.023,-0.0185,-0.028,0.0162,0.5398,0
2023-08-18,國泰金,-0.0269,0.0101,-0.0122,0.013,0.5467,1
2023-08-18,台達電,-0.0434,-0.0421,-0.0464,0.0135,1.0388,1
2023-08-18,廣達,0.1454,0.2133,0.0576,0.0649,1.2069,0
2023-08-18,富邦金,-0.0459,-0.0173,-0.0306,0.0118,0.5953,1
2023-08-21,鴻海,-0.0364,-0.014,-0.0273,0.0162,0.3454,1
2023-08-21,富邦金,-0.0125,0.0016,-0.0198,0.012,0.6279,0
2023-08-21,中華電,0.0,0.013,0.0017,0.0059,0.8144,0
2023-08-21,台積電,-0.0074,-0.0411,-0.0309,0.0078,0.8644,1
2023-08-21,國泰金,0.0,0.0225,-0.0089,0.0129,0.3938,0
2023-08-21,台達電,-0.0214,-0.0459,-0.04,0.0134,0.4372,1
2023-08-21,廣達,0.0481,0.1084,0.0297,0.0637,0.6963,1
2023-08-21,聯發科,-0.0045,-0.0191,-0.0201,0.0183,0.4451,1
2023-08-22,聯發科,-0.0088,-0.0044,-0.0155,0.0182,0.6309,0
2023-08-22,台積電,-0.0018,-0.0305,-0.0221,0.0081,0.7801,1
2023-08-22,廣達,0.0487,0.0402,0.0604,0.0603,0.8993,1
2023-08-22,國泰金,-0.0088,0.0181,-0.0185,0.013,0.5163,0
2023-08-22,中華電,-0.0043,0.0043,-0.0028,0.006,0.8523,0
2023-08-22,鴻海,-0.0047,-0.0139,-0.022,0.0162,0.4284,0
2023-08-22,台達電,-0.0057,-0.0319,-0.0202,0.0141,0.5291,0
2023-08-22,富邦金,-0.011,0.0032,-0.0246,0.012,0.5215,0
2023-08-23,中華電,-0.0127,0.0,-0.0028,0.0059,0.5325,1
2023-08-23,廣達,-0.0296,0.0543,0.0718,0.0603,0.5397,1
2023-08-23,國泰金,-0.0089,0.0034,-0.0252,0.013,0.7142,0
2023-08-23,聯發科,-0.0261,0.009,-0.0174,0.0179,0.366,1
2023-08-23,台達電,-0.0057,-0.044,-0.0222,0.0139,0.4422,1
2023-08-23,富邦金,0.0048,-0.0016,-0.0245,0.0119,0.4596,1
2023-08-23,鴻海,0.0095,-0.0491,-0.0196,0.0136,0.5798,1
2023-08-23,台積電,0.0185,-0.0299,-0.0007,0.0082,1.0999,1
2023-08-24,國泰金,-0.0143,-0.0154,-0.0255,0.0123,0.9821,0
2023-08-24,鴻海,0.0282,-0.0179,0.009,0.0152,1.7176,0
2023-08-24,中華電,0.0086,0.0043,0.0056,0.0061,1.0214,0
2023-08-24,台達電,0.0259,-0.0097,0.0036,0.0151,0.9404,0
2023-08-24,富邦金,0.0128,-0.0186,-0.0159,0.0105,0.4447,0
2023-08-24,廣達,-0.0367,0.0155,0.073,0.0597,1.2891,0
2023-08-24,台積電,0.0368,-0.0035,0.0212,0.0096,1.2088,0
2023-08-24,聯發科,0.0252,0.055,0.0093,0.0186,1.0127,1
2023-08-25,國泰金,-0.0155,-0.0326,-0.0272,0.0118,0.5023,1
2023-08-25,鴻海,0.0189,-0.0226,-0.0037,0.0154,0.7271,0
2023-08-25,富邦金,0.0064,-0.0412,-0.0216,0.0099,0.7268,1
2023-08-25,中華電,-0.0085,0.0,-0.003,0.0063,0.8006,1
2023-08-25,台達電,0.0117,-0.0363,-0.027,0.0167,0.5142,0
2023-08-25,台積電,0.013,-0.0404,-0.0093,0.0119,1.2159,1
2023-08-25,廣達,-0.0469,-0.0337,-0.0009,0.0617,0.9752,0
2023-08-25,聯發科,0.0297,0.0547,0.011,0.0186,1.0086,1
2023-08-28,聯發科,0.0478,0.0653,0.018,0.0187,1.0372,1
2023-08-28,台達電,-0.0015,-0.0655,-0.0321,0.0158,0.5103,1
2023-08-28,富邦金,0.0158,-0.0199,-0.0003,0.0111,0.8097,1
2023-08-28,中華電,0.0,0.0043,0.0011,0.0064,0.3845,1
2023-08-28,台積電,0.0223,-0.0317,-0.0023,0.012,0.464,1
2023-08-28,國泰金,0.0,-0.0077,-0.0072,0.0127,0.7222,1
2023-08-28,鴻海,0.0189,-0.0137,-0.003,0.0153,0.5825,0
2023-08-28,廣達,-0.0499,-0.1002,-0.0202,0.0609,0.772,1
2023-08-29,台達電,-0.0086,-0.052,-0.0182,0.0161,0.6439,0
2023-08-29,中華電,0.0086,0.0129,0.0047,0.0064,0.5332,0
2023-08-29,台積電,0.0203,-0.023,0.0044,0.0121,0.5625,1
2023-08-29,鴻海,-0.0047,-0.023,-0.0203,0.0157,2.1063,0
2023-08-29,富邦金,0.0255,-0.0168,0.0052,0.0112,0.5448,1
2023-08-29,聯發科,0.0565,0.029,0.0296,0.0155,1.02,0
2023-08-29,國泰金,0.0233,0.0066,0.0067,0.0131,0.7804,1
2023-08-29,廣達,-0.0542,0.0252,0.0053,0.0569,0.4483,1
2023-08-30,富邦金,0.0271,-0.0301,0.0084,0.0105,0.6661,0
2023-08-30,台積電,0.0054,-0.0212,0.0109,0.0121,0.8111,0
2023-08-30,中華電,0.0043,0.0043,0.0002,0.0064,1.0217,0
2023-08-30,聯發科,0.0566,-0.0056,0.0284,0.0136,0.9245,0
2023-08-30,廣達,-0.0515,0.0485,0.0194,0.057,0.4588,1
2023-08-30,鴻海,-0.0047,-0.0407,-0.0183,0.015,0.6847,1
2023-08-30,國泰金,0.0313,-0.0243,0.0091,0.0107,0.6813,0
2023-08-30,台達電,-0.0043,-0.0698,-0.0146,0.0153,0.5841,0
2023-08-31,鴻海,-0.0274,-0.0139,-0.013,0.0142,1.8054,1
2023-08-31,中華電,-0.0128,0.0,-0.0083,0.0066,2.6436,1
2023-08-31,台積電,-0.0266,-0.0214,0.0011,0.0121,2.0862,0
2023-08-31,台達電,-0.0308,-0.0416,-0.0139,0.0139,0.8755,0
2023-08-31,廣達,-0.0343,0.1874,0.0314,0.0516,0.6291,0
2023-08-31,聯發科,0.0203,-0.0056,0.0229,0.0136,1.297,1
2023-08-31,國泰金,0.0213,-0.013,-0.0012,0.0098,1.4772,1
2023-08-31,富邦金,0.0047,-0.023,-0.0045,0.0099,1.6087,1
2023-09-01,鴻海,-0.0046,-0.0315,-0.0021,0.0128,0.4646,0
2023-09-01,中華電,0.0,0.0,-0.0041,0.0066,0.596,1
2023-09-01,廣達,-0.0143,0.0932,-0.0255,0.0531,0.5238,1
2023-09-01,富邦金,0.0318,0.0,0.0142,0.0108,1.1429,1
2023-09-01,台積電,0.0037,-0.0108,-0.0002,0.0118,0.7291,1
2023-09-01,國泰金,0.0472,0.0065,0.0204,0.011,1.2663,1
2023-09-01,聯發科,0.0231,0.0057,0.0299,0.0137,0.6948,1
2023-09-01,台達電,0.0014,-0.0429,-0.0117,0.0139,0.6035,0
2023-09-04,台達電,0.0102,-0.0481,-0.0092,0.0138,0.7014,1
2023-09-04,台積電,0.0146,-0.0018,0.0163,0.0123,0.515,0
2023-09-04,國泰金,0.0275,0.0043,0.0212,0.011,0.4916,0
2023-09-04,中華電,0.0043,0.0129,0.0038,0.0068,0.6157,0
2023-09-04,聯發科,0.0143,0.0071,0.031,0.0137,0.567,1
2023-09-04,富邦金,0.0189,-0.0029,0.0224,0.0107,0.7062,0
2023-09-04,鴻海,-0.0139,-0.0274,-0.01,0.0127,0.732,1
2023-09-04,廣達,0.0336,0.0165,-0.004,0.0485,0.4218,0
2023-09-05,台達電,0.0058,-0.0333,-0.0004,0.0139,0.637,0
2023-09-05,國泰金,0.0087,-0.0128,0.0175,0.0106,0.5612,0
2023-09-05,中華電,-0.0043,0.0043,-0.0006,0.0068,0.5808,0
2023-09-05,鴻海,0.0094,-0.0317,-0.0037,0.0125,0.4748,0
2023-09-05,富邦金,0.0076,-0.0048,0.016,0.0108,0.9303,0
2023-09-05,聯發科,0.0113,0.0406,0.039,0.0127,1.1525,0
2023-09-05,台積電,0.0,0.0,0.0072,0.0122,0.6726,0
2023-09-05,廣達,0.002,0.0208,-0.0091,0.0485,0.2714,1
2023-09-06,廣達,0.0221,0.0878,0.0231,0.0485,0.4943,0
2023-09-06,台達電,-0.0043,-0.035,-0.0086,0.0139,1.1994,0
2023-09-06,台積電,-0.009,-0.0072,0.0039,0.0122,0.7749,0
2023-09-06,國泰金,-0.0065,-0.014,0.004,0.0107,1.0891,0
2023-09-06,富邦金,-0.0005,-0.0127,0.0101,0.0108,1.0023,0
2023-09-06,聯發科,0.0042,0.0157,0.0295,0.0125,0.7405,1
2023-09-06,鴻海,0.0,-0.0407,-0.011,0.0126,0.6067,0
2023-09-06,中華電,0.0,0.0,-0.0006,0.0068,0.7029,0
2023-09-07,台達電,-0.0087,-0.0242,-0.0132,0.0135,0.7923,0
2023-09-07,聯發科,0.017,0.0346,0.0349,0.0122,0.7826,0
2023-09-07,台積電,-0.0128,-0.0163,-0.0099,0.0126,1.1325,0
2023-09-07,國泰金,0.0022,-0.0193,0.0028,0.0107,0.5208,1
2023-09-07,中華電,0.0086,-0.0085,-0.0002,0.0065,0.9996,0
2023-09-07,廣達,-0.0059,0.1971,0.0066,0.0421,0.3596,0
2023-09-07,鴻海,-0.0094,-0.0409,-0.0136,0.0126,0.5272,1
2023-09-07,富邦金,0.0104,-0.0174,0.0077,0.0108,0.5865,1
2023-09-08,廣達,0.0062,0.0828,-0.0369,0.0417,0.5375,0
2023-09-08,聯發科,-0.0014,0.0442,0.0212,0.0115,1.0852,1
2023-09-08,富邦金,0.0014,-0.0078,0.018,0.0111,0.5085,1
2023-09-08,中華電,0.0,-0.0127,-0.0038,0.0065,0.6328,1
2023-09-08,鴻海,-0.014,-0.023,-0.0077,0.0124,0.4441,0
2023-09-08,國泰金,-0.0064,-0.0032,0.0161,0.0111,0.624,1
2023-09-08,台達電,-0.0173,-0.0476,-0.0194,0.013,0.6653,0
2023-09-08,台積電,-0.0164,-0.0128,-0.0147,0.0125,0.8408,0
2023-09-11,聯發科,0.0042,0.0625,0.0253,0.0111,0.5247,1
2023-09-11,富邦金,-0.0048,0.0171,0.0188,0.0097,0.6003,1
2023-09-11,中華電,-0.0043,0.0,0.0004,0.0063,0.6547,0
2023-09-11,廣達,-0.0732,-0.046,-0.0906,0.041,1.1342,0
2023-09-11,台積電,-0.0377,-0.0092,-0.0198,0.0124,0.8192,1
2023-09-11,鴻海,-0.0141,-0.0455,-0.0148,0.012,0.6712,1
2023-09-11,台達電,-0.0419,-0.0542,-0.0413,0.0135,1.1882,1
2023-09-11,國泰金,-0.0021,0.0253,0.0203,0.0098,0.744,1
2023-09-12,台達電,-0.0459,-0.0541,-0.0357,0.0135,0.9446,0
2023-09-12,鴻海,0.0047,0.0047,0.0084,0.0118,1.2018,0
2023-09-12,富邦金,0.0049,0.0269,0.0207,0.0096,0.8614,1
2023-09-12,國泰金,0.0043,0.0275,0.0211,0.0098,0.9772,1
2023-09-12,中華電,0.0,0.0,0.0004,0.0063,0.8025,0
2023-09-12,台積電,-0.0145,0.0037,-0.0053,0.0129,0.8924,0
2023-09-12,聯發科,0.0139,0.0737,0.0416,0.0117,1.5531,1
2023-09-12,廣達,-0.0857,-0.0913,-0.1026,0.0404,0.6731,1
2023-09-13,廣達,-0.1004,-0.1537,-0.0769,0.0336,0.4605,1
2023-09-13,富邦金,0.0163,0.0483,0.0232,0.0087,0.6975,1
2023-09-13,台達電,-0.0391,-0.0529,-0.0361,0.0135,0.9635,1
2023-09-13,中華電,-0.0043,-0.0127,-0.0032,0.0061,1.1174,1
2023-09-13,台積電,-0.0164,-0.0018,-0.0107,0.0129,0.9329,1
2023-09-13,鴻海,0.0,0.0047,-0.0059,0.0118,0.7778,1
2023-09-13,聯發科,0.0281,0.0624,0.0441,0.0113,2.1111,1
2023-09-13,國泰金,0.0207,0.0366,0.0215,0.0096,0.6559,1
2023-09-14,國泰金,0.0263,0.0353,0.023,0.0096,1.1113,0
2023-09-14,台積電,0.0204,0.0167,0.0105,0.0138,1.0043,1
2023-09-14,聯發科,0.0223,0.0875,0.0412,0.0097,1.2552,1
2023-09-14,中華電,0.0,0.0043,0.0009,0.0055,1.0278,1
2023-09-14,廣達,-0.0675,-0.1376,-0.0434,0.0344,0.6504,0
2023-09-14,台達電,-0.0146,-0.0287,-0.0157,0.0144,1.1389,1
2023-09-14,富邦金,0.0278,0.0567,0.0286,0.0088,0.8563,0
2023-09-14,鴻海,0.0095,0.0,-0.0012,0.0117,0.6852,0
2023-09-15,鴻海,0.0,0.0,-0.0059,0.0117,1.4788,1
2023-09-15,富邦金,0.0113,0.0517,0.0195,0.009,1.7275,1
2023-09-15,台積電,0.041,0.041,0.0232,0.0139,2.3211,0
2023-09-15,聯發科,0.0762,0.132,0.077,0.0126,3.2144,1
2023-09-15,中華電,0.0086,0.0,0.0051,0.0052,1.9193,0
2023-09-15,國泰金,0.0076,0.0321,0.0159,0.0097,1.4691,0
2023-09-15,台達電,0.0,-0.0044,-0.0097,0.0138,1.1526,0
2023-09-15,廣達,-0.0372,-0.0898,-0.047,0.032,0.6198,0
2023-09-18,鴻海,0.0143,0.0047,-0.0014,0.0117,0.7819,0
2023-09-18,台積電,0.0131,0.0112,-0.0104,0.0159,1.8988,0
2023-09-18,聯發科,0.0952,0.1689,0.0951,0.0128,2.1719,0
2023-09-18,國泰金,-0.0032,0.022,0.0094,0.0098,0.7954,0
2023-09-18,廣達,-0.0241,-0.1118,-0.0847,0.033,0.6884,0
2023-09-18,富邦金,0.0145,0.045,0.0221,0.0088,0.5092,0
2023-09-18,中華電,0.0,0.0,0.0009,0.0052,0.391,0
2023-09-18,台達電,-0.003,-0.0364,-0.0356,0.0151,1.0299,0
2023-09-19,廣達,-0.0223,-0.1528,-0.0918,0.0319,0.645,0
2023-09-19,聯發科,0.0618,0.1503,0.0749,0.0135,1.1052,0
2023-09-19,鴻海,-0.0093,0.0,-0.0014,0.0117,0.5614,0
2023-09-19,台積電,-0.0055,-0.0,-0.0141,0.0158,0.9676,0
2023-09-19,中華電,0.0,0.0043,0.0006,0.0051,0.8744,0
2023-09-19,富邦金,0.0081,0.0467,0.0166,0.0087,0.4982,0
2023-09-19,台達電,-0.006,-0.0544,-0.0329,0.0143,0.8846,0
2023-09-19,國泰金,-0.0064,0.03,0.0068,0.0095,0.968,0
2023-09-20,聯發科,0.0369,0.1311,0.049,0.0146,0.8693,0
2023-09-20,富邦金,-0.0048,0.0383,0.0066,0.009,1.1189,0
2023-09-20,台積電,-0.0056,-0.0254,-0.0183,0.0151,1.2483,0
2023-09-20,鴻海,0.0,-0.0047,-0.0059,0.0117,0.7587,0
2023-09-20,國泰金,-0.0225,0.0224,-0.0084,0.01,1.5001,0
2023-09-20,廣達,-0.0438,-0.166,-0.0856,0.0315,0.8938,1
2023-09-20,中華電,0.0043,0.0043,0.0004,0.0051,1.0099,0
2023-09-20,台達電,-0.003,-0.0503,-0.0304,0.0143,0.7659,0
2023-09-21,中華電,-0.0043,-0.0085,-0.0034,0.0048,0.8337,1
2023-09-21,國泰金,-0.0426,0.0056,-0.026,0.0108,1.9647,0
2023-09-21,廣達,-0.0681,-0.1657,-0.0751,0.0316,0.9284,1
2023-09-21,聯發科,0.0177,0.0796,0.0271,0.0144,0.8723,0
2023-09-21,鴻海,-0.0141,-0.0411,-0.0132,0.0098,0.9602,0
2023-09-21,台達電,-0.0385,-0.0896,-0.0421,0.013,1.6122,1
2023-09-21,台積電,-0.0418,-0.0604,-0.03,0.0144,1.587,0
2023-09-21,富邦金,-0.0238,0.0185,-0.0057,0.0094,1.4163,0
2023-09-22,廣達,-0.0236,-0.0676,-0.0358,0.0297,0.9419,0
2023-09-22,富邦金,-0.024,0.0199,-0.0131,0.0093,1.3286,1
2023-09-22,聯發科,-0.0223,0.0749,0.0235,0.0144,1.2881,1
2023-09-22,鴻海,-0.0094,-0.0278,-0.0118,0.0094,0.6599,1
2023-09-22,中華電,-0.0043,0.0043,0.0006,0.0045,1.0604,0
2023-09-22,台積電,-0.0645,-0.0386,-0.0373,0.0128,1.4228,1
2023-09-22,台達電,-0.0338,-0.0492,-0.0293,0.0117,0.8151,1
2023-09-22,國泰金,-0.0418,0.0045,-0.0306,0.0108,1.1074,1
2023-09-25,富邦金,-0.0239,0.0041,-0.0084,0.0081,0.8487,0
2023-09-25,國泰金,-0.0334,-0.0121,-0.0267,0.0098,0.9357,0
2023-09-25,廣達,0.0157,-0.0504,-0.0397,0.0293,0.7781,0
2023-09-25,聯發科,-0.0345,0.077,0.032,0.0144,0.7864,0
2023-09-25,台達電,0.0182,-0.0175,-0.0048,0.013,1.3915,0
2023-09-25,鴻海,-0.0094,-0.0231,-0.0059,0.0095,0.7159,0
2023-09-25,中華電,-0.0043,-0.0043,-0.0034,0.0045,0.4799,0
2023-09-25,台積電,-0.0278,-0.0384,-0.0299,0.0129,0.822,0
2023-09-26,中華電,-0.0085,-0.0128,-0.0071,0.0045,1.2103,1
2023-09-26,廣達,0.0114,-0.0941,-0.0542,0.0286,0.9334,1
2023-09-26,鴻海,-0.0235,-0.0189,-0.0191,0.0091,1.4273,0
2023-09-26,台積電,-0.0353,-0.0545,-0.0383,0.0129,1.2209,1
2023-09-26,富邦金,-0.0319,-0.012,-0.0192,0.0085,1.465,0
2023-09-26,聯發科,-0.0466,0.038,0.0055,0.0155,0.6705,0
2023-09-26,台達電,-0.0121,-0.0577,-0.0315,0.0142,1.3735,0
2023-09-26,國泰金,-0.041,-0.0347,-0.0337,0.0093,1.0165,1
2023-09-27,台達電,-0.0227,-0.0678,-0.0385,0.0143,1.4962,1
2023-09-27,鴻海,-0.0189,-0.0189,-0.0182,0.0091,0.7703,0
2023-09-27,廣達,0.0526,-0.0744,-0.014,0.0299,0.7684,1
2023-09-27,富邦金,-0.0242,-0.0135,-0.0185,0.0084,0.9817,1
2023-09-27,中華電,-0.0043,-0.0043,-0.0026,0.0045,1.0001,0
2023-09-27,聯發科,-0.029,0.0395,0.0036,0.0155,0.6693,0
2023-09-27,台積電,-0.0243,-0.0542,-0.0301,0.0129,0.7762,1
2023-09-27,國泰金,-0.0241,-0.0325,-0.0289,0.0094,0.9525,0
2023-09-28,國泰金,-0.0078,-0.023,-0.0289,0.0091,0.9064,0
2023-09-28,富邦金,-0.0114,0.0021,-0.017,0.0079,1.0877,1
2023-09-28,台達電,-0.0015,-0.0621,-0.031,0.0144,0.8657,1
2023-09-28,鴻海,-0.0095,-0.0235,-0.017,0.009,1.1063,1
2023-09-28,廣達,0.0936,-0.0552,0.0298,0.0311,1.7494,1
2023-09-28,聯發科,-0.0147,0.0426,-0.0012,0.0154,0.6713,1
2023-09-28,中華電,-0.0043,0.0,-0.0068,0.0042,0.948,1
2023-09-28,台積電,-0.0076,-0.042,-0.0261,0.0128,0.9547,1
2023-10-02,中華電,-0.0043,0.0,-0.0026,0.0042,1.0624,0
2023-10-02,台達電,0.0213,-0.0303,0.0034,0.0166,1.1445,1
2023-10-02,富邦金,-0.0033,-0.0148,-0.0147,0.0065,0.6883,0
2023-10-02,國泰金,-0.0045,-0.0451,-0.0277,0.0073,0.7878,0
2023-10-02,台積電,0.0211,-0.0219,-0.0064,0.0137,1.1962,0
2023-10-02,聯發科,-0.0013,0.0493,0.01,0.0156,0.6885,1
2023-10-02,鴻海,-0.0048,-0.0279,-0.0109,0.0088,0.7282,0
2023-10-02,廣達,0.1187,0.0582,0.091,0.0321,1.8897,0
2023-10-03,國泰金,-0.019,-0.0568,-0.0359,0.0076,1.2773,0
2023-10-03,台積電,0.0076,-0.045,-0.0116,0.0131,0.6738,0
2023-10-03,台達電,0.0,-0.0275,0.0079,0.0166,1.4197,0
2023-10-03,聯發科,0.0225,0.0858,0.0423,0.0173,1.6984,1
2023-10-03,富邦金,-0.0131,-0.0273,-0.0182,0.0063,0.7722,0
2023-10-03,中華電,-0.0043,-0.0128,-0.0062,0.0037,0.8562,0
2023-10-03,廣達,0.0996,0.0102,0.0647,0.0323,0.931,1
2023-10-03,鴻海,-0.0142,-0.0235,-0.0145,0.0087,0.9237,0
2023-10-04,聯發科,0.0583,0.0864,0.0487,0.0173,1.226,1
2023-10-04,台達電,0.0199,-0.0445,-0.0003,0.0166,1.0295,1
2023-10-04,富邦金,-0.0149,-0.034,-0.0295,0.0067,1.8388,1
2023-10-04,國泰金,-0.0202,-0.0624,-0.0427,0.0077,1.7772,1
2023-10-04,鴻海,-0.0096,-0.0374,-0.0221,0.0087,1.3974,1
2023-10-04,廣達,0.1309,0.0224,0.072,0.0323,0.9293,0
2023-10-04,台積電,0.0019,-0.0527,-0.0258,0.0134,1.271,1
2023-10-04,中華電,-0.0086,-0.0171,-0.0139,0.0041,1.7553,0
2023-10-05,聯發科,0.0665,0.1039,0.0516,0.0171,0.8861,0
2023-10-05,台積電,0.0115,-0.0346,-0.009,0.014,1.0915,1
2023-10-05,鴻海,-0.0048,-0.0236,-0.0162,0.0087,0.8495,1
2023-10-05,廣達,0.0848,-0.0177,0.0688,0.0312,0.7615,1
2023-10-05,台達電,0.0464,-0.0203,0.0158,0.0169,0.9489,0
2023-10-05,富邦金,-0.0017,-0.0147,-0.0158,0.0074,1.1105,1
2023-10-05,國泰金,-0.0123,-0.0382,-0.0298,0.008,0.9758,1
2023-10-05,中華電,-0.0129,-0.0171,-0.0131,0.0041,1.5961,1
2023-10-06,聯發科,0.0694,0.0962,0.0467,0.0171,0.4638,1
2023-10-06,富邦金,0.0,-0.0082,-0.0121,0.0074,0.492,1
2023-10-06,鴻海,0.0144,0.0,0.0029,0.0098,1.3859,1
2023-10-06,國泰金,0.0,-0.0252,-0.0176,0.0085,0.6064,1
2023-10-06,台達電,0.0401,-0.016,0.0151,0.0169,0.5546,1
2023-10-06,廣達,0.0626,0.0099,0.0896,0.0315,1.0763,0
2023-10-06,台積電,0.0172,-0.013,-0.0008,0.0138,0.679,1
2023-10-06,中華電,-0.0043,-0.0128,-0.0082,0.0042,0.91,1
2023-10-11,鴻海,0.0144,0.0,0.0076,0.0098,1.3547,1
2023-10-11,台積電,0.0206,0.0149,0.0209,0.0147,1.9309,1
2023-10-11,富邦金,0.0132,-0.0032,0.0027,0.0079,1.6141,1
2023-10-11,國泰金,0.0326,-0.0076,0.0137,0.0108,2.2104,1
2023-10-11,台達電,0.0089,-0.0044,0.0184,0.0168,1.3771,0
2023-10-11,中華電,0.0,0.0,0.0004,0.0046,1.8222,0
2023-10-11,廣達,-0.0648,-0.0165,0.0198,0.0337,1.4175,0
2023-10-11,聯發科,0.0926,0.1481,0.0765,0.018,1.8534,1
2023-10-12,台達電,-0.0015,0.0136,0.0101,0.0158,0.9678,0
2023-10-12,廣達,-0.0423,0.0439,0.0176,0.0308,1.2267,0
2023-10-12,聯發科,0.0557,0.1415,0.0707,0.0181,0.9747,1
2023-10-12,富邦金,0.0198,-0.0032,0.0045,0.0079,1.3228,0
2023-10-12,台積電,0.0397,0.0318,0.0305,0.0148,1.3593,1
2023-10-12,鴻海,0.0288,0.019,0.0161,0.0097,1.2969,1
2023-10-12,中華電,0.0043,-0.0043,0.0006,0.0045,1.0281,0
2023-10-12,國泰金,0.0489,-0.0086,0.0185,0.0108,1.167,0
2023-10-13,鴻海,0.0437,0.0,0.0209,0.0082,1.2401,0
2023-10-13,台積電,0.0635,0.0222,0.035,0.0145,1.2024,0
2023-10-13,中華電,0.0087,-0.0085,-0.0032,0.0046,1.224,1
2023-10-13,國泰金,0.0402,-0.0289,0.0013,0.0115,1.0293,1
2023-10-13,台達電,-0.0135,-0.012,-0.0118,0.0166,1.2292,0
2023-10-13,聯發科,0.0795,0.1566,0.0979,0.0188,1.3823,0
2023-10-13,富邦金,0.0201,-0.0193,-0.0076,0.0083,1.2899,1
2023-10-13,廣達,-0.0978,0.0089,-0.0341,0.0328,1.4668,0
2023-10-16,富邦金,0.0083,-0.0224,-0.0048,0.0082,0.8578,1
2023-10-16,中華電,0.013,0.0,0.0011,0.0046,0.8375,0
2023-10-16,台達電,-0.0385,-0.0196,-0.0214,0.0168,0.8615,0
2023-10-16,聯發科,0.0687,0.1475,0.0877,0.0189,0.8309,0
2023-10-16,廣達,-0.1122,-0.0306,-0.0519,0.0327,0.7436,0
2023-10-16,鴻海,0.0338,0.0094,0.0157,0.0076,0.8021,0
2023-10-16,國泰金,0.0329,-0.0267,0.0071,0.0115,0.4769,0
2023-10-16,台積電,0.0322,0.013,0.0194,0.0148,0.7624,1
2023-10-17,國泰金,0.0157,-0.0352,0.0034,0.0115,0.5452,1
2023-10-17,聯發科,0.0496,0.1255,0.0619,0.0197,1.165,0
2023-10-17,富邦金,0.0099,-0.0254,0.0014,0.0081,0.7863,1
2023-10-17,廣達,-0.1297,-0.0574,-0.0492,0.032,0.8137,0
2023-10-17,鴻海,0.0095,0.0,0.0109,0.0076,0.7283,0
2023-10-17,台積電,0.0357,0.0018,0.0305,0.0142,0.7028,0
2023-10-17,台達電,-0.0474,-0.0488,-0.0295,0.0162,0.7136,0
2023-10-17,中華電,0.0087,-0.0043,0.0013,0.0045,1.0477,0
2023-10-18,台達電,-0.062,-0.0662,-0.0383,0.0162,0.9509,0
2023-10-18,中華電,-0.0043,-0.0128,-0.0024,0.0045,0.8815,0
2023-10-18,廣達,-0.1197,-0.1009,-0.0961,0.034,1.5716,0
2023-10-18,國泰金,-0.0076,-0.0225,0.0123,0.0117,1.3323,0
2023-10-18,鴻海,-0.0047,-0.0047,0.0017,0.0078,1.2876,0
2023-10-18,富邦金,-0.0032,-0.0176,0.0039,0.008,2.1666,0
2023-10-18,聯發科,-0.0012,0.0655,0.0431,0.0184,1.1435,1
2023-10-18,台積電,-0.0074,-0.0323,0.0116,0.0144,1.0432,1
2023-10-19,中華電,-0.0043,-0.0085,-0.0019,0.0044,1.1808,0
2023-10-19,聯發科,0.0184,0.0614,0.0617,0.0182,1.1702,0
2023-10-19,台積電,-0.0073,0.0111,0.0223,0.0127,0.9288,1
2023-10-19,鴻海,-0.0327,-0.0282,-0.0159,0.0088,1.6926,0
2023-10-19,富邦金,-0.0113,-0.0287,-0.0011,0.008,0.9277,0
2023-10-19,台達電,-0.0551,-0.0393,-0.0364,0.0152,0.7697,0
2023-10-19,廣達,-0.1239,-0.0629,-0.0977,0.0327,0.8569,0
2023-10-19,國泰金,-0.0228,-0.028,0.0027,0.0118,0.8443,0
2023-10-20,台積電,0.0054,0.0335,0.0393,0.0133,1.7693,0
2023-10-20,富邦金,-0.0033,-0.0304,-0.0045,0.008,1.9,0
2023-10-20,聯發科,-0.0166,0.0712,0.0554,0.0179,1.3019,0
2023-10-20,中華電,-0.0043,-0.0128,-0.0056,0.0045,1.5781,0
2023-10-20,台達電,-0.0594,-0.0651,-0.0591,0.0161,1.8636,1
2023-10-20,鴻海,-0.0372,-0.0282,-0.0145,0.0088,1.4087,0
2023-10-20,國泰金,-0.0132,-0.0356,-0.0044,0.0119,1.651,0
2023-10-20,廣達,-0.0951,-0.0662,-0.1122,0.0328,1.4518,0
2023-10-23,富邦金,-0.018,-0.0354,-0.0159,0.0083,1.3037,0
2023-10-23,台積電,-0.0018,0.0168,0.016,0.0142,0.8784,0
2023-10-23,台達電,-0.0477,-0.0635,-0.0546,0.0162,0.6436,0
2023-10-23,廣達,-0.0948,-0.0824,-0.1262,0.033,0.7329,1
2023-10-23,中華電,-0.0086,-0.0128,-0.005,0.0045,0.7642,0
2023-10-23,聯發科,-0.0226,0.0817,0.0423,0.0174,0.8106,0
2023-10-23,國泰金,-0.0308,-0.035,-0.016,0.0119,0.9307,1
2023-10-23,鴻海,-0.0607,-0.0519,-0.0406,0.0107,3.1921,0
2023-10-24,中華電,-0.0086,-0.0086,-0.0045,0.0044,0.8873,0
2023-10-24,國泰金,-0.0243,-0.0167,-0.0141,0.0113,0.6253,0
2023-10-24,台積電,-0.0127,0.0323,0.0144,0.0137,0.5992,0
2023-10-24,富邦金,-0.0228,-0.0244,-0.0146,0.008,0.7787,1
2023-10-24,聯發科,-0.0109,0.0938,0.0314,0.0169,0.7697,1
2023-10-24,台達電,-0.042,-0.0523,-0.0567,0.0159,1.1786,0
2023-10-24,廣達,-0.0564,-0.0457,-0.0871,0.0345,0.9206,1
2023-10-24,鴻海,-0.077,-0.0638,-0.0586,0.0115,3.6295,1
2023-10-25,聯發科,0.0111,0.1019,0.034,0.0169,0.9977,0
2023-10-25,台達電,-0.0378,-0.07,-0.0611,0.0156,1.2305,0
2023-10-25,中華電,-0.0043,-0.0128,-0.0039,0.0043,0.8308,0
2023-10-25,鴻海,-0.0616,-0.0571,-0.0491,0.0117,1.2816,0
2023-10-25,富邦金,-0.0228,-0.0164,-0.0122,0.0079,0.496,0
2023-10-25,廣達,0.0048,-0.0747,-0.0772,0.0333,0.7147,0
2023-10-25,國泰金,-0.0318,-0.0123,-0.0135,0.0113,0.4261,0
2023-10-25,台積電,0.0074,0.0421,0.0123,0.0134,0.6768,0
2023-10-26,聯發科,-0.0157,0.0821,0.0237,0.0169,0.8337,0
2023-10-26,廣達,-0.0288,-0.104,-0.1076,0.0342,0.7283,1
2023-10-26,台積電,-0.0275,0.0114,-0.0125,0.0146,1.1288,1
2023-10-26,台達電,-0.0614,-0.1144,-0.0787,0.0148,1.331,0
2023-10-26,富邦金,-0.023,-0.0277,-0.0174,0.0079,0.7393,1
2023-10-26,鴻海,-0.0483,-0.0664,-0.0507,0.0115,1.1622,0
2023-10-26,中華電,-0.0086,-0.0129,-0.0076,0.0043,1.1476,1
2023-10-26,國泰金,-0.0277,-0.0223,-0.0191,0.0113,0.7346,1
2023-10-27,鴻海,-0.0512,-0.0558,-0.051,0.0113,1.0098,0
2023-10-27,國泰金,-0.0112,-0.0056,-0.011,0.0114,0.4109,0
2023-10-27,聯發科,-0.0326,0.0868,-0.0003,0.0166,1.04,1
2023-10-27,富邦金,-0.0066,-0.005,-0.0056,0.0081,0.4122,0
2023-10-27,中華電,0.0,-0.0043,-0.003,0.0043,1.3861,0
2023-10-27,台達電,-0.0453,-0.0965,-0.0835,0.0138,1.213,0
2023-10-27,廣達,-0.0073,-0.0835,-0.1018,0.034,0.6229,1
2023-10-27,台積電,-0.0414,0.027,-0.01,0.0143,0.6416,0
2023-10-30,鴻海,-0.0597,-0.0913,-0.0825,0.0137,3.4821,1
2023-10-30,台積電,-0.0221,0.0192,-0.0128,0.0143,0.8678,0
2023-10-30,廣達,0.0274,-0.1043,-0.0836,0.0329,0.4301,0
2023-10-30,台達電,-0.0468,-0.0867,-0.0795,0.0137,0.8056,0
2023-10-30,富邦金,-0.0017,-0.0132,-0.0132,0.0083,0.9152,1
2023-10-30,聯發科,0.0438,0.1628,0.0616,0.0221,2.2134,0
2023-10-30,國泰金,-0.0034,-0.0146,-0.0158,0.0114,0.9272,0
2023-10-30,中華電,0.0,-0.0086,-0.0026,0.0042,1.1334,1
2023-10-31,聯發科,0.0319,0.1456,0.0362,0.0227,1.4087,1
2023-10-31,台積電,-0.0276,0.0115,-0.0189,0.0144,1.0283,0
2023-10-31,廣達,-0.0957,-0.2109,-0.1497,0.0353,1.2379,1
2023-10-31,富邦金,0.0033,-0.0099,-0.0078,0.0084,0.8518,0
2023-10-31,國泰金,-0.0057,-0.0146,-0.0162,0.0114,0.6407,1
2023-10-31,中華電,0.0043,0.0,0.0017,0.0042,1.2089,1
2023-10-31,台達電,-0.0568,-0.1048,-0.0887,0.0138,1.2856,0
2023-10-31,鴻海,-0.0183,-0.0721,-0.0597,0.0148,1.387,0
2023-11-01,廣達,-0.0926,-0.2495,-0.1283,0.0312,0.8294,1
2023-11-01,富邦金,0.0,-0.0132,-0.0088,0.0083,0.9034,1
2023-11-01,台達電,-0.0606,-0.1446,-0.0928,0.0102,1.4633,1
2023-11-01,鴻海,-0.0343,-0.0852,-0.0644,0.0147,0.6376,1
2023-11-01,國泰金,0.0034,-0.0045,-0.0071,0.0116,0.654,1
2023-11-01,台積電,-0.0294,-0.0094,-0.0203,0.0137,0.5582,1
2023-11-01,中華電,0.013,0.0043,0.0101,0.0045,1.1914,1
2023-11-01,聯發科,0.0292,0.1356,0.0347,0.0227,0.8784,1
2023-11-02,聯發科,0.0624,0.1244,0.0554,0.0221,1.2465,1
2023-11-02,廣達,-0.0074,-0.1911,-0.0726,0.0344,0.9026,0
2023-11-02,國泰金,0.0228,0.0193,0.0043,0.0116,1.0157,1
2023-11-02,台積電,0.0301,0.034,0.0132,0.0158,1.1706,1
2023-11-02,鴻海,-0.0152,-0.0673,-0.0474,0.0153,0.6023,0
2023-11-02,富邦金,0.0218,0.0066,0.0058,0.009,1.0249,1
2023-11-02,台達電,0.0017,-0.1129,-0.0507,0.0147,1.5083,1
2023-11-02,中華電,0.0261,0.0172,0.0179,0.0048,1.4292,0
2023-11-03,台積電,0.03,0.0558,0.0142,0.0152,0.6304,1
2023-11-03,富邦金,0.0166,0.0268,0.0111,0.0085,0.7386,1
2023-11-03,中華電,0.0173,0.0217,0.0125,0.0044,1.0991,0
2023-11-03,台達電,0.0305,-0.0871,-0.0288,0.0156,1.3295,1
2023-11-03,聯發科,0.0861,0.1154,0.0521,0.0221,0.7256,1
2023-11-03,鴻海,-0.0244,-0.0699,-0.0559,0.0154,1.0082,1
2023-11-03,廣達,-0.0148,-0.2016,-0.0663,0.0342,0.7092,1
2023-11-03,國泰金,0.026,0.0413,0.0135,0.0115,0.8246,0
2023-11-06,中華電,0.0173,0.0217,0.0114,0.0044,1.0331,1
2023-11-06,富邦金,0.0284,0.0165,0.0135,0.008,0.8472,0
2023-11-06,聯發科,0.0292,0.1221,0.0604,0.0221,0.9365,1
2023-11-06,台積電,0.0338,0.0417,0.014,0.0149,1.1836,1
2023-11-06,廣達,-0.0024,-0.1764,-0.0307,0.0352,0.5677,0
2023-11-06,台達電,0.0441,-0.0888,-0.0112,0.0155,1.4045,0
2023-11-06,鴻海,0.0201,-0.0686,-0.0466,0.0154,0.8838,0
2023-11-06,國泰金,0.0319,0.0295,0.012,0.0113,0.8816,0
2023-11-07,富邦金,0.0233,0.0132,0.0128,0.008,0.4365,1
2023-11-07,台達電,0.0534,-0.0933,-0.0127,0.0155,0.5853,0
2023-11-07,鴻海,-0.0041,-0.0891,-0.0452,0.0145,0.6399,1
2023-11-07,廣達,0.0794,-0.1984,-0.0261,0.0346,0.447,1
2023-11-07,國泰金,0.0296,0.0146,0.0079,0.0111,0.663,0
2023-11-07,中華電,0.0172,0.0216,0.0146,0.0044,0.8435,1
2023-11-07,台積電,0.0491,0.0432,0.0211,0.0149,0.5994,1
2023-11-07,聯發科,0.0546,0.1298,0.0611,0.0221,0.8886,1
2023-11-08,鴻海,0.0146,-0.0849,-0.0319,0.0147,0.4532,1
2023-11-08,台達電,0.0488,-0.1108,-0.0229,0.0156,0.9646,1
2023-11-08,台積電,0.053,0.0221,0.0218,0.0141,0.6633,1
2023-11-08,國泰金,0.0169,-0.0196,0.0056,0.0084,0.4495,1
2023-11-08,中華電,0.0128,0.0172,0.018,0.0041,0.8694,0
2023-11-08,廣達,0.1257,-0.0966,0.032,0.0349,1.3861,1
2023-11-08,富邦金,0.0283,0.0016,0.0161,0.0073,0.669,0
2023-11-08,聯發科,0.0804,0.1229,0.0857,0.0217,1.1927,0
2023-11-09,中華電,-0.0042,0.0086,0.009,0.0046,0.9261,0
2023-11-09,國泰金,0.0067,-0.0217,0.0089,0.0084,0.4617,0
2023-11-09,台達電,0.0117,-0.1012,-0.0142,0.0157,0.69,1
2023-11-09,聯發科,0.0426,0.1104,0.0693,0.0219,0.8693,0
2023-11-09,台積電,0.0183,0.0127,0.023,0.014,0.5974,0
2023-11-09,廣達,0.0896,-0.0798,0.0561,0.0353,0.8957,0
2023-11-09,富邦金,0.0131,0.0,0.0161,0.0073,0.3423,0
2023-11-09,鴻海,0.0093,-0.085,-0.0184,0.0147,0.7159,0
2023-11-10,鴻海,0.0146,-0.0958,-0.0204,0.0145,0.3826,1
2023-11-10,台達電,-0.0016,-0.0761,-0.0052,0.0153,0.7141,0
2023-11-10,聯發科,0.0161,0.0499,0.0419,0.0218,0.9814,1
2023-11-10,台積電,0.0146,0.0072,0.0226,0.0139,0.6149,1
2023-11-10,國泰金,-0.0088,-0.0077,0.0049,0.0074,0.4746,1
2023-11-10,廣達,0.0675,-0.0553,0.0326,0.034,0.6885,0
2023-11-10,中華電,-0.0043,0.0086,0.0043,0.0046,0.796,0
2023-11-10,富邦金,0.0033,0.0099,0.0123,0.0067,0.3576,1
2023-11-13,中華電,-0.0085,0.0,-0.0,0.0046,1.1262,0
2023-11-13,台達電,-0.0276,-0.0785,-0.0142,0.0154,0.5403,0
2023-11-13,台積電,0.0382,0.0477,0.0458,0.0145,1.9643,1
2023-11-13,聯發科,0.0272,0.0786,0.0637,0.0223,1.2051,0
2023-11-13,國泰金,-0.0022,-0.0055,0.0119,0.0075,1.2321,1
2023-11-13,廣達,0.0024,-0.07,0.0001,0.0345,1.4016,1
2023-11-13,鴻海,0.0135,-0.0869,-0.0107,0.0147,0.4275,1
2023-11-13,富邦金,0.0033,0.0115,0.015,0.0067,0.7404,0
2023-11-14,台達電,-0.0212,-0.0684,-0.0107,0.0153,0.898,1
2023-11-14,台積電,0.0306,0.0381,0.0456,0.0143,0.9589,1
2023-11-14,聯發科,0.0191,0.097,0.0576,0.0218,0.6172,1
2023-11-14,鴻海,0.0406,-0.061,0.0159,0.016,1.0576,1
2023-11-14,富邦金,0.0033,0.0065,0.0146,0.0066,0.9548,1
2023-11-14,中華電,-0.0127,0.0,-0.0,0.0046,0.8998,1
2023-11-14,廣達,0.0221,-0.0587,0.0155,0.0347,0.6811,1
2023-11-14,國泰金,0.0055,0.0044,0.0161,0.0074,1.4799,1
2023-11-15,台積電,0.045,0.0759,0.0581,0.0137,2.1238,1
2023-11-15,廣達,-0.0279,-0.0024,0.018,0.0325,0.992,0
2023-11-15,富邦金,0.0162,0.0212,0.03,0.0075,2.3639,1
2023-11-15,台達電,0.0183,-0.0346,0.0143,0.0163,1.1999,0
2023-11-15,國泰金,0.0155,0.0033,0.0226,0.0074,1.9498,0
2023-11-15,鴻海,0.0361,-0.0474,0.0236,0.016,1.1264,1
2023-11-15,中華電,-0.0042,0.0172,0.012,0.0053,1.7837,0
2023-11-15,聯發科,-0.0066,0.1169,0.0552,0.0213,1.0874,0
2023-11-16,台達電,0.0099,-0.0394,0.0114,0.0163,0.73,0
2023-11-16,富邦金,0.0194,0.0311,0.0317,0.0073,1.2428,1
2023-11-16,中華電,-0.0043,0.0086,0.003,0.0057,1.6821,0
2023-11-16,廣達,-0.0479,0.0,0.0156,0.0325,0.8193,0
2023-11-16,鴻海,0.0317,-0.0242,0.03,0.0156,0.6816,1
2023-11-16,國泰金,0.0111,0.0122,0.0198,0.0069,1.4591,1
2023-11-16,台積電,0.0467,0.0678,0.0582,0.0136,1.1809,0
2023-11-16,聯發科,-0.0133,0.0759,0.034,0.0215,0.9858,1
2023-11-17,富邦金,0.0276,0.0412,0.0345,0.0072,1.4444,1
2023-11-17,聯發科,0.0226,0.0918,0.0421,0.0216,0.6361,1
2023-11-17,台積電,0.0413,0.0432,0.0504,0.0132,0.968,0
2023-11-17,台達電,0.0049,-0.0129,0.0121,0.0152,0.5978,1
2023-11-17,鴻海,0.0545,-0.0097,0.0458,0.016,1.0239,0
2023-11-17,中華電,0.0,0.013,0.0024,0.0056,1.0641,1
2023-11-17,廣達,-0.0234,0.0196,0.0146,0.0321,0.6214,1
2023-11-17,國泰金,0.0189,0.0246,0.0219,0.0066,1.4097,0
2023-11-20,聯發科,0.0066,0.1108,0.0459,0.0214,0.9106,1
2023-11-20,鴻海,0.0338,0.005,0.0302,0.0149,0.6912,1
2023-11-20,台達電,0.0217,-0.0113,0.016,0.0152,0.573,1
2023-11-20,中華電,0.0129,0.0216,0.0098,0.0059,1.0116,0
2023-11-20,廣達,0.0291,0.0574,0.0288,0.0319,0.634,1
2023-11-20,富邦金,0.0292,0.0601,0.0363,0.0062,1.3105,1
2023-11-20,台積電,0.0105,0.0607,0.0419,0.0121,0.9687,1
2023-11-20,國泰金,0.0099,0.0363,0.0178,0.0057,0.9404,1
2023-11-21,中華電,0.0129,0.0216,0.0088,0.0059,1.0203,0
2023-11-21,鴻海,0.025,0.0427,0.0433,0.0143,0.9365,0
2023-11-21,富邦金,0.0519,0.0835,0.0549,0.0075,2.9012,0
2023-11-21,台積電,0.0227,0.0754,0.0524,0.0123,1.5113,0
2023-11-21,廣達,0.0432,0.0407,0.0533,0.0311,1.1427,0
2023-11-21,台達電,0.0367,0.0081,0.0305,0.0155,0.8736,0
2023-11-21,國泰金,0.0154,0.0453,0.0256,0.006,2.248,1
2023-11-21,聯發科,0.0232,0.1348,0.0553,0.0213,1.2111,1
2023-11-22,廣達,-0.0024,-0.0095,0.0102,0.0325,1.0485,0
2023-11-22,台積電,-0.0069,0.0607,0.035,0.0129,0.9139,1
2023-11-22,鴻海,0.0149,0.0303,0.0366,0.0143,0.7297,0
2023-11-22,富邦金,0.0303,0.0767,0.0461,0.0077,0.9872,0
2023-11-22,聯發科,0.0374,0.146,0.0662,0.0214,0.8147,0
2023-11-22,台達電,0.0033,0.0065,0.0202,0.0156,0.4655,1
2023-11-22,國泰金,0.012,0.0487,0.0264,0.0059,0.8413,0
2023-11-22,中華電,0.0,0.0216,0.0077,0.0059,0.5128,1
2023-11-23,鴻海,0.005,0.0305,0.03,0.0143,0.5936,0
2023-11-23,富邦金,0.0223,0.0789,0.0373,0.0076,0.6384,0
2023-11-23,台積電,-0.0086,0.0885,0.0324,0.0113,0.6203,0
2023-11-23,廣達,-0.024,0.0049,-0.0143,0.0318,0.8333,0
2023-11-23,台達電,0.0246,0.0487,0.0343,0.0148,0.7311,1
2023-11-23,國泰金,0.0142,0.0559,0.0237,0.0056,1.025,0
2023-11-23,中華電,0.0128,0.0304,0.0104,0.0058,0.5085,1
2023-11-23,聯發科,0.0414,0.1383,0.0459,0.0217,0.6596,1
2023-11-24,鴻海,-0.0098,0.0336,0.0283,0.0143,0.5586,0
2023-11-24,台積電,-0.0086,0.0788,0.0232,0.0115,0.4359,0
2023-11-24,富邦金,0.0111,0.0597,0.0278,0.0077,0.6151,0
2023-11-24,國泰金,0.0109,0.0475,0.0213,0.0055,0.5748,0
2023-11-24,台達電,0.0377,0.0729,0.0439,0.0146,1.1247,0
2023-11-24,聯發科,0.0454,0.1798,0.0543,0.0209,0.5811,0
2023-11-24,廣達,-0.024,0.0025,-0.0144,0.0318,0.7553,0
2023-11-24,中華電,0.0171,0.0303,0.0132,0.0058,0.805,1
2023-11-27,廣達,-0.0731,-0.0461,-0.0461,0.0326,1.1685,1
2023-11-27,台積電,-0.0156,0.0677,0.0075,0.012,0.808,1
2023-11-27,鴻海,0.005,0.0741,0.0246,0.0109,0.7231,1
2023-11-27,國泰金,0.0011,0.041,0.0072,0.0061,1.2698,1
2023-11-27,富邦金,0.0,0.0619,0.0184,0.0075,0.791,1
2023-11-27,台達電,0.0278,0.0661,0.0339,0.0148,0.6723,1
2023-11-27,聯發科,0.0208,0.0863,0.0344,0.0157,0.7784,1
2023-11-27,中華電,0.0169,0.039,0.0198,0.0059,0.9211,0
2023-11-28,鴻海,0.0,0.0622,0.0316,0.0102,0.8564,0
2023-11-28,富邦金,-0.0154,0.0632,0.0217,0.0076,1.0345,0
2023-11-28,聯發科,0.0173,0.1188,0.0408,0.0149,0.8116,1
2023-11-28,台達電,0.0258,0.0964,0.0423,0.0143,1.0255,0
2023-11-28,台積電,-0.0171,0.087,0.0158,0.0119,1.1472,0
2023-11-28,國泰金,-0.0033,0.0478,0.0103,0.0061,1.3815,0
2023-11-28,廣達,-0.0943,0.0423,-0.0455,0.0264,0.8031,1
2023-11-28,中華電,0.0127,0.0302,0.014,0.0061,1.5017,1
2023-11-29,中華電,0.0169,0.0256,0.0169,0.0059,0.9907,0
2023-11-29,聯發科,0.0064,0.1206,0.0416,0.0149,0.7451,0
2023-11-29,富邦金,-0.0139,0.0617,0.0155,0.0076,1.1175,1
2023-11-29,國泰金,-0.0119,0.0327,0.0032,0.0061,0.9074,1
2023-11-29,台積電,-0.0052,0.0871,0.0099,0.0119,1.057,1
2023-11-29,鴻海,0.0,0.0669,0.0233,0.0099,1.0376,0
2023-11-29,台達電,0.0309,0.1045,0.0323,0.0139,0.9839,0
2023-11-29,廣達,-0.036,0.0524,-0.0285,0.0267,0.9277,1
2023-11-30,台積電,-0.0017,0.0548,0.0125,0.0093,1.9328,1
2023-11-30,中華電,0.0084,0.0127,0.0121,0.0057,1.9367,1
2023-11-30,鴻海,0.0,0.0464,0.016,0.0097,1.2949,0
2023-11-30,聯發科,0.0161,0.0887,0.0339,0.0142,1.078,1
2023-11-30,台達電,0.0128,0.0603,0.0277,0.0112,1.3683,1
2023-11-30,國泰金,0.0043,0.0368,0.0178,0.0065,2.3696,0
2023-11-30,富邦金,0.0016,0.0575,0.0238,0.0073,2.086,0
2023-11-30,廣達,-0.0025,0.01,-0.0193,0.0241,1.3443,0
2023-12-01,台達電,0.0095,0.051,0.0348,0.0108,0.6926,1
2023-12-01,聯發科,0.0021,0.0885,0.0318,0.0142,0.5101,0
2023-12-01,廣達,-0.0172,0.0,-0.0338,0.0243,0.7399,0
2023-12-01,台積電,0.007,0.0546,0.0134,0.0093,1.1199,0
2023-12-01,富邦金,-0.0016,0.0408,0.0122,0.0078,0.8508,1
2023-12-01,中華電,0.0084,0.0213,0.0152,0.0057,0.5753,1
2023-12-01,國泰金,-0.0054,0.0154,0.0072,0.0066,0.9666,1
2023-12-01,鴻海,-0.0099,0.0491,0.0036,0.0095,0.8641,1
2023-12-04,廣達,0.0051,-0.0389,-0.044,0.0236,0.6781,0
2023-12-04,富邦金,0.0142,0.0472,0.0194,0.0079,0.7854,0
2023-12-04,國泰金,0.0109,0.0198,0.0106,0.0067,0.8943,0
2023-12-04,聯發科,0.0021,0.0578,0.0137,0.0147,0.7766,0
2023-12-04,鴻海,-0.0049,0.0477,0.0063,0.0095,0.4995,0
2023-12-04,台達電,0.0191,0.0406,0.036,0.0105,0.7356,0
2023-12-04,台積電,0.0106,0.0436,0.0025,0.0096,1.0769,0
2023-12-04,中華電,0.0083,0.0298,0.0222,0.0059,0.7061,1
2023-12-05,富邦金,0.0031,0.0423,0.0126,0.0081,0.9453,0
2023-12-05,國泰金,-0.0098,0.0077,-0.0051,0.0075,1.4766,0
2023-12-05,台達電,-0.0251,0.0147,0.0029,0.0127,1.4702,0
2023-12-05,廣達,-0.0102,-0.0441,-0.0541,0.0237,0.6952,1
2023-12-05,台積電,-0.0087,0.027,-0.0058,0.0097,0.8786,0
2023-12-05,鴻海,-0.0146,0.051,0.0038,0.0095,0.7501,0
2023-12-05,聯發科,-0.0138,0.0462,0.0071,0.0147,0.8042,0
2023-12-05,中華電,0.0167,0.0297,0.0249,0.0059,0.7506,1
2023-12-06,台積電,-0.007,0.0252,-0.007,0.0097,0.8401,0
2023-12-06,鴻海,-0.0098,0.0412,0.0018,0.0093,0.5292,0
2023-12-06,台達電,-0.0221,0.0299,-0.0002,0.0121,0.8242,1
2023-12-06,國泰金,-0.0066,0.0089,-0.0077,0.0075,0.9534,0
2023-12-06,中華電,0.0167,0.0295,0.0276,0.0059,0.8326,0
2023-12-06,廣達,-0.0075,-0.0721,-0.0286,0.0207,0.5782,1
2023-12-06,富邦金,0.0016,0.034,0.0062,0.0082,0.6711,0
2023-12-06,聯發科,-0.0222,0.0142,0.0042,0.0133,0.5051,1
2023-12-07,聯發科,-0.0148,0.0287,0.0071,0.0131,0.5085,1
2023-12-07,廣達,-0.0099,-0.0822,-0.017,0.0202,0.7364,1
2023-12-07,台達電,-0.0174,0.0298,0.0016,0.0121,0.6299,1
2023-12-07,富邦金,-0.0186,0.0243,-0.0045,0.0086,1.4465,0
2023-12-07,鴻海,-0.0049,0.0317,0.0003,0.0092,0.4971,1
2023-12-07,台積電,-0.0191,0.0162,-0.0147,0.0099,0.8017,1
2023-12-07,中華電,0.0126,0.0298,0.0177,0.0058,0.4987,0
2023-12-07,國泰金,-0.0323,-0.0033,-0.0174,0.0078,1.3777,0
2023-12-08,聯發科,-0.0042,0.0667,0.0169,0.012,0.8501,0
2023-12-08,台達電,-0.0219,0.0297,0.005,0.0121,0.5891,0
2023-12-08,中華電,0.0042,0.0299,0.012,0.0058,0.5734,0
2023-12-08,富邦金,-0.0094,0.0276,-0.0058,0.0085,0.9615,0
2023-12-08,國泰金,-0.0261,-0.0022,-0.0205,0.0078,1.1855,0
2023-12-08,台積電,-0.0155,0.0233,-0.0089,0.01,1.24,1
2023-12-08,廣達,0.015,-0.0492,-0.0047,0.0198,0.8031,1
2023-12-08,鴻海,0.01,0.0442,0.0031,0.009,0.5715,0
2023-12-11,國泰金,-0.0303,-0.0088,-0.0201,0.0077,0.8031,0
2023-12-11,台積電,0.0,0.0053,-0.0022,0.0084,1.0451,1
2023-12-11,台達電,-0.0312,0.0367,-0.0032,0.0118,0.8941,0
2023-12-11,廣達,0.0329,-0.0097,0.0007,0.0183,0.6026,0
2023-12-11,鴻海,0.0,0.0338,-0.0035,0.0091,0.8769,0
2023-12-11,中華電,-0.0083,0.03,0.0063,0.0058,0.806,0
2023-12-11,聯發科,0.0086,0.0386,0.0128,0.0109,1.0064,0
2023-12-11,富邦金,-0.0233,0.0194,-0.0115,0.0086,0.6193,1
2023-12-12,中華電,-0.0123,0.03,0.0048,0.0058,0.5013,0
2023-12-12,台積電,0.014,0.0105,0.0043,0.0085,1.1058,0
2023-12-12,國泰金,-0.0176,-0.0154,-0.0215,0.0076,0.986,0
2023-12-12,台達電,-0.0306,0.005,-0.0339,0.0138,1.8156,1
2023-12-12,聯發科,0.0108,0.0376,0.0088,0.0109,0.8054,1
2023-12-12,廣達,0.0308,-0.036,-0.0122,0.0183,0.6319,0
2023-12-12,鴻海,0.0,0.01,-0.0039,0.0075,0.7365,0
2023-12-12,富邦金,-0.0156,0.0227,-0.0094,0.0086,0.6378,0
2023-12-13,中華電,-0.0205,0.0127,-0.0,0.0053,0.4687,0
2023-12-13,鴻海,0.0,0.005,-0.0042,0.0074,0.5966,1
2023-12-13,富邦金,-0.0141,0.0032,-0.0127,0.0079,0.6117,1
2023-12-13,聯發科,0.0302,0.0518,0.0234,0.0114,1.0761,1
2023-12-13,廣達,0.0075,-0.0383,-0.0102,0.0183,0.7297,1
2023-12-13,台積電,0.0123,-0.0069,0.0029,0.0077,0.911,1
2023-12-13,台達電,-0.0226,-0.0114,-0.027,0.0128,1.2262,1
2023-12-13,國泰金,-0.0165,-0.023,-0.0215,0.0074,0.9368,1
2023-12-14,台積電,0.0336,0.0035,0.0167,0.0083,1.5288,1
2023-12-14,廣達,0.0224,-0.0144,0.0127,0.0191,0.9245,0
2023-12-14,台達電,-0.0177,0.0016,-0.019,0.0129,0.9439,1
2023-12-14,鴻海,0.0099,0.0099,0.0052,0.0076,1.2845,0
2023-12-14,中華電,-0.0124,0.0214,-0.001,0.0049,1.4757,0
2023-12-14,國泰金,0.02,0.0055,0.0045,0.0097,2.1297,0
2023-12-14,聯發科,0.0376,0.0817,0.0312,0.0106,1.2194,1
2023-12-14,富邦金,0.0316,0.0366,0.0215,0.0113,3.6913,0
2023-12-15,聯發科,0.0562,0.1018,0.058,0.0121,2.051,0
2023-12-15,富邦金,0.0301,0.0301,0.0185,0.0113,1.9004,0
2023-12-15,台積電,0.0317,0.0139,0.0212,0.0083,1.9831,0
2023-12-15,中華電,-0.0166,0.0128,-0.01,0.0053,2.7066,0
2023-12-15,鴻海,0.0,-0.0098,0.0007,0.0069,1.6236,1
2023-12-15,台達電,0.0016,0.0262,0.0038,0.014,2.2397,0
2023-12-15,廣達,-0.0025,-0.0288,-0.0006,0.0193,0.9596,1
2023-12-15,國泰金,0.0223,0.0011,0.0033,0.0096,1.6214,0
2023-12-18,聯發科,0.051,0.0844,0.0463,0.0124,0.8447,1
2023-12-18,鴻海,0.0099,0.0099,0.0052,0.0062,1.1101,1
2023-12-18,台達電,-0.0113,0.0033,-0.0156,0.0147,0.9937,0
2023-12-18,富邦金,0.0254,0.0157,0.0083,0.0116,0.7579,0
2023-12-18,國泰金,0.0145,-0.0044,-0.0041,0.0098,0.5794,0
2023-12-18,廣達,-0.0049,-0.0425,0.0041,0.0189,0.8191,1
2023-12-18,台積電,0.0245,0.0192,0.0202,0.0082,0.9465,0
2023-12-18,中華電,-0.0125,0.0042,-0.0102,0.005,0.9082,0
2023-12-19,中華電,-0.0125,0.0042,-0.0104,0.005,0.6263,0
2023-12-19,富邦金,0.0127,-0.0154,-0.0003,0.0106,0.7363,0
2023-12-19,國泰金,0.0034,-0.0271,-0.0159,0.0099,1.0649,0
2023-12-19,台達電,0.005,-0.0258,-0.0288,0.0147,0.9631,1
2023-12-19,台積電,0.0174,0.0052,0.0199,0.0076,1.0382,0
2023-12-19,聯發科,0.0564,0.0713,0.0458,0.0121,0.9212,0
2023-12-19,鴻海,0.0149,0.0,0.0101,0.0053,1.3247,1
2023-12-19,廣達,0.0124,-0.0644,0.0101,0.0177,1.6059,1
2023-12-20,台達電,0.0083,-0.0065,-0.0189,0.0148,0.8099,0
2023-12-20,台積電,0.0192,0.0192,0.019,0.0069,1.3604,0
2023-12-20,國泰金,0.0034,-0.0313,-0.0154,0.0098,0.9245,0
2023-12-20,富邦金,0.0111,-0.0155,-0.0042,0.0106,1.0101,0
2023-12-20,鴻海,0.0347,0.0245,0.0285,0.0067,2.0798,0
2023-12-20,中華電,-0.0084,0.0042,-0.0106,0.005,0.8625,0
2023-12-20,廣達,0.0448,0.0072,0.0419,0.017,2.0562,1
2023-12-20,聯發科,0.0293,0.0435,0.0341,0.0119,1.1763,0
2023-12-21,廣達,0.0487,0.059,0.066,0.0169,1.8509,0
2023-12-21,台達電,-0.0065,-0.0288,-0.0239,0.0143,0.4058,1
2023-12-21,中華電,-0.0126,-0.0042,-0.0146,0.005,0.9691,0
2023-12-21,聯發科,0.0104,0.0495,0.0242,0.0116,0.8187,1
2023-12-21,富邦金,-0.0276,-0.014,-0.0067,0.0106,0.6492,1
2023-12-21,台積電,-0.0086,0.0035,0.0049,0.0076,0.8731,1
2023-12-21,鴻海,0.0147,0.0197,0.0177,0.007,1.303,0
2023-12-21,國泰金,-0.0261,-0.0346,-0.017,0.0098,0.6054,0
2023-12-22,廣達,0.0617,0.0565,0.0606,0.0169,1.0626,1
2023-12-22,國泰金,-0.0262,-0.0356,-0.0163,0.0098,0.6885,1
2023-12-22,富邦金,-0.0246,-0.0063,-0.0048,0.0105,0.5025,1
2023-12-22,聯發科,-0.006,0.0476,0.0365,0.0115,0.6157,1
2023-12-22,鴻海,0.0197,0.0197,0.0167,0.007,0.8854,0
2023-12-22,台積電,-0.0051,0.0175,0.0127,0.0077,0.645,0
2023-12-22,台達電,-0.024,-0.0348,-0.0157,0.014,0.5398,1
2023-12-22,中華電,-0.0084,-0.0126,-0.0182,0.0049,0.6794,1
2023-12-25,台達電,-0.0016,-0.0254,-0.0112,0.014,0.3386,1
2023-12-25,富邦金,-0.0124,0.0031,-0.0018,0.0104,0.4153,1
2023-12-25,鴻海,0.0147,0.0197,0.0157,0.007,0.4301,1
2023-12-25,台積電,-0.0068,0.0282,0.0095,0.0071,0.3347,1
2023-12-25,廣達,0.0616,0.0967,0.0581,0.0145,0.6813,1
2023-12-25,國泰金,-0.0143,-0.0197,-0.0109,0.0096,0.515,1
2023-12-25,中華電,-0.0042,-0.0167,-0.0132,0.0046,0.8657,1
2023-12-25,聯發科,0.0061,0.0687,0.0382,0.0108,0.6329,1
2023-12-26,富邦金,0.0063,0.0063,0.0073,0.0106,0.5721,1
2023-12-26,台達電,0.0264,-0.0251,0.003,0.014,0.9061,1
2023-12-26,聯發科,0.0081,0.0616,0.0403,0.0106,0.6356,1
2023-12-26,國泰金,0.0067,-0.0174,-0.0023,0.0097,0.5235,1
2023-12-26,鴻海,0.0146,0.0146,0.0199,0.0068,0.3897,0
2023-12-26,廣達,0.0614,0.0964,0.0556,0.0145,0.4998,0
2023-12-26,台積電,0.0017,0.0245,0.017,0.0069,0.5745,1
2023-12-26,中華電,0.0042,-0.0042,-0.0046,0.005,0.7705,1
2023-12-27,鴻海,-0.0096,0.0147,0.0142,0.0068,0.7607,1
2023-12-27,台達電,0.0245,-0.0126,0.0117,0.0142,0.8984,0
2023-12-27,國泰金,0.0134,-0.0066,0.0035,0.0098,0.7057,1
2023-12-27,富邦金,0.0157,0.0141,0.0113,0.0106,0.5452,1
2023-12-27,中華電,0.0084,-0.0042,-0.0002,0.005,0.8387,1
2023-12-27,台積電,0.012,0.0367,0.0255,0.0071,1.1744,1
2023-12-27,聯發科,0.058,0.097,0.0768,0.0135,1.6238,0
2023-12-27,廣達,0.0262,0.0721,0.0494,0.0141,0.5151,1
2023-12-28,聯發科,0.0502,0.0847,0.0569,0.014,1.0515,0
2023-12-28,富邦金,0.0237,0.0078,0.0156,0.0103,0.6654,0
2023-12-28,台積電,0.0277,0.0331,0.0256,0.0071,0.9326,0
2023-12-28,廣達,0.007,0.069,0.0531,0.014,0.6286,1
2023-12-28,國泰金,0.0246,-0.0151,0.012,0.0091,0.915,0
2023-12-28,中華電,0.0169,0.0042,0.0038,0.005,0.9535,0
2023-12-28,台達電,0.0313,-0.0111,0.0123,0.0142,0.8949,1
2023-12-28,鴻海,0.0048,0.0246,0.0179,0.0067,0.9636,1
2023-12-29,台達電,0.0262,-0.0188,0.0149,0.014,0.7442,0
2023-12-29,聯發科,0.0253,0.0718,0.0429,0.0144,0.9574,0
2023-12-29,中華電,0.0213,0.0,0.0038,0.0049,0.7746,1
2023-12-29,富邦金,0.0205,0.0157,0.0132,0.0101,0.7716,0
2023-12-29,國泰金,0.0246,-0.0065,0.0113,0.0089,0.87,0
2023-12-29,鴻海,0.0097,0.0398,0.0208,0.0062,1.0865,1
2023-12-29,台積電,0.0189,0.0295,0.0241,0.0071,0.6852,0
2023-12-29,廣達,0.0442,0.1225,0.0831,0.0149,1.7032,0
2024-01-02,國泰金,0.0145,-0.0162,0.0066,0.0089,0.5145,0
2024-01-02,台達電,0.0114,-0.0328,0.0053,0.0141,0.618,0
2024-01-02,聯發科,-0.0141,0.0514,0.0055,0.0161,1.8163,0
2024-01-02,富邦金,0.0141,0.0031,0.0099,0.0099,0.4476,0
2024-01-02,鴻海,0.0145,0.0396,0.0236,0.0062,0.8244,0
2024-01-02,中華電,0.0212,-0.0041,0.0082,0.0046,0.6406,0
2024-01-02,廣達,-0.007,0.0835,0.0284,0.0187,1.2668,0
2024-01-02,台積電,0.0207,0.0385,0.0221,0.0067,0.971,0
2024-01-03,台積電,-0.0137,0.0193,-0.0047,0.0088,1.3454,1
2024-01-03,國泰金,-0.0055,-0.0132,-0.0049,0.0087,1.0176,0
2024-01-03,廣達,-0.0093,0.0974,0.0237,0.0183,0.701,1
2024-01-03,聯發科,-0.047,0.0258,-0.0244,0.0175,2.1341,0
2024-01-03,鴻海,0.0048,0.0347,0.017,0.0064,0.7894,0
2024-01-03,富邦金,-0.0093,-0.0062,-0.0038,0.0104,0.9879,0
2024-01-03,中華電,0.0084,-0.0123,0.0046,0.0046,1.0717,0
2024-01-03,台達電,-0.0193,-0.0193,-0.0116,0.0129,0.9415,0
2024-01-04,廣達,0.0162,0.0977,0.0427,0.0183,0.8226,0
2024-01-04,聯發科,-0.084,0.0276,-0.0261,0.0175,1.3745,0
2024-01-04,鴻海,0.0048,0.0297,0.0107,0.0065,0.6447,0
2024-01-04,台積電,-0.0203,0.0229,-0.0023,0.0089,0.5614,0
2024-01-04,國泰金,-0.0165,-0.0165,-0.0096,0.0087,0.8269,1
2024-01-04,富邦金,-0.017,-0.0047,-0.0067,0.0103,0.6948,0
2024-01-04,台達電,-0.0288,-0.0194,-0.0123,0.0129,0.5258,1
2024-01-04,中華電,-0.0042,-0.0246,-0.0025,0.0047,0.9659,1
2024-01-05,國泰金,-0.0207,-0.0033,-0.0061,0.0085,0.6019,1
2024-01-05,鴻海,0.0,0.0297,0.0092,0.0065,0.5564,0
2024-01-05,台達電,-0.0272,-0.0209,-0.0096,0.0129,0.7887,1
2024-01-05,富邦金,-0.0262,0.0,-0.0114,0.0102,0.99,1
2024-01-05,中華電,-0.0042,-0.0124,0.0023,0.0046,0.4588,1
2024-01-05,廣達,-0.0069,0.0721,0.0225,0.0189,0.8833,0
2024-01-05,台積電,-0.0287,0.023,-0.0103,0.0089,0.6692,1
2024-01-05,聯發科,-0.0777,0.0155,-0.0342,0.0176,0.8808,0
2024-01-08,富邦金,-0.0108,0.0142,0.002,0.0107,1.6104,0
2024-01-08,中華電,0.0042,0.0,0.0107,0.0049,1.1768,0
2024-01-08,鴻海,-0.0287,0.0,-0.015,0.0086,1.39,0
2024-01-08,台積電,-0.0169,0.0282,0.0003,0.0091,0.6741,1
2024-01-08,台達電,-0.0239,-0.0208,-0.0037,0.0129,0.538,0
2024-01-08,聯發科,-0.0696,0.0015,-0.0353,0.0174,0.881,1
2024-01-08,國泰金,-0.0142,0.0056,-0.0009,0.0086,0.9558,0
2024-01-08,廣達,-0.0468,0.0542,0.0128,0.0189,0.5576,1
2024-01-09,中華電,-0.0041,0.0,0.0065,0.0049,0.6809,0
2024-01-09,富邦金,-0.0093,0.0175,-0.0005,0.0106,0.5549,0
2024-01-09,台達電,-0.0468,-0.0483,-0.0355,0.0149,2.3768,0
2024-01-09,台積電,-0.0118,0.0262,0.0042,0.0091,0.862,0
2024-01-09,鴻海,-0.0381,0.0,-0.0199,0.0086,1.0117,0
2024-01-09,聯發科,-0.029,0.0123,-0.0275,0.0175,0.9164,0
2024-01-09,國泰金,-0.0165,-0.0022,-0.0085,0.0088,0.7942,0
2024-01-09,廣達,0.0093,0.0588,0.0193,0.019,1.1926,1
2024-01-10,聯發科,-0.0047,0.0101,-0.0321,0.0175,0.6753,0
2024-01-10,富邦金,0.0047,0.0143,-0.0012,0.0106,0.5441,0
2024-01-10,國泰金,-0.0056,-0.0011,-0.0096,0.0087,0.5025,0
2024-01-10,台積電,0.0104,0.0157,0.0,0.009,0.5156,1
2024-01-10,廣達,0.0187,0.0846,0.0247,0.0186,0.6769,1
2024-01-10,台達電,-0.0443,-0.0332,-0.0486,0.0137,2.3768,1
2024-01-10,中華電,0.0,0.0,0.0065,0.0049,0.5742,1
2024-01-10,鴻海,-0.0431,-0.0099,-0.0291,0.0089,0.9092,1
2024-01-11,台達電,-0.0362,-0.033,-0.0405,0.0137,1.2428,1
2024-01-11,中華電,0.0126,0.0084,0.0103,0.0049,0.6934,0
2024-01-11,鴻海,-0.0337,-0.005,-0.024,0.009,1.3229,0
2024-01-11,國泰金,-0.0022,-0.0022,-0.0117,0.0088,0.9994,0
2024-01-11,台積電,0.0103,0.0209,0.0024,0.009,0.9471,0
2024-01-11,聯發科,-0.0086,-0.0111,-0.0358,0.0171,1.0703,1
2024-01-11,富邦金,0.0063,0.0159,-0.0035,0.0106,0.5636,1
2024-01-11,廣達,0.0228,0.1144,0.0472,0.0192,1.0324,1
2024-01-12,台達電,-0.0361,-0.0393,-0.037,0.0135,0.8621,1
2024-01-12,中華電,0.0042,0.0042,0.0059,0.005,0.4224,1
2024-01-12,聯發科,0.0054,-0.016,-0.0287,0.0169,0.7577,0
2024-01-12,國泰金,-0.0078,-0.0305,-0.0124,0.006,0.8585,0
2024-01-12,廣達,0.0719,0.1241,0.0735,0.0197,1.4851,0
2024-01-12,台積電,0.0139,0.0034,-0.0012,0.0085,0.6819,1
2024-01-12,富邦金,0.0142,-0.0169,0.0005,0.0065,0.6198,0
2024-01-12,鴻海,-0.0337,-0.0147,-0.0233,0.0086,1.1302,0
2024-01-15,台積電,0.0051,0.0017,0.0021,0.0085,0.9383,0
2024-01-15,國泰金,-0.0144,-0.0305,-0.0119,0.006,1.3653,0
2024-01-15,廣達,0.0584,0.1185,0.0468,0.02,1.2054,1
2024-01-15,鴻海,-0.0148,-0.0148,-0.0275,0.0087,0.9007,0
2024-01-15,富邦金,0.0,-0.0154,0.0012,0.0065,0.783,0
2024-01-15,聯發科,0.0022,-0.0498,-0.0305,0.0152,0.723,0
2024-01-15,台達電,-0.0343,-0.0559,-0.0276,0.0122,0.9329,0
2024-01-15,中華電,0.0,0.0169,0.0092,0.0046,1.0888,0
2024-01-16,廣達,0.0556,0.1232,0.0477,0.02,0.6452,1
2024-01-16,富邦金,-0.0125,-0.0202,-0.0118,0.0069,1.9038,0
2024-01-16,國泰金,-0.0168,-0.033,-0.0203,0.0062,2.1044,0
2024-01-16,台積電,-0.0102,-0.0085,-0.0077,0.0088,1.2052,1
2024-01-16,中華電,-0.0083,0.0042,-0.0036,0.0055,1.8288,0
2024-01-16,台達電,-0.0203,-0.057,-0.0446,0.0123,2.3539,0
2024-01-16,聯發科,-0.0356,-0.0711,-0.0555,0.0163,1.6589,0
2024-01-16,鴻海,-0.0099,-0.0196,-0.0265,0.0086,1.0413,0
2024-01-17,中華電,-0.0125,0.0,-0.0077,0.0056,2.0707,0
2024-01-17,台達電,-0.0395,-0.076,-0.0741,0.014,2.9361,0
2024-01-17,富邦金,-0.0266,-0.025,-0.0247,0.0073,2.8697,0
2024-01-17,鴻海,-0.014,-0.038,-0.0383,0.0089,1.859,1
2024-01-17,廣達,0.0482,0.1229,0.044,0.02,1.2375,0
2024-01-17,聯發科,-0.0487,-0.0904,-0.0681,0.0166,1.7742,1
2024-01-17,台積電,-0.0051,-0.0068,-0.0056,0.0088,1.8276,1
2024-01-17,國泰金,-0.0313,-0.0356,-0.0342,0.0065,2.5118,0
2024-01-18,台達電,-0.0546,-0.0933,-0.078,0.0136,1.7485,1
2024-01-18,鴻海,-0.006,-0.044,-0.0235,0.0082,0.761,1
2024-01-18,聯發科,-0.025,-0.0633,-0.0459,0.0174,1.0425,1
2024-01-18,廣達,-0.0112,0.0548,0.0093,0.0206,1.0244,1
2024-01-18,富邦金,-0.025,-0.0204,-0.0237,0.0072,1.5911,1
2024-01-18,台積電,0.0034,0.0051,0.0061,0.0092,1.1956,1
2024-01-18,國泰金,-0.0291,-0.0346,-0.0325,0.0065,1.1388,1
2024-01-18,中華電,-0.0166,0.0,-0.0077,0.0056,0.884,1
2024-01-19,國泰金,-0.0157,-0.0201,-0.0204,0.0071,1.2276,1
2024-01-19,富邦金,-0.0172,-0.0063,-0.0124,0.0077,1.0781,1
2024-01-19,鴻海,0.0,-0.029,-0.0162,0.0082,0.7177,0
2024-01-19,廣達,0.039,0.1137,0.0876,0.027,2.4667,1
2024-01-19,台積電,0.0719,0.0849,0.0666,0.0166,5.4486,0
2024-01-19,聯發科,-0.0065,-0.0324,-0.0198,0.0186,1.3469,1
2024-01-19,台達電,-0.029,-0.061,-0.0485,0.0156,1.2835,1
2024-01-19,中華電,-0.0083,0.0085,-0.004,0.0056,1.2036,0
2024-01-22,中華電,-0.0124,0.0128,-0.0046,0.0055,0.7311,1
2024-01-22,鴻海,-0.001,-0.0348,-0.0203,0.0082,1.0065,1
2024-01-22,國泰金,-0.0135,-0.0179,-0.0184,0.0071,0.6119,1
2024-01-22,聯發科,0.0,-0.044,-0.0155,0.0182,1.3374,0
2024-01-22,台達電,-0.0152,-0.0475,-0.0261,0.0164,1.6715,1
2024-01-22,台積電,0.0683,0.0756,0.0626,0.0166,2.0434,1
2024-01-22,廣達,0.1192,0.1791,0.1388,0.0292,2.6339,0
2024-01-22,富邦金,-0.014,-0.0047,-0.009,0.0077,0.7827,1
2024-01-23,台積電,0.0828,0.0809,0.0618,0.0166,1.2272,0
2024-01-23,台達電,0.0138,-0.0424,-0.0156,0.0165,1.0442,0
2024-01-23,國泰金,0.0045,-0.0145,-0.0098,0.0073,0.7184,0
2024-01-23,富邦金,0.0111,0.0031,0.0018,0.0081,0.7552,1
2024-01-23,鴻海,0.01,-0.0242,-0.0083,0.0087,0.818,0
2024-01-23,廣達,0.1075,0.1717,0.125,0.0293,1.0776,0
2024-01-23,聯發科,0.0179,-0.0602,-0.0242,0.0182,0.8413,1
2024-01-23,中華電,0.0042,0.0127,-0.001,0.0055,0.9093,1
2024-01-24,聯發科,0.0648,-0.0392,0.0046,0.0194,1.057,1
2024-01-24,台積電,0.0792,0.07,0.0564,0.0166,0.7835,1
2024-01-24,鴻海,0.0193,-0.0337,-0.0115,0.0086,0.5644,1
2024-01-24,台達電,0.034,-0.0692,-0.0272,0.0163,0.7949,0
2024-01-24,國泰金,0.0208,-0.0221,-0.0087,0.007,0.8143,1
2024-01-24,富邦金,0.0337,0.0016,0.0096,0.008,1.018,1
2024-01-24,廣達,0.0941,0.1574,0.1055,0.0296,0.5993,0
2024-01-24,中華電,0.0127,0.0084,0.0027,0.0052,0.6921,0
2024-01-25,中華電,0.0127,0.0042,0.0025,0.0051,0.7841,0
2024-01-25,台達電,0.0253,-0.0927,-0.0393,0.0164,1.227,1
2024-01-25,鴻海,0.021,-0.0145,0.004,0.0094,1.0245,1
2024-01-25,廣達,0.1242,0.1555,0.0929,0.0296,0.7915,0
2024-01-25,聯發科,0.0513,-0.0692,0.016,0.0169,1.2114,0
2024-01-25,國泰金,0.0242,-0.0242,-0.0041,0.007,0.778,1
2024-01-25,富邦金,0.0369,0.0,0.0127,0.008,0.6826,1
2024-01-25,台積電,0.0918,0.0845,0.0772,0.0171,1.4953,1
2024-01-26,台達電,0.0088,-0.0815,-0.0233,0.0168,0.7355,1
2024-01-26,鴻海,0.0199,-0.0144,0.0097,0.0094,1.0773,0
2024-01-26,聯發科,0.0174,-0.0626,0.0118,0.0168,0.7136,1
2024-01-26,台積電,0.0288,0.086,0.0759,0.0171,1.1521,1
2024-01-26,廣達,0.0083,0.1152,0.0564,0.0307,0.6944,1
2024-01-26,富邦金,0.0286,-0.0015,0.0159,0.0079,1.1038,0
2024-01-26,國泰金,0.016,-0.0284,0.0007,0.0067,0.8538,0
2024-01-26,中華電,0.0042,-0.0042,-0.0015,0.0051,0.6497,1
2024-01-29,國泰金,0.0125,-0.0295,0.0,0.0067,0.6907,0
2024-01-29,廣達,-0.0316,0.0935,0.0668,0.03,0.5787,1
2024-01-29,富邦金,0.0253,0.0,0.0159,0.0079,0.6864,0
2024-01-29,台積電,0.0351,0.0927,0.0777,0.0171,0.7689,0
2024-01-29,台達電,0.0069,-0.0654,-0.0011,0.0176,0.6096,0
2024-01-29,鴻海,0.026,-0.0191,0.0106,0.0093,0.7033,0
2024-01-29,中華電,0.0084,0.0,0.0027,0.0052,0.972,0
2024-01-29,聯發科,0.0174,-0.0514,0.0168,0.0167,0.9383,1
2024-01-30,台積電,0.0223,0.0826,0.0634,0.0174,0.9855,0
2024-01-30,鴻海,0.0099,-0.0286,0.0072,0.0092,0.7572,1
2024-01-30,廣達,0.002,0.1822,0.0902,0.0279,1.066,0
2024-01-30,國泰金,-0.0068,-0.0352,-0.0095,0.007,1.0355,1
2024-01-30,富邦金,0.0063,-0.0046,0.0083,0.0081,1.0476,1
2024-01-30,中華電,0.0,-0.0083,-0.001,0.0052,1.1176,0
2024-01-30,聯發科,0.0571,0.0077,0.0435,0.0163,1.2701,1
2024-01-30,台達電,-0.0256,-0.0774,-0.021,0.0181,1.0644,0
2024-01-31,台達電,-0.0311,-0.0805,-0.0375,0.0182,1.5543,1
2024-01-31,中華電,-0.0083,-0.0083,-0.0048,0.0052,1.0968,1
2024-01-31,廣達,-0.012,0.1542,0.0568,0.0288,0.8308,0
2024-01-31,國泰金,-0.0011,-0.0178,-0.0029,0.0068,0.9239,1
2024-01-31,聯發科,0.0321,0.0405,0.0446,0.0148,1.2457,0
2024-01-31,富邦金,0.0016,0.0126,0.0108,0.0074,0.8186,1
2024-01-31,鴻海,0.0199,-0.0191,0.0131,0.0093,0.8008,1
2024-01-31,台積電,0.0016,0.0865,0.0359,0.0171,1.1185,0
2024-02-01,鴻海,0.0098,-0.0096,0.0186,0.0093,0.6231,0
2024-02-01,廣達,-0.0241,0.1096,0.0344,0.029,0.8996,1
2024-02-01,聯發科,-0.0138,0.0022,0.0056,0.0172,2.1699,1
2024-02-01,台積電,-0.0218,0.0828,0.0318,0.0171,1.1709,1
2024-02-01,富邦金,0.0031,0.0205,0.0145,0.0074,0.8593,1
2024-02-01,國泰金,0.0023,-0.0056,0.0041,0.0069,0.7594,0
2024-02-01,台達電,0.0035,-0.0625,-0.0171,0.0189,0.7655,1
2024-02-01,中華電,0.0,0.0084,0.0031,0.0052,1.5759,1
2024-02-02,富邦金,0.0015,0.0269,0.0147,0.0073,0.6322,0
2024-02-02,台積電,-0.014,0.1024,0.0383,0.017,0.6788,1
2024-02-02,台達電,-0.0052,-0.0608,-0.0105,0.0189,0.6146,1
2024-02-02,中華電,0.0084,0.0084,0.0069,0.0052,1.2057,1
2024-02-02,廣達,0.0455,0.174,0.0684,0.0296,1.0158,1
2024-02-02,聯發科,0.0,0.0163,0.0112,0.0171,0.9443,1
2024-02-02,鴻海,-0.0049,-0.0192,0.0097,0.0095,0.71,0
2024-02-02,國泰金,-0.009,-0.0167,-0.0029,0.007,0.6671,0
2024-02-05,台積電,-0.0031,0.1081,0.0508,0.0171,1.0975,1
2024-02-05,富邦金,-0.0015,0.0094,0.0111,0.0067,1.0318,1
2024-02-05,廣達,0.0387,0.1916,0.0676,0.0293,0.9302,1
2024-02-05,中華電,0.0125,0.0083,0.0148,0.0052,1.7674,0
2024-02-05,聯發科,-0.0011,0.0185,0.0114,0.0171,0.7359,1
2024-02-05,國泰金,-0.0113,-0.0266,-0.0061,0.0069,1.1471,1
2024-02-05,台達電,-0.0188,-0.0605,-0.0021,0.0189,0.6919,0
2024-02-05,鴻海,-0.0098,0.0,0.0048,0.0079,0.7784,0
2024-02-15,國泰金,0.0034,-0.0156,-0.0019,0.0068,1.2345,1
2024-02-15,聯發科,0.0093,0.0474,0.0467,0.0189,1.4421,0
2024-02-15,富邦金,0.0156,0.0203,0.0194,0.007,1.7653,1
2024-02-15,台積電,0.0857,0.1894,0.1236,0.0238,2.5307,0
2024-02-15,中華電,0.0126,0.0083,0.0102,0.0052,1.9932,1
2024-02-15,台達電,-0.0052,-0.0372,-0.0106,0.0175,1.9636,1
2024-02-15,廣達,0.0534,0.2338,0.1041,0.0304,1.5607,0
2024-02-15,鴻海,-0.0098,0.0,-0.0002,0.0079,1.2402,1
2024-02-16,台達電,0.0411,0.0017,0.0136,0.0182,0.9207,1
2024-02-16,聯發科,0.0041,0.0498,0.0419,0.0189,0.545,0
2024-02-16,國泰金,0.0091,-0.0034,0.0096,0.0073,0.6604,1
2024-02-16,富邦金,0.0217,0.0297,0.0273,0.0072,1.2664,1
2024-02-16,台積電,0.0876,0.1695,0.0924,0.0245,0.9576,0
2024-02-16,廣達,0.0061,0.1399,0.0231,0.0351,1.8556,0
2024-02-16,鴻海,-0.0098,0.015,0.004,0.0076,1.4162,1
2024-02-16,中華電,0.0252,0.0167,0.0177,0.0055,0.8905,0
2024-02-19,富邦金,0.0201,0.0344,0.0286,0.0072,0.9086,1
2024-02-19,鴻海,0.0,0.0249,0.0176,0.0082,1.1057,1
2024-02-19,廣達,-0.0062,0.0781,-0.0093,0.0356,0.945,1
2024-02-19,台達電,0.0246,-0.0034,0.0156,0.0181,0.6462,1
2024-02-19,中華電,0.0167,0.0124,0.0171,0.0054,1.0754,1
2024-02-19,台積電,0.0796,0.157,0.0764,0.0247,0.7366,1
2024-02-19,聯發科,0.0355,0.0467,0.032,0.0189,0.5257,1
2024-02-19,國泰金,0.0124,0.009,0.0193,0.0077,1.3619,1
2024-02-20,中華電,0.0166,0.0208,0.0202,0.0054,0.7484,0
2024-02-20,台積電,0.0819,0.1764,0.0819,0.0246,0.6365,0
2024-02-20,國泰金,0.0227,0.0135,0.0209,0.0076,0.8037,0
2024-02-20,鴻海,0.0147,0.0299,0.021,0.0083,1.7088,0
2024-02-20,聯發科,0.0491,0.0605,0.0493,0.0193,0.9325,0
2024-02-20,台達電,0.0227,-0.0034,0.0175,0.0181,0.5058,0
2024-02-20,廣達,-0.0415,0.0498,-0.0076,0.0351,0.7367,0
2024-02-20,富邦金,0.0247,0.0374,0.0329,0.0072,1.0275,0
2024-02-21,富邦金,0.0247,0.0343,0.0281,0.0073,0.7361,1
2024-02-21,聯發科,0.047,0.064,0.0449,0.0193,0.6526,1
2024-02-21,台積電,0.0542,0.1621,0.0645,0.0249,0.6386,1
2024-02-21,國泰金,0.0194,0.0067,0.0126,0.0079,0.9443,1
2024-02-21,台達電,0.0122,-0.0152,0.0131,0.0181,0.6126,1
2024-02-21,廣達,-0.0745,0.0419,-0.036,0.0354,0.7742,1
2024-02-21,鴻海,0.0148,0.03,0.0146,0.0082,0.8083,1
2024-02-21,中華電,0.0082,0.0166,0.0193,0.0053,0.938,0
2024-02-22,台達電,0.0316,0.0138,0.021,0.0176,0.5559,0
2024-02-22,聯發科,0.0442,0.1341,0.0742,0.0189,1.2459,1
2024-02-22,富邦金,0.0184,0.0522,0.0285,0.0063,0.6529,1
2024-02-22,鴻海,0.0248,0.035,0.0177,0.0083,0.8693,0
2024-02-22,台積電,-0.0072,0.1931,0.0723,0.0246,0.6882,1
2024-02-22,中華電,0.0083,0.0252,0.0139,0.0045,1.0917,0
2024-02-22,國泰金,0.0193,0.0205,0.015,0.0075,0.6652,0
2024-02-22,廣達,-0.0863,0.068,-0.0086,0.036,0.8891,0
2024-02-23,台積電,0.0205,0.1997,0.0704,0.0245,0.9606,1
2024-02-23,台達電,0.0034,0.0465,0.0153,0.0155,1.1746,1
2024-02-23,聯發科,0.134,0.2514,0.1507,0.0247,2.6713,1
2024-02-23,富邦金,0.0106,0.069,0.0267,0.0049,0.8141,1
2024-02-23,國泰金,-0.0022,0.0266,0.0035,0.0069,1.0626,0
2024-02-23,廣達,-0.0302,0.0547,-0.0212,0.0361,0.7721,0
2024-02-23,鴻海,0.0148,0.0446,0.0106,0.0076,0.8203,1
2024-02-23,中華電,0.0,0.0295,0.0124,0.0043,0.5994,0
2024-02-26,中華電,0.0,0.0295,0.011,0.0043,0.717,0
2024-02-26,富邦金,0.0121,0.0738,0.0276,0.0048,0.9537,0
2024-02-26,廣達,-0.0021,0.088,-0.0251,0.0352,0.425,0
2024-02-26,聯發科,0.1578,0.243,0.1533,0.0247,1.3321,0
2024-02-26,台達電,0.0103,0.065,0.0208,0.0153,0.4692,0
2024-02-26,國泰金,-0.0156,0.0231,-0.001,0.007,1.2428,0
2024-02-26,鴻海,0.0049,0.036,0.0138,0.0072,0.9419,0
2024-02-26,台積電,0.0295,0.1871,0.063,0.0246,0.5946,0
2024-02-27,聯發科,0.1354,0.212,0.1418,0.0245,1.8153,1
2024-02-27,國泰金,-0.0177,0.0114,-0.0016,0.0065,1.2913,1
2024-02-27,廣達,-0.0412,-0.0313,-0.058,0.031,0.7619,0
2024-02-27,鴻海,0.0,0.0299,0.0123,0.0071,1.32,0
2024-02-27,台積電,0.016,0.115,0.0572,0.0208,0.7854,0
2024-02-27,中華電,-0.0122,0.0168,0.0019,0.0048,2.9206,0
2024-02-27,台達電,-0.012,0.014,-0.0007,0.0149,1.0027,1
2024-02-27,富邦金,0.006,0.0619,0.0246,0.0045,0.9542,1
2024-02-29,中華電,-0.0163,0.0126,-0.0029,0.0049,2.6464,1
2024-02-29,國泰金,0.0067,0.0274,0.014,0.0075,1.8882,0
2024-02-29,廣達,-0.0169,-0.0848,-0.056,0.0279,0.7897,1
2024-02-29,富邦金,0.0256,0.0759,0.0376,0.0054,1.8788,0
2024-02-29,台積電,0.0132,0.1022,0.04,0.0211,1.3105,0
2024-02-29,鴻海,0.0,0.031,0.0059,0.007,1.7059,0
2024-02-29,聯發科,0.1621,0.2364,0.1545,0.0246,0.968,0
2024-02-29,台達電,0.012,0.012,0.0177,0.0148,1.2266,0
2024-03-01,廣達,-0.0267,-0.0614,-0.0326,0.0285,0.7104,1
2024-03-01,台達電,0.0,0.0,0.0143,0.0147,0.7231,0
2024-03-01,中華電,-0.0082,0.0126,0.0006,0.0049,0.5114,1
2024-03-01,富邦金,0.0135,0.0548,0.0257,0.0058,0.9089,0
2024-03-01,台積電,-0.0043,0.0971,0.0338,0.0212,0.5761,1
2024-03-01,鴻海,-0.0145,0.0099,-0.0044,0.0071,1.2247,1
2024-03-01,聯發科,0.0887,0.213,0.1082,0.0259,1.24,1
2024-03-01,國泰金,-0.0056,0.0102,0.0044,0.0076,0.8341,0
2024-03-04,台達電,0.0034,0.0156,0.0135,0.0143,2.0207,0
2024-03-04,鴻海,0.034,0.0597,0.0365,0.0119,3.8507,0
2024-03-04,中華電,-0.0041,0.0125,0.0041,0.0049,0.7562,0
2024-03-04,國泰金,0.0045,0.0102,0.0039,0.0076,1.1161,0
2024-03-04,富邦金,0.012,0.0466,0.0234,0.0057,0.6833,0
2024-03-04,聯發科,0.0455,0.2286,0.141,0.0265,1.2359,1
2024-03-04,廣達,-0.0083,-0.044,-0.0222,0.0285,0.6886,1
2024-03-04,台積電,0.0402,0.1563,0.0798,0.0236,2.0327,1
2024-03-05,國泰金,0.0079,0.0068,0.0036,0.0076,0.8554,0
2024-03-05,富邦金,0.006,0.0418,0.0198,0.0058,0.7758,0
2024-03-05,中華電,-0.0082,0.0083,-0.0004,0.005,0.8337,1
2024-03-05,廣達,0.0166,-0.0161,0.0032,0.0292,0.7563,1
2024-03-05,聯發科,0.0359,0.2248,0.1341,0.0265,0.8477,1
2024-03-05,台積電,0.0458,0.1371,0.0802,0.0233,1.4531,1
2024-03-05,鴻海,0.029,0.0441,0.0342,0.0116,2.5003,0
2024-03-05,台達電,-0.0153,0.0229,0.002,0.0139,1.285,1
2024-03-06,台達電,0.0208,0.0261,0.0162,0.014,1.0695,1
2024-03-06,廣達,0.0602,0.0186,0.0084,0.0285,0.547,0
2024-03-06,聯發科,0.0673,0.2714,0.1541,0.0265,0.9495,1
2024-03-06,台積電,0.053,0.1413,0.0803,0.0233,0.9828,1
2024-03-06,鴻海,0.029,0.039,0.0322,0.0116,1.305,1
2024-03-06,富邦金,0.006,0.0386,0.0178,0.0058,0.684,1
2024-03-06,國泰金,0.0056,0.0011,0.0013,0.0076,1.1719,1
2024-03-06,中華電,0.0041,0.0167,0.0029,0.005,0.8935,0
2024-03-07,聯發科,0.0789,0.3113,0.1762,0.0268,1.4232,0
2024-03-07,中華電,0.0041,0.0083,-0.0017,0.005,0.5826,0
2024-03-07,鴻海,0.0437,0.0488,0.0394,0.0117,1.4629,0
2024-03-07,台積電,0.1014,0.1728,0.108,0.0241,1.5395,1
2024-03-07,廣達,0.0366,-0.0204,-0.0152,0.0288,0.6513,1
2024-03-07,台達電,0.0085,0.0137,0.0224,0.0135,1.2197,1
2024-03-07,國泰金,-0.0044,0.0101,0.0075,0.0077,1.2331,1
2024-03-07,富邦金,0.0015,0.0509,0.0274,0.0062,1.4139,1
2024-03-08,台達電,0.063,0.0909,0.0692,0.0163,3.7311,0
2024-03-08,鴻海,0.0294,0.0294,0.0138,0.013,1.9581,1
2024-03-08,富邦金,0.0267,0.0762,0.0401,0.0064,1.9889,0
2024-03-08,國泰金,0.0146,0.0319,0.016,0.0075,2.4498,1
2024-03-08,聯發科,0.1131,0.2773,0.1614,0.0268,1.482,0
2024-03-08,台積電,0.1379,0.2212,0.1312,0.0242,1.7712,0
2024-03-08,中華電,-0.0041,0.0084,-0.0062,0.005,0.7427,1
2024-03-08,廣達,0.019,-0.0455,-0.0087,0.0279,0.7461,1
2024-03-11,鴻海,0.0282,0.0683,0.0536,0.0159,3.396,1
2024-03-11,聯發科,0.0652,0.2681,0.1427,0.027,0.5325,0
2024-03-11,台積電,0.0566,0.2197,0.0944,0.0243,1.2856,1
2024-03-11,中華電,0.0,0.021,0.001,0.0052,0.8542,0
2024-03-11,國泰金,0.0314,0.043,0.0307,0.0081,2.8122,1
2024-03-11,廣達,0.0439,0.0101,0.0236,0.0285,1.3194,1
2024-03-11,富邦金,0.0267,0.0729,0.0365,0.0065,1.2478,1
2024-03-11,台達電,0.0494,0.1,0.0505,0.0157,1.3648,1
2024-03-12,台達電,0.0757,0.0965,0.0609,0.0156,1.2269,1
2024-03-12,聯發科,0.0519,0.3065,0.1185,0.0249,0.5024,0
2024-03-12,富邦金,0.0357,0.0756,0.0401,0.0065,1.1455,1
2024-03-12,鴻海,0.1174,0.1553,0.1363,0.0245,6.0141,1
2024-03-12,中華電,0.0041,0.0125,0.0004,0.0049,0.7941,0
2024-03-12,國泰金,0.0414,0.0461,0.0384,0.0083,1.9646,1
2024-03-12,廣達,0.0388,0.0473,0.0416,0.0285,1.2138,0
2024-03-12,台積電,0.0548,0.2261,0.089,0.0242,1.1387,1
2024-03-13,台達電,0.0661,0.0997,0.0625,0.0156,1.2821,0
2024-03-13,聯發科,0.021,0.2981,0.1043,0.025,0.6846,0
2024-03-13,中華電,-0.0041,0.0041,-0.0039,0.0049,0.9455,1
2024-03-13,鴻海,0.1315,0.1814,0.1406,0.0242,4.5856,1
2024-03-13,台積電,0.0599,0.2268,0.0907,0.0242,0.713,1
2024-03-13,富邦金,0.0386,0.077,0.0393,0.0065,1.3574,1
2024-03-13,廣達,0.0162,-0.0099,0.0258,0.0273,0.9761,0
2024-03-13,國泰金,0.0505,0.0612,0.0419,0.0079,1.6859,1
2024-03-14,鴻海,0.1256,0.1921,0.1348,0.024,2.3225,1
2024-03-14,中華電,0.0083,0.0041,0.0041,0.0049,0.7967,1
2024-03-14,聯發科,-0.065,0.2273,0.0352,0.0291,1.1996,0
2024-03-14,廣達,0.0125,-0.0451,-0.0005,0.0279,0.6892,1
2024-03-14,台積電,0.0316,0.2136,0.0872,0.0242,0.8165,0
2024-03-14,富邦金,0.0382,0.0927,0.0465,0.0065,1.9592,0
2024-03-14,國泰金,0.0769,0.1002,0.0701,0.01,3.0435,0
2024-03-14,台達電,0.0455,0.08,0.0449,0.0161,0.9075,0
2024-03-15,中華電,0.0166,0.0124,0.0076,0.0049,1.8857,1
2024-03-15,聯發科,-0.0772,0.1677,0.0143,0.0288,0.8279,1
2024-03-15,台積電,-0.0395,0.0803,0.0401,0.0206,1.482,1
2024-03-15,鴻海,0.2571,0.3069,0.2202,0.0299,3.9801,1
2024-03-15,廣達,0.0663,-0.0338,0.0589,0.0291,1.9303,0
2024-03-15,國泰金,0.0519,0.0817,0.0515,0.0108,2.5049,0
2024-03-15,富邦金,0.0058,0.0658,0.0269,0.0078,2.3893,0
2024-03-15,台達電,-0.0288,0.065,0.0165,0.017,1.2895,1
2024-03-18,鴻海,0.242,0.3399,0.2375,0.0301,2.144,0
2024-03-18,廣達,0.022,0.0262,0.0472,0.0247,1.6656,1
2024-03-18,中華電,0.0123,0.0082,0.0113,0.0046,0.8022,0
2024-03-18,聯發科,-0.0449,0.2062,0.0363,0.0292,0.5695,0
2024-03-18,台積電,0.002,0.1238,0.0541,0.0201,0.8817,0
2024-03-18,國泰金,0.0326,0.0673,0.0458,0.0108,0.925,1
2024-03-18,富邦金,0.0043,0.0546,0.0227,0.0077,0.9138,1
2024-03-18,台達電,-0.0065,0.0497,0.0241,0.0163,0.6041,1
2024-03-19,富邦金,0.0014,0.056,0.0244,0.0077,0.9402,0
2024-03-19,聯發科,-0.0535,0.1942,0.0102,0.0295,0.8255,0
2024-03-19,台積電,-0.0058,0.1291,0.0451,0.02,0.6125,0
2024-03-19,鴻海,0.1429,0.3204,0.2192,0.0302,1.4401,1
2024-03-19,國泰金,0.0269,0.0611,0.047,0.0107,0.7495,0
2024-03-19,中華電,0.0123,0.0082,0.0109,0.0046,1.5603,0
2024-03-19,廣達,0.0098,0.0642,0.0521,0.0237,0.9776,0
2024-03-19,台達電,0.024,0.0959,0.066,0.0189,1.9181,0
2024-03-20,台達電,0.0048,0.0803,0.0485,0.0193,1.2296,1
2024-03-20,國泰金,0.015,0.0532,0.0388,0.0108,0.706,1
2024-03-20,富邦金,-0.0043,0.0466,0.0191,0.0078,1.0351,1
2024-03-20,鴻海,0.1452,0.3333,0.2183,0.0302,1.6104,1
2024-03-20,中華電,0.0165,0.0041,0.0107,0.0045,1.3195,1
2024-03-20,台積電,-0.0224,0.1085,0.0343,0.02,0.8292,1
2024-03-20,聯發科,-0.07,0.1507,-0.0138,0.03,0.5739,1
2024-03-20,廣達,-0.006,0.0268,0.018,0.0249,1.583,1
2024-03-21,台達電,0.0886,0.1615,0.1128,0.0241,2.7879,1
2024-03-21,鴻海,0.1777,0.3835,0.2364,0.03,1.3581,1
2024-03-21,台積電,0.0047,0.1566,0.0621,0.0208,0.9104,1
2024-03-21,國泰金,0.0052,0.0849,0.0574,0.0114,1.5213,0
2024-03-21,聯發科,-0.0087,0.1621,-0.0119,0.03,0.605,0
2024-03-21,中華電,0.0123,0.0082,0.0144,0.0046,1.0409,1
2024-03-21,廣達,0.0452,0.0784,0.0366,0.0244,0.9585,1
2024-03-21,富邦金,0.0,0.0664,0.0319,0.0082,1.2352,0
2024-03-22,富邦金,0.0,0.0466,0.0135,0.0092,1.1884,0
2024-03-22,台達電,0.1815,0.2198,0.1663,0.0267,4.111,0
2024-03-22,中華電,0.0122,0.0164,0.0176,0.0046,0.9173,1
2024-03-22,鴻海,0.1023,0.4058,0.2399,0.0299,1.6151,0
2024-03-22,國泰金,0.0189,0.0813,0.0532,0.0114,1.1838,0
2024-03-22,台積電,0.0474,0.1397,0.0566,0.0207,0.608,0
2024-03-22,聯發科,-0.0088,0.1084,-0.0295,0.0296,0.5633,0
2024-03-22,廣達,0.0,0.0575,0.0458,0.0236,1.2116,0
2024-03-25,聯發科,-0.0427,0.0182,-0.0347,0.0232,0.3472,1
2024-03-25,鴻海,0.0699,0.4126,0.2178,0.0297,0.9528,0
2024-03-25,國泰金,0.0116,0.0821,0.0393,0.0114,0.746,1
2024-03-25,廣達,0.0,0.0581,0.0327,0.0236,0.527,0
2024-03-25,中華電,0.0122,0.0205,0.0207,0.0046,0.6066,1
2024-03-25,富邦金,-0.0072,0.036,0.0031,0.0096,1.0423,1
2024-03-25,台達電,0.152,0.2051,0.1373,0.0272,1.2956,0
2024-03-25,台積電,0.0209,0.1243,0.0438,0.0209,0.4048,1
2024-03-26,鴻海,0.0441,0.372,0.1697,0.0311,1.1227,1
2024-03-26,國泰金,0.0126,0.0914,0.0402,0.0112,0.5041,0
2024-03-26,廣達,-0.0117,0.0539,0.026,0.0236,1.0962,1
2024-03-26,富邦金,-0.0029,0.0404,0.0098,0.0097,0.5602,1
2024-03-26,台達電,0.0734,0.1644,0.0996,0.0283,1.303,0
2024-03-26,台積電,0.0262,0.1256,0.0404,0.0209,0.8246,0
2024-03-26,中華電,0.0203,0.0287,0.0274,0.0049,1.0442,1
2024-03-26,聯發科,-0.0174,0.0135,-0.0267,0.0231,0.721,1
2024-03-27,中華電,0.0325,0.0496,0.0372,0.0048,1.8512,0
2024-03-27,台積電,0.0277,0.1213,0.0306,0.021,0.3836,0
2024-03-27,聯發科,0.031,0.0448,0.0013,0.0241,0.7032,0
2024-03-27,台達電,0.0807,0.1817,0.0841,0.0277,0.7735,1
2024-03-27,富邦金,0.0029,0.0433,0.0106,0.0097,0.4347,0
2024-03-27,廣達,0.0341,0.1075,0.0349,0.0219,0.5769,1
2024-03-27,鴻海,0.0761,0.4348,0.201,0.0315,0.8785,1
2024-03-27,國泰金,0.0147,0.088,0.0326,0.0113,0.346,1
2024-03-28,台達電,0.0133,0.163,0.0791,0.0276,0.5254,0
2024-03-28,鴻海,0.0912,0.5097,0.2314,0.0316,1.1248,0
2024-03-28,廣達,0.1002,0.2069,0.1145,0.0285,2.496,1
2024-03-28,聯發科,0.0175,0.0175,-0.0039,0.0237,0.8252,1
2024-03-28,台積電,-0.0191,0.1197,0.0119,0.021,0.5707,1
2024-03-28,中華電,0.0162,0.0415,0.0228,0.0056,1.8432,1
2024-03-28,國泰金,-0.0062,0.071,0.0302,0.0109,0.4523,1
2024-03-28,富邦金,-0.0198,0.0191,0.0024,0.0093,0.6888,1
2024-03-29,中華電,0.0242,0.0496,0.0325,0.006,0.9397,0
2024-03-29,國泰金,-0.001,0.0862,0.0313,0.0105,0.3974,1
2024-03-29,聯發科,0.0533,0.0724,0.0141,0.0228,0.5068,0
2024-03-29,廣達,0.1126,0.2089,0.1293,0.0285,2.6996,0
2024-03-29,台達電,-0.0447,0.1652,0.0693,0.0276,0.5417,0
2024-03-29,富邦金,0.0014,0.0341,0.0065,0.009,0.4251,0
2024-03-29,鴻海,0.0412,0.4853,0.1767,0.0326,0.6875,0
2024-03-29,台積電,-0.0115,0.1315,0.0151,0.021,0.2087,0
2024-04-01,台積電,-0.0128,0.067,0.004,0.0182,0.4829,1
2024-04-01,聯發科,0.0357,0.0087,-0.0077,0.0217,0.7009,1
2024-04-01,廣達,0.1078,0.182,0.1041,0.029,1.4811,1
2024-04-01,國泰金,0.0177,0.0963,0.0361,0.0105,0.6331,0
2024-04-01,台達電,-0.0511,0.1397,0.0392,0.0283,0.7023,1
2024-04-01,富邦金,0.0072,0.0312,0.0021,0.0091,0.5364,0
2024-04-01,鴻海,0.0344,0.4131,0.1493,0.0326,0.438,1
2024-04-01,中華電,0.0161,0.0412,0.0264,0.0062,0.6374,0
2024-04-02,廣達,0.1732,0.2163,0.1527,0.0306,1.7035,0
2024-04-02,聯發科,0.031,0.0087,-0.0038,0.0217,0.5602,0
2024-04-02,國泰金,0.0124,0.0963,0.0314,0.0105,0.3539,0
2024-04-02,中華電,0.008,0.0455,0.0241,0.006,1.0569,0
2024-04-02,台積電,0.0102,0.0872,0.0259,0.0188,0.8988,0
2024-04-02,富邦金,-0.0014,0.0327,0.0005,0.009,0.4562,0
2024-04-02,台達電,-0.016,0.1635,0.0424,0.0281,0.5108,0
2024-04-02,鴻海,0.1197,0.493,0.1903,0.0334,0.9748,0
2024-04-03,聯發科,-0.0043,-0.0252,-0.0068,0.0206,0.573,0
2024-04-03,廣達,0.1398,0.1907,0.1251,0.0311,1.0994,0
2024-04-03,國泰金,-0.0031,0.0786,0.0087,0.0117,0.6779,1
2024-04-03,富邦金,-0.0172,0.0193,-0.0134,0.0096,0.9749,1
2024-04-03,台積電,0.0013,0.0662,0.0097,0.0192,0.7424,1
2024-04-03,台達電,-0.0278,0.1254,0.0181,0.0286,0.3439,1
2024-04-03,鴻海,0.0707,0.493,0.1674,0.0334,0.7509,0
2024-04-03,中華電,-0.0157,0.0288,0.0105,0.0068,1.3165,1
2024-04-08,國泰金,0.0021,0.078,0.0113,0.0117,0.4959,1
2024-04-08,中華電,0.008,0.0455,0.0204,0.007,0.9558,0
2024-04-08,鴻海,0.0161,0.4698,0.1389,0.0339,0.5665,0
2024-04-08,廣達,0.0411,0.2121,0.1066,0.0304,0.8845,0
2024-04-08,台達電,-0.0248,0.1246,0.0184,0.0286,0.62,0
2024-04-08,富邦金,-0.0087,0.0088,-0.0124,0.0093,0.6576,1
2024-04-08,聯發科,-0.0086,-0.065,-0.012,0.0189,0.6153,1
2024-04-08,台積電,0.0182,0.0351,0.0119,0.0178,0.8126,1
2024-04-09,台達電,-0.0234,0.0705,0.015,0.0266,0.3518,0
2024-04-09,台積電,0.0554,0.0495,0.0557,0.0193,1.4918,0
2024-04-09,中華電,-0.0118,0.0415,0.0103,0.0073,0.4822,1
2024-04-09,鴻海,0.0429,0.5048,0.1176,0.0327,0.5279,0
2024-04-09,國泰金,0.0196,0.0916,0.0298,0.0123,1.2939,0
2024-04-09,聯發科,-0.0211,-0.0569,-0.0004,0.0191,0.5566,1
2024-04-09,廣達,0.0017,0.1884,0.0802,0.0309,0.7578,0
2024-04-09,富邦金,0.0043,0.0116,0.0057,0.0095,0.8064,0
2024-04-10,台積電,0.0584,0.0689,0.047,0.0184,0.7581,1
2024-04-10,聯發科,0.0302,-0.0245,0.0311,0.0205,1.0648,1
2024-04-10,國泰金,-0.0041,0.0586,0.0124,0.0127,1.0116,1
2024-04-10,富邦金,-0.0043,0.0,-0.0057,0.0099,0.6746,0
2024-04-10,台達電,-0.0194,0.0649,-0.0062,0.0268,0.4262,0
2024-04-10,鴻海,0.0266,0.411,0.0757,0.0337,0.5125,0
2024-04-10,中華電,-0.004,0.037,0.0125,0.0071,0.5509,1
2024-04-10,廣達,-0.0018,0.1303,0.0549,0.0309,0.671,1
2024-04-11,富邦金,-0.0158,-0.0187,-0.0163,0.0101,1.3722,0
2024-04-11,台達電,-0.0547,0.0224,-0.033,0.0274,0.9088,0
2024-04-11,中華電,0.0,0.0412,0.0144,0.0071,0.9756,0
2024-04-11,國泰金,0.0153,0.0688,0.0287,0.0131,1.5308,0
2024-04-11,聯發科,0.03,-0.0123,0.036,0.0204,1.0343,0
2024-04-11,廣達,-0.0453,0.1179,0.0583,0.0307,0.6637,0
2024-04-11,台積電,0.038,0.0699,0.0499,0.0185,0.7282,0
2024-04-11,鴻海,-0.0566,0.2605,0.0332,0.0311,0.9452,1
2024-04-12,鴻海,-0.0535,0.249,0.0261,0.0311,0.6859,0
2024-04-12,台達電,-0.0452,0.0079,-0.0409,0.0275,0.5343,0
2024-04-12,中華電,0.004,0.0372,0.0046,0.0074,0.7834,1
2024-04-12,國泰金,0.0208,0.0481,0.0129,0.0136,0.9785,0
2024-04-12,廣達,-0.0465,0.1172,0.0354,0.0307,0.937,0
2024-04-12,聯發科,0.0172,-0.0288,0.0203,0.0207,0.8722,0
2024-04-12,台積電,0.0487,0.055,0.0444,0.0184,0.9175,0
2024-04-12,富邦金,-0.0117,-0.03,-0.0235,0.0102,1.1936,0
2024-04-15,聯發科,-0.0348,-0.0348,-0.0385,0.0215,1.5809,0
2024-04-15,國泰金,0.0124,0.0135,0.0102,0.0117,0.9213,0
2024-04-15,鴻海,-0.0759,0.2066,-0.013,0.0325,0.6705,0
2024-04-15,台達電,-0.0778,-0.0081,-0.0678,0.0281,0.6132,0
2024-04-15,中華電,-0.004,0.0328,0.007,0.0072,0.9484,0
2024-04-15,廣達,-0.0754,0.1069,-0.0076,0.0313,0.7537,0
2024-04-15,富邦金,-0.0189,-0.0467,-0.0269,0.0098,1.0225,0
2024-04-15,台積電,0.0294,0.0329,0.0274,0.0188,1.1382,0
2024-04-16,國泰金,-0.0324,0.0042,-0.0127,0.0124,1.4179,1
2024-04-16,台達電,-0.1228,-0.033,-0.1119,0.0297,1.0426,1
2024-04-16,聯發科,-0.0905,-0.0705,-0.083,0.024,2.0074,0
2024-04-16,富邦金,-0.0614,-0.056,-0.0488,0.0106,1.7795,1
2024-04-16,廣達,-0.1023,0.0006,-0.0514,0.0307,0.9411,1
2024-04-16,台積電,-0.0379,0.0514,0.002,0.0171,1.5004,1
2024-04-16,中華電,-0.008,0.0163,-0.0058,0.0078,1.6477,0
2024-04-16,鴻海,-0.1076,0.0682,-0.0497,0.0277,1.1291,1
2024-04-17,富邦金,-0.0462,-0.0504,-0.042,0.0108,1.1421,1
2024-04-17,台達電,-0.0838,-0.018,-0.0884,0.0302,0.6279,1
2024-04-17,國泰金,-0.0174,0.0074,-0.0121,0.0124,0.7291,1
2024-04-17,台積電,-0.0135,0.0524,0.0198,0.0172,1.0593,0
2024-04-17,聯發科,-0.1213,-0.1026,-0.0826,0.0226,1.2714,0
2024-04-17,中華電,-0.0198,0.0041,-0.014,0.008,1.4941,1
2024-04-17,鴻海,-0.0518,0.0772,-0.0161,0.0282,0.7065,1
2024-04-17,廣達,-0.068,0.0306,-0.0337,0.0309,0.8336,0
2024-04-18,廣達,-0.0907,0.0065,-0.0492,0.0311,0.5216,0
2024-04-18,富邦金,-0.0307,-0.0501,-0.0352,0.0108,1.1731,0
2024-04-18,聯發科,-0.125,-0.087,-0.0785,0.0224,1.1951,0
2024-04-18,鴻海,-0.0133,0.0882,-0.01,0.0283,0.5211,0
2024-04-18,台達電,-0.0329,-0.0344,-0.061,0.029,0.8997,0
2024-04-18,台積電,-0.0195,0.0551,0.0171,0.0171,1.3127,0
2024-04-18,中華電,-0.0198,0.0081,-0.0104,0.008,1.2237,0
2024-04-18,國泰金,-0.0252,0.0147,-0.0014,0.0126,0.8555,0
2024-04-19,聯發科,-0.1585,-0.1212,-0.1233,0.0249,2.4167,0
2024-04-19,中華電,-0.0199,0.0,-0.0184,0.0083,1.8238,1
2024-04-19,富邦金,-0.0413,-0.0661,-0.051,0.0114,1.9343,1
2024-04-19,台積電,-0.0831,-0.0106,-0.0508,0.0232,3.4742,0
2024-04-19,國泰金,-0.0326,-0.0011,-0.022,0.0135,1.2726,1
2024-04-19,廣達,-0.1089,0.0016,-0.0835,0.0314,0.7648,0
2024-04-19,鴻海,-0.0498,0.0362,-0.0451,0.0294,0.9444,0
2024-04-19,台達電,-0.0584,-0.0554,-0.0905,0.0299,0.8923,1
2024-04-22,廣達,-0.1188,-0.0667,-0.1244,0.0327,0.6808,1
2024-04-22,鴻海,-0.0205,0.0035,-0.0452,0.0285,0.5286,1
2024-04-22,聯發科,-0.1297,-0.1526,-0.1405,0.0251,1.3744,1
2024-04-22,富邦金,-0.0178,-0.0636,-0.0302,0.0117,1.0743,1
2024-04-22,台達電,-0.026,-0.1124,-0.0806,0.0247,0.5465,0
2024-04-22,中華電,-0.004,0.0162,0.0008,0.0094,1.5491,0
2024-04-22,國泰金,-0.0112,-0.0031,-0.0023,0.0133,0.9548,1
2024-04-22,台積電,-0.0794,-0.0536,-0.0584,0.0218,1.2337,1
2024-04-23,國泰金,0.0188,0.0041,0.0047,0.0134,0.7091,1
2024-04-23,台積電,-0.0431,-0.0395,-0.0413,0.0222,0.8067,1
2024-04-23,聯發科,-0.0787,-0.136,-0.1293,0.0253,0.8836,1
2024-04-23,鴻海,0.0213,-0.0103,-0.0381,0.0282,0.5347,1
2024-04-23,富邦金,0.0091,-0.0474,-0.0264,0.0114,0.7511,1
2024-04-23,廣達,-0.0501,-0.0495,-0.0956,0.0334,0.4674,1
2024-04-23,台達電,0.0154,-0.169,-0.0797,0.0194,0.6846,1
2024-04-23,中華電,0.004,0.0081,-0.0036,0.0094,1.1102,0
2024-04-24,聯發科,-0.0381,-0.0982,-0.0907,0.0273,0.9207,0
2024-04-24,台達電,0.0116,-0.1376,-0.0525,0.0206,0.6152,1
2024-04-24,鴻海,0.0648,0.0722,0.0384,0.0338,1.4934,0
2024-04-24,中華電,0.0081,0.0,-0.0076,0.0094,1.2717,0
2024-04-24,台積電,-0.0261,0.0038,-0.0046,0.0239,1.0198,0
2024-04-24,國泰金,0.0282,0.0239,0.0138,0.0134,1.0809,0
2024-04-24,廣達,0.0236,0.0549,-0.0085,0.0402,0.9299,0
2024-04-24,富邦金,0.0121,-0.0319,-0.0175,0.0115,0.7008,0
2024-04-25,台達電,-0.0097,-0.1092,-0.0407,0.0203,0.992,1
2024-04-25,富邦金,0.0015,-0.046,-0.0211,0.0112,0.8102,1
2024-04-25,中華電,-0.004,-0.0159,-0.0148,0.0094,1.0392,0
2024-04-25,國泰金,0.0021,0.0041,-0.0008,0.0138,0.8651,1
2024-04-25,鴻海,0.0236,0.0669,0.0053,0.034,0.8666,1
2024-04-25,台積電,-0.0473,-0.0205,-0.0252,0.0244,0.7496,1
2024-04-25,聯發科,-0.0657,-0.1319,-0.1109,0.0276,0.8979,1
2024-04-25,廣達,0.02,0.0388,-0.0293,0.0405,0.8947,1
2024-04-26,廣達,0.0663,0.0327,-0.0232,0.0405,0.836,1
2024-04-26,國泰金,0.0306,0.0145,0.0057,0.0138,0.5908,1
2024-04-26,台達電,0.0553,-0.0776,-0.0083,0.0217,1.3564,1
2024-04-26,富邦金,0.04,-0.0315,-0.0018,0.0121,1.2597,1
2024-04-26,聯發科,0.0121,-0.1373,-0.0825,0.0272,0.8541,1
2024-04-26,中華電,0.0041,-0.0276,-0.0134,0.0089,0.4247,1
2024-04-26,台積電,0.0427,0.0039,-0.005,0.0249,0.8404,1
2024-04-26,鴻海,0.0839,0.0438,0.0263,0.0329,0.8087,1
2024-04-29,富邦金,0.0483,0.0014,0.0247,0.0135,1.4861,0
2024-04-29,聯發科,0.0507,-0.125,-0.0672,0.0274,1.1743,0
2024-04-29,台達電,0.07,-0.0628,0.014,0.0223,1.1077,0
2024-04-29,台積電,0.0714,0.0338,0.0098,0.0249,0.691,0
2024-04-29,中華電,-0.008,-0.008,-0.005,0.0088,0.7019,0
2024-04-29,國泰金,0.0496,0.0528,0.0421,0.0162,2.2227,0
2024-04-29,鴻海,0.1084,0.0193,0.0485,0.0316,0.8343,0
2024-04-29,廣達,0.137,-0.0356,-0.0062,0.0354,0.346,0
2024-04-30,富邦金,0.0422,-0.0086,0.0208,0.0135,0.8959,0
2024-04-30,聯發科,0.0206,-0.1629,-0.0802,0.0268,0.8539,1
2024-04-30,台達電,0.0773,-0.0629,0.0158,0.0223,0.9156,0
2024-04-30,鴻海,0.0833,0.0297,0.0304,0.0312,0.6276,0
2024-04-30,廣達,0.097,-0.0628,-0.0086,0.0349,0.3709,1
2024-04-30,國泰金,0.0359,0.0412,0.0338,0.0163,1.3935,0
2024-04-30,台積電,0.0477,0.018,0.0026,0.0249,0.9715,0
2024-04-30,中華電,-0.008,-0.0236,-0.0078,0.0083,0.744,0
2024-05-02,廣達,0.0019,-0.0459,-0.0024,0.0349,0.5884,0
2024-05-02,國泰金,0.0213,0.0276,0.0283,0.0163,0.9032,0
2024-05-02,中華電,-0.004,-0.0198,-0.0068,0.0083,1.0426,0
2024-05-02,台積電,-0.014,0.0026,-0.0204,0.0254,0.9843,1
2024-05-02,富邦金,0.0329,-0.0072,0.0197,0.0135,0.9253,0
2024-05-02,台達電,0.0181,-0.0747,-0.0151,0.023,1.2165,1
2024-05-02,聯發科,-0.0099,-0.1379,-0.0658,0.0269,0.7857,1
2024-05-02,鴻海,-0.0128,0.0233,0.016,0.0313,0.5848,1
2024-05-03,中華電,0.004,-0.0198,-0.0058,0.0083,0.7111,1
2024-05-03,台達電,0.0703,-0.0311,0.0439,0.0267,2.0343,0
2024-05-03,富邦金,0.0392,-0.0072,0.02,0.0135,0.5903,1
2024-05-03,廣達,0.0039,-0.1111,-0.0136,0.0323,0.6603,1
2024-05-03,國泰金,0.034,0.0255,0.0249,0.0163,0.568,1
2024-05-03,聯發科,0.0601,-0.1073,-0.0227,0.0288,0.9431,0
2024-05-03,台積電,0.0183,-0.0127,-0.0096,0.0248,0.7334,1
2024-05-03,鴻海,0.0297,-0.0189,0.0302,0.0287,0.6159,1
2024-05-06,鴻海,0.0806,0.0535,0.1031,0.0332,1.6003,1
2024-05-06,台達電,0.0222,-0.0301,0.028,0.0267,1.2076,1
2024-05-06,中華電,0.0081,-0.004,-0.0016,0.008,0.5234,1
2024-05-06,聯發科,0.0299,-0.1078,-0.0217,0.0288,0.6436,1
2024-05-06,富邦金,0.0355,0.0204,0.0337,0.0135,1.1446,0
2024-05-06,廣達,0.0175,-0.0782,0.0119,0.0328,1.2682,1
2024-05-06,國泰金,0.0409,0.0593,0.0362,0.0158,1.1011,0
2024-05-06,台積電,0.0051,0.0077,-0.0023,0.0247,0.798,1
2024-05-07,中華電,0.008,-0.0079,0.0068,0.0077,0.7436,1
2024-05-07,台達電,0.0156,-0.024,0.0421,0.0268,0.5974,0
2024-05-07,鴻海,0.0694,0.0728,0.112,0.0332,1.1168,0
2024-05-07,台積電,0.0063,0.0217,0.0143,0.025,0.8278,1
2024-05-07,廣達,0.021,-0.0541,0.0343,0.0332,0.6798,1
2024-05-07,富邦金,0.0072,0.0175,0.0314,0.0135,0.8626,0
2024-05-07,國泰金,0.002,0.0527,0.0335,0.0158,0.6409,0
2024-05-07,聯發科,0.0296,-0.0913,-0.0073,0.029,0.4559,1
2024-05-08,鴻海,0.0865,0.0728,0.1078,0.0332,0.6809,1
2024-05-08,台積電,0.0152,-0.0208,0.018,0.0227,0.5553,0
2024-05-08,國泰金,0.0079,0.0293,0.032,0.0151,0.5748,1
2024-05-08,聯發科,0.1038,-0.056,0.0434,0.0312,1.3667,0
2024-05-08,中華電,0.0202,0.008,0.0144,0.0077,1.8727,0
2024-05-08,廣達,0.0519,-0.0159,0.0604,0.0335,1.3223,1
2024-05-08,台達電,0.0016,-0.0389,0.0283,0.027,0.5006,1
2024-05-08,富邦金,0.0116,-0.0014,0.0314,0.0129,0.6432,0
2024-05-09,台達電,0.0436,-0.0152,0.0355,0.0268,0.4263,0
2024-05-09,中華電,0.0161,0.0,0.0104,0.0077,0.6562,0
2024-05-09,廣達,0.0517,0.0052,0.064,0.0333,0.8274,0
2024-05-09,國泰金,0.0278,0.0605,0.0451,0.015,1.459,1
2024-05-09,富邦金,0.013,0.0101,0.0309,0.0126,1.1799,1
2024-05-09,台積電,0.0311,-0.0233,0.0116,0.0227,0.5635,1
2024-05-09,鴻海,0.1071,0.1036,0.1086,0.0326,1.0252,0
2024-05-09,聯發科,0.095,-0.0837,0.0484,0.0302,1.0564,0
2024-05-10,台積電,0.0282,-0.022,0.0204,0.0227,0.6453,1
2024-05-10,中華電,0.0121,-0.0079,0.0068,0.0077,0.5772,1
2024-05-10,廣達,0.0546,-0.0181,0.0495,0.0334,0.9752,1
2024-05-10,鴻海,0.0865,0.13,0.0951,0.0317,0.7905,0
2024-05-10,國泰金,0.1056,0.1167,0.1154,0.0215,3.7685,0
2024-05-10,聯發科,0.0529,-0.0875,0.0537,0.0302,0.6117,1
2024-05-10,台達電,-0.026,-0.0016,0.0228,0.0263,0.6389,0
2024-05-10,富邦金,0.0406,0.0497,0.0563,0.0136,2.1264,0
2024-05-13,鴻海,0.0119,0.1262,0.0885,0.0317,0.7424,1
2024-05-13,中華電,0.0161,0.008,0.0144,0.0077,0.7408,0
2024-05-13,聯發科,0.0773,-0.0551,0.0763,0.0304,0.5571,1
2024-05-13,廣達,0.0477,0.0129,0.0643,0.0333,0.626,1
2024-05-13,國泰金,0.0825,0.1233,0.1006,0.0213,1.8228,0
2024-05-13,台積電,0.042,0.0012,0.0419,0.0233,0.8911,1
2024-05-13,富邦金,0.0214,0.0546,0.049,0.0134,1.0555,0
2024-05-13,台達電,-0.0171,-0.0016,0.0148,0.0263,0.6887,0
2024-05-14,廣達,0.0805,0.1054,0.1126,0.0338,1.4547,0
2024-05-14,台積電,0.0312,0.0236,0.0483,0.023,0.7442,1
2024-05-14,中華電,0.0,-0.004,0.0066,0.0079,0.5709,0
2024-05-14,國泰金,0.0668,0.1093,0.0789,0.0217,1.0933,1
2024-05-14,聯發科,0.1053,0.0405,0.1125,0.0284,1.0548,0
2024-05-14,鴻海,0.0147,0.1781,0.0954,0.0306,1.1807,0
2024-05-14,富邦金,0.0186,0.0564,0.0417,0.0133,0.8705,1
2024-05-14,台達電,-0.0307,0.026,0.0119,0.0254,0.3937,1
2024-05-15,聯發科,0.0548,0.0948,0.1072,0.0257,0.8099,1
2024-05-15,台積電,0.0461,0.0647,0.0626,0.0226,1.0372,1
2024-05-15,中華電,-0.0079,0.008,0.0062,0.0074,0.6611,0
2024-05-15,鴻海,0.0059,0.2092,0.0757,0.0292,1.4899,1
2024-05-15,富邦金,0.0558,0.1233,0.0734,0.0136,2.7646,1
2024-05-15,國泰金,0.112,0.1829,0.1149,0.0222,2.323,0
2024-05-15,台達電,-0.0062,0.0887,0.0173,0.0225,0.6717,1
2024-05-15,廣達,0.0494,0.1503,0.0989,0.0319,1.9054,0
2024-05-16,台積電,0.0565,0.046,0.0627,0.0222,1.1402,0
2024-05-16,國泰金,0.0909,0.1775,0.1017,0.0223,1.674,0
2024-05-16,中華電,-0.004,0.0162,0.0054,0.0071,1.0216,1
2024-05-16,台達電,-0.0093,0.0649,0.0173,0.022,0.4938,1
2024-05-16,廣達,0.0091,0.0884,0.056,0.0331,2.3211,1
2024-05-16,富邦金,0.0572,0.1197,0.0687,0.0137,2.2588,1
2024-05-16,聯發科,0.0868,0.1333,0.1331,0.0262,1.4453,0
2024-05-16,鴻海,0.0059,0.1706,0.0736,0.0284,1.4052,0
2024-05-17,台積電,0.0411,0.0386,0.053,0.0223,0.696,0
2024-05-17,國泰金,0.0162,0.1641,0.0932,0.0223,0.859,0
2024-05-17,富邦金,0.039,0.1252,0.0724,0.0137,1.1538,0
2024-05-17,中華電,0.004,0.0161,0.0086,0.0071,0.5798,1
2024-05-17,廣達,0.0573,0.1417,0.083,0.0333,1.3011,0
2024-05-17,聯發科,0.0639,0.1095,0.1033,0.0269,0.9228,1
2024-05-17,鴻海,0.0029,0.1486,0.0569,0.0286,0.8199,0
2024-05-17,台達電,0.011,0.0437,0.0231,0.0212,0.76,0
2024-05-20,富邦金,0.0322,0.1354,0.0542,0.013,0.7627,0
2024-05-20,聯發科,0.0673,0.1984,0.1165,0.0231,0.9407,0
2024-05-20,中華電,0.0,0.0285,0.0112,0.0068,1.0315,0
2024-05-20,國泰金,0.0163,0.1802,0.0766,0.0216,0.624,0
2024-05-20,台達電,0.0047,0.0653,0.0057,0.0198,0.9189,1
2024-05-20,台積電,0.0195,0.1133,0.0474,0.0153,0.8851,1
2024-05-20,鴻海,-0.0118,0.1713,0.0335,0.0275,0.7074,0
2024-05-20,廣達,0.0273,0.1677,0.0598,0.0321,0.6898,0
2024-05-21,聯發科,0.0173,0.2164,0.0918,0.0221,0.55,1
2024-05-21,台達電,0.0079,0.0617,0.0043,0.0198,0.4169,1
2024-05-21,中華電,0.008,0.008,0.0108,0.0052,0.7607,1
2024-05-21,鴻海,-0.0349,0.1608,0.017,0.0277,0.4508,1
2024-05-21,富邦金,0.0239,0.1012,0.0364,0.0133,0.7869,1
2024-05-21,台積電,0.0194,0.1334,0.0484,0.0148,0.6315,1
2024-05-21,廣達,-0.0225,0.2261,0.0495,0.0294,0.5408,1
2024-05-21,國泰金,0.0203,0.1446,0.0579,0.0219,0.9697,1
2024-05-22,廣達,-0.0052,0.2046,0.053,0.0291,0.6301,0
2024-05-22,中華電,0.012,0.016,0.014,0.0051,1.6108,0
2024-05-22,鴻海,-0.0088,0.1736,0.0275,0.0278,0.5384,1
2024-05-22,台積電,0.0298,0.1459,0.0698,0.0154,1.1622,1
2024-05-22,台達電,0.0266,0.1008,0.0279,0.0204,1.0141,1
2024-05-22,國泰金,-0.0106,0.1487,0.062,0.0219,0.5061,0
2024-05-22,聯發科,0.026,0.2191,0.0903,0.022,0.7317,1
2024-05-22,富邦金,-0.0041,0.1086,0.0396,0.0133,0.5957,0
2024-05-23,鴻海,0.0087,0.109,0.0464,0.0219,0.8606,1
2024-05-23,廣達,0.0253,0.0902,0.043,0.0202,0.8769,1
2024-05-23,中華電,0.012,0.0201,0.013,0.005,2.0122,0
2024-05-23,台達電,0.0297,0.0839,0.03,0.02,1.2762,0
2024-05-23,聯發科,0.0126,0.1931,0.0988,0.021,1.0245,0
2024-05-23,富邦金,-0.0189,0.0853,0.0213,0.0139,0.6385,1
2024-05-23,國泰金,-0.0284,0.1127,0.0338,0.0228,0.8093,1
2024-05-23,台積電,0.0404,0.1175,0.0773,0.0136,1.1866,0
2024-05-24,台積電,0.0383,0.1319,0.0608,0.0125,1.0773,1
2024-05-24,富邦金,-0.0174,0.1039,0.0276,0.0138,1.0159,1
2024-05-24,中華電,0.0079,0.0283,0.0115,0.0045,1.9724,0
2024-05-24,國泰金,-0.0266,0.1308,0.0295,0.0223,0.4281,1
2024-05-24,聯發科,0.0258,0.2181,0.0792,0.0196,0.5503,1
2024-05-24,廣達,0.0017,0.1213,0.0462,0.0194,0.656,1
2024-05-24,鴻海,0.0353,0.1617,0.0567,0.0205,0.7274,1
2024-05-24,台達電,0.0171,0.0719,0.0218,0.0201,0.9136,1
2024-05-27,中華電,-0.0119,0.0121,-0.005,0.0059,2.9536,1
2024-05-27,國泰金,-0.0071,0.137,0.0362,0.0224,0.5862,1
2024-05-27,富邦金,-0.0041,0.0873,0.0262,0.0134,0.7048,1
2024-05-27,台達電,0.0881,0.0984,0.0727,0.0225,2.0457,1
2024-05-27,廣達,0.0408,0.1398,0.0648,0.0198,1.2237,0
2024-05-27,聯發科,0.0798,0.2786,0.1459,0.0243,2.2652,1
2024-05-27,台積電,0.0407,0.1113,0.0576,0.0121,0.8513,0
2024-05-27,鴻海,0.1045,0.1935,0.1009,0.0225,1.1886,1
2024-05-28,富邦金,0.0123,0.0634,0.0272,0.0123,0.5749,0
2024-05-28,國泰金,0.0253,0.1181,0.0526,0.0214,1.1726,0
2024-05-28,聯發科,0.1149,0.2906,0.1531,0.0243,1.5552,0
2024-05-28,台積電,0.0285,0.0881,0.0483,0.0119,0.8086,0
2024-05-28,鴻海,0.1175,0.1703,0.095,0.0223,0.7183,0
2024-05-28,中華電,-0.004,0.012,0.0024,0.0059,2.0377,0
2024-05-28,廣達,0.0266,0.1071,0.0449,0.0202,0.8386,0
2024-05-28,台達電,0.0879,0.0794,0.07,0.0222,1.611,0
2024-05-29,國泰金,-0.0071,0.101,0.0255,0.0221,1.0196,0
2024-05-29,台積電,-0.0081,0.0848,0.0344,0.0121,1.0771,0
2024-05-29,中華電,-0.0157,0.0081,-0.006,0.0062,2.0859,1
2024-05-29,廣達,0.0053,0.1038,0.0309,0.0203,0.8838,0
2024-05-29,聯發科,0.0886,0.3004,0.1208,0.0238,1.2002,0
2024-05-29,鴻海,0.068,0.1571,0.0579,0.023,0.7956,0
2024-05-29,富邦金,-0.015,0.0478,0.0054,0.0132,1.1741,0
2024-05-29,台達電,0.0427,0.0655,0.0512,0.0226,1.1694,0
2024-05-30,中華電,-0.0079,0.0161,0.0012,0.0064,1.7706,1
2024-05-30,聯發科,0.0705,0.29,0.1068,0.0239,1.2554,0
2024-05-30,國泰金,0.0146,0.1054,0.0206,0.022,0.8862,1
2024-05-30,廣達,-0.0088,0.0785,0.0074,0.021,0.54,0
2024-05-30,台達電,0.0015,0.0662,0.0126,0.0225,1.0834,0
2024-05-30,富邦金,-0.0083,0.042,-0.0035,0.0134,1.0182,1
2024-05-30,鴻海,0.0202,0.1461,0.0277,0.0235,0.8274,0
2024-05-30,台積電,-0.0423,0.0855,0.0075,0.012,1.2311,0
2024-05-31,國泰金,0.0237,0.1195,0.0259,0.022,1.2068,1
2024-05-31,富邦金,0.0014,0.0638,0.0142,0.014,1.4866,1
2024-05-31,聯發科,0.0335,0.1875,0.0508,0.0261,2.0081,1
2024-05-31,台積電,-0.0531,0.0526,-0.0154,0.0131,2.3258,1
2024-05-31,中華電,0.0079,0.0323,0.0155,0.0072,3.2775,0
2024-05-31,台達電,-0.0091,-0.0076,-0.0024,0.0188,2.3097,1
2024-05-31,廣達,-0.0436,0.0682,-0.0225,0.0216,1.0564,1
2024-05-31,鴻海,-0.0227,0.1026,-0.0032,0.0246,1.4844,1
2024-06-03,聯發科,-0.0117,0.2271,0.0699,0.0262,0.8782,0
2024-06-03,台積電,-0.0265,0.0763,0.0109,0.0145,0.8568,0
2024-06-03,台達電,-0.026,0.0466,0.0321,0.0201,1.047,0
2024-06-03,富邦金,0.0041,0.0543,0.017,0.0137,0.4333,0
2024-06-03,鴻海,-0.0459,0.0537,0.0202,0.0194,0.9416,0
2024-06-03,國泰金,0.0198,0.1139,0.0296,0.0219,0.4846,0
2024-06-03,中華電,0.016,0.0201,0.0065,0.0075,1.6844,0
2024-06-03,廣達,-0.0375,0.0782,0.0042,0.0222,0.8248,0
2024-06-04,台達電,-0.0289,0.0322,0.0289,0.02,1.2797,1
2024-06-04,聯發科,-0.0534,0.1866,0.0361,0.0273,0.9495,0
2024-06-04,國泰金,-0.007,0.1081,0.0191,0.022,0.4598,1
2024-06-04,鴻海,-0.0782,0.0088,-0.012,0.0206,1.0891,1
2024-06-04,台積電,-0.0301,0.0488,0.0002,0.0143,0.8605,1
2024-06-04,廣達,-0.0501,0.03,-0.0239,0.0229,0.7935,1
2024-06-04,中華電,0.0079,0.012,0.0059,0.0073,1.171,0
2024-06-04,富邦金,-0.0027,0.0529,0.0117,0.0138,0.5608,1
2024-06-05,國泰金,0.0162,0.11,0.0157,0.022,0.4149,1
2024-06-05,中華電,0.016,0.004,0.0057,0.0071,1.0727,1
2024-06-05,聯發科,-0.0465,0.1233,0.022,0.026,0.8153,1
2024-06-05,台達電,0.0132,0.0779,0.0539,0.0204,1.4195,0
2024-06-05,廣達,-0.0366,0.011,-0.0191,0.0223,0.4473,1
2024-06-05,富邦金,0.0221,0.0587,0.0143,0.0138,0.7131,1
2024-06-05,台積電,-0.0035,0.0648,0.015,0.0147,0.9599,1
2024-06-05,鴻海,-0.0277,0.0354,0.0123,0.0214,1.2265,1
2024-06-06,中華電,0.0119,0.0119,0.0091,0.0071,0.5446,0
2024-06-06,廣達,-0.0071,0.0182,-0.0093,0.0224,0.5826,0
2024-06-06,鴻海,0.0057,0.0411,0.0217,0.0215,1.2608,0
2024-06-06,聯發科,0.0,0.1781,0.0633,0.0276,1.3642,0
2024-06-06,富邦金,0.0459,0.0758,0.027,0.0141,0.9887,1
2024-06-06,台積電,0.0668,0.1231,0.0564,0.0174,1.7795,0
2024-06-06,國泰金,0.0342,0.1122,0.0283,0.022,1.1427,1
2024-06-06,台達電,0.0455,0.0681,0.0474,0.0204,1.072,0
2024-06-07,國泰金,0.0356,0.0486,0.0384,0.0153,0.8172,1
2024-06-07,台積電,0.0706,0.096,0.0339,0.0181,1.1359,1
2024-06-07,台達電,0.0615,0.0815,0.0432,0.0201,0.8214,0
2024-06-07,中華電,-0.0117,0.008,0.0008,0.0072,0.502,0
2024-06-07,聯發科,0.0324,0.1644,0.0432,0.0279,0.6776,0
2024-06-07,富邦金,0.0354,0.0585,0.035,0.0131,1.021,1
2024-06-07,鴻海,0.032,0.0472,0.0194,0.0214,0.5861,1
2024-06-07,廣達,-0.0036,0.0092,-0.0328,0.0228,0.8075,1
2024-06-11,中華電,-0.0039,0.0,0.0008,0.007,0.6,0
2024-06-11,廣達,-0.0283,0.0,-0.0275,0.0226,0.5629,0
2024-06-11,富邦金,0.0474,0.0811,0.0486,0.0133,1.2631,0
2024-06-11,聯發科,0.0,0.139,0.0325,0.0279,0.7557,1
2024-06-11,台達電,0.0104,0.0758,0.0259,0.0203,1.1252,1
2024-06-11,國泰金,0.0353,0.0653,0.0439,0.0152,1.4841,0
2024-06-11,鴻海,0.0227,0.0649,0.0333,0.0217,0.8792,1
2024-06-11,台積電,0.0437,0.0781,0.0347,0.0177,1.3095,1
2024-06-12,國泰金,0.0266,0.0663,0.0264,0.0151,0.9081,1
2024-06-12,廣達,-0.0018,-0.0485,-0.025,0.0191,0.5467,1
2024-06-12,台達電,0.0223,0.0886,0.0321,0.0203,1.0371,1
2024-06-12,台積電,0.0834,0.1018,0.06,0.0186,1.2726,1
2024-06-12,鴻海,0.0965,0.0901,0.0687,0.023,1.3147,1
2024-06-12,中華電,-0.0039,0.008,0.0004,0.0068,0.5066,0
2024-06-12,富邦金,0.0326,0.0674,0.0276,0.014,0.9421,1
2024-06-12,聯發科,0.0484,0.1255,0.0507,0.0274,1.0512,1
2024-06-13,鴻海,0.094,0.1261,0.0877,0.0231,1.5531,1
2024-06-13,廣達,0.0271,-0.0105,0.0092,0.0208,0.9747,1
2024-06-13,台積電,0.0803,0.0996,0.0706,0.0185,1.4463,1
2024-06-13,富邦金,0.0297,0.0325,0.0286,0.0116,0.7232,1
2024-06-13,中華電,-0.0039,0.008,0.0,0.0068,0.5928,1
2024-06-13,國泰金,0.0283,0.0265,0.0286,0.012,1.0417,1
2024-06-13,台達電,0.0217,0.1082,0.0551,0.021,1.3945,0
2024-06-13,聯發科,0.126,0.1991,0.1091,0.0303,1.6888,1
2024-06-14,聯發科,0.0814,0.1723,0.108,0.0299,0.7889,0
2024-06-14,鴻海,0.1155,0.1545,0.1133,0.0238,1.3264,1
2024-06-14,台達電,0.0246,0.1047,0.0499,0.021,0.8986,0
2024-06-14,廣達,0.0394,0.0487,0.0299,0.0198,1.2893,0
2024-06-14,富邦金,0.0226,0.0406,0.036,0.0117,0.7217,0
2024-06-14,國泰金,0.0122,0.0319,0.0287,0.012,0.7596,0
2024-06-14,中華電,0.0039,0.0199,0.0109,0.0072,0.5066,0
2024-06-14,台積電,0.0353,0.1006,0.0688,0.0185,1.0017,0
2024-06-17,中華電,0.0079,0.0119,0.0063,0.0073,0.3556,1
2024-06-17,鴻海,0.1268,0.1765,0.1151,0.0235,0.9657,0
2024-06-17,台積電,0.0518,0.1073,0.0622,0.0184,0.6856,1
2024-06-17,富邦金,0.0,0.0188,0.0229,0.012,0.7105,1
2024-06-17,廣達,0.0568,0.0087,0.0223,0.0185,0.69,1
2024-06-17,台達電,0.0203,0.0915,0.0409,0.0211,1.3402,1
2024-06-17,聯發科,0.0824,0.1845,0.0868,0.0295,0.5779,1
2024-06-17,國泰金,-0.012,0.0195,0.0154,0.0124,0.6756,1
2024-06-18,台達電,0.041,0.1147,0.0426,0.0206,0.969,1
2024-06-18,廣達,0.0601,0.0319,0.0295,0.0183,0.8269,1
2024-06-18,鴻海,0.0997,0.1851,0.0973,0.0232,0.9603,1
2024-06-18,中華電,0.0119,0.0119,0.0097,0.0073,0.346,0
2024-06-18,國泰金,0.0034,0.0518,0.0374,0.0132,0.9742,1
2024-06-18,富邦金,-0.0039,0.0434,0.0341,0.012,0.7341,1
2024-06-18,聯發科,0.1063,0.1807,0.0972,0.0294,1.0213,1
2024-06-18,台積電,0.0721,0.1337,0.0806,0.0188,0.9761,1
2024-06-19,台達電,0.0867,0.1737,0.0906,0.0233,2.1636,1
2024-06-19,廣達,0.1512,0.1206,0.1113,0.0262,3.7317,1
2024-06-19,國泰金,0.019,0.065,0.0359,0.0129,1.0265,1
2024-06-19,聯發科,0.1423,0.2638,0.1458,0.0308,1.4573,1
2024-06-19,富邦金,0.0237,0.0672,0.0414,0.0116,1.1028,1
2024-06-19,鴻海,0.0827,0.2229,0.1108,0.023,1.7315,1
2024-06-19,台積電,0.0834,0.171,0.115,0.0203,1.7434,0
2024-06-19,中華電,0.0079,0.0079,0.0053,0.0074,0.6094,0
2024-06-20,國泰金,0.0344,0.0732,0.0514,0.0132,1.4201,0
2024-06-20,台達電,0.0647,0.1492,0.0903,0.0228,1.2087,1
2024-06-20,台積電,0.0675,0.1398,0.1074,0.0198,1.148,0
2024-06-20,聯發科,0.083,0.2658,0.1435,0.0308,0.7751,0
2024-06-20,廣達,0.162,0.1559,0.1515,0.0276,2.2847,0
2024-06-20,中華電,0.0,-0.0039,-0.0024,0.0075,0.6216,0
2024-06-20,富邦金,0.0236,0.0612,0.041,0.0115,0.9118,1
2024-06-20,鴻海,0.1328,0.287,0.1746,0.0267,1.6664,0
2024-06-21,聯發科,0.0681,0.2365,0.1237,0.0311,1.3011,0
2024-06-21,廣達,0.0998,0.125,0.108,0.0288,1.5743,0
2024-06-21,富邦金,0.0182,0.08,0.0409,0.0108,1.3783,0
2024-06-21,台積電,0.0521,0.1129,0.089,0.0202,1.9831,0
2024-06-21,國泰金,0.0326,0.0967,0.0466,0.0119,1.4295,1
2024-06-21,鴻海,0.0707,0.2254,0.1329,0.0279,1.4788,0
2024-06-21,台達電,0.1036,0.184,0.1203,0.0237,1.9851,0
2024-06-21,中華電,-0.0195,-0.0118,-0.0097,0.0077,0.882,1
2024-06-24,中華電,-0.0078,-0.0039,-0.0016,0.008,0.4773,0
2024-06-24,廣達,0.0537,0.0611,0.0511,0.0313,1.2467,1
2024-06-24,聯發科,0.0217,0.1799,0.0548,0.0341,1.0655,0
2024-06-24,鴻海,0.03,0.1705,0.0921,0.0292,0.9267,1
2024-06-24,國泰金,0.0487,0.0984,0.0452,0.0119,0.8328,1
2024-06-24,富邦金,0.0276,0.0655,0.035,0.0108,1.1043,1
2024-06-24,台積電,0.0206,0.0884,0.0508,0.0215,1.4378,1
2024-06-24,台達電,0.0895,0.1692,0.0926,0.0243,1.0478,1
2024-06-25,中華電,-0.0156,0.008,-0.0059,0.0071,0.6296,0
2024-06-25,聯發科,-0.0142,0.0778,0.0322,0.0307,1.1325,1
2024-06-25,廣達,0.0481,0.0392,0.0524,0.0309,1.2029,1
2024-06-25,國泰金,0.0272,0.0881,0.0442,0.0117,0.9517,0
2024-06-25,台達電,0.1121,0.1393,0.1154,0.0222,1.364,0
2024-06-25,富邦金,0.0195,0.068,0.0369,0.0108,0.7072,0
2024-06-25,台積電,0.0021,0.0917,0.0517,0.0215,1.2025,1
2024-06-25,鴻海,0.063,0.1405,0.111,0.0277,1.0402,0
2024-06-26,聯發科,-0.0539,0.0725,0.0434,0.0306,0.6216,0
2024-06-26,台積電,-0.0214,0.1141,0.0626,0.0215,0.9235,0
2024-06-26,廣達,-0.0206,0.0691,0.0643,0.0308,0.7754,0
2024-06-26,台達電,0.049,0.1318,0.1025,0.0223,0.9625,1
2024-06-26,中華電,-0.0157,-0.004,-0.0097,0.007,0.7795,1
2024-06-26,國泰金,0.0085,0.0475,0.0245,0.0119,1.2172,0
2024-06-26,富邦金,0.0,0.0542,0.0249,0.0111,0.9074,1
2024-06-26,鴻海,0.0345,0.1321,0.0986,0.0278,0.9422,1
2024-06-27,台積電,-0.0214,0.1245,0.0564,0.0213,0.8107,1
2024-06-27,中華電,-0.004,0.008,-0.0061,0.0068,0.7715,0
2024-06-27,富邦金,0.0051,0.0829,0.0287,0.0099,0.7603,1
2024-06-27,國泰金,-0.0166,0.0629,0.0146,0.0108,1.4538,0
2024-06-27,台達電,0.046,0.1528,0.0987,0.0218,0.5788,1
2024-06-27,鴻海,-0.023,0.1773,0.1025,0.0266,0.7378,1
2024-06-27,廣達,-0.0758,0.0627,0.0456,0.031,0.5872,1
2024-06-27,聯發科,-0.07,0.0814,0.032,0.0304,0.5998,1
2024-06-28,富邦金,0.0128,0.1029,0.0355,0.0097,1.5718,1
2024-06-28,台積電,-0.0041,0.1572,0.0554,0.0202,0.7978,1
2024-06-28,中華電,0.0,-0.004,-0.0099,0.0066,0.9166,1
2024-06-28,國泰金,-0.0183,0.0612,0.0099,0.0108,1.4525,1
2024-06-28,鴻海,0.0094,0.2125,0.0996,0.0256,0.6599,1
2024-06-28,台達電,0.0117,0.1961,0.0917,0.0196,1.0183,1
2024-06-28,廣達,-0.0235,0.1083,0.064,0.0308,0.587,0
2024-06-28,聯發科,-0.0604,0.0853,0.0315,0.0304,0.8775,1
2024-07-01,富邦金,0.0294,0.0954,0.0451,0.0092,1.0959,1
2024-07-01,鴻海,0.0485,0.2558,0.0974,0.0243,0.6618,0
2024-07-01,中華電,0.0,-0.0117,-0.0014,0.0058,1.2831,0
2024-07-01,國泰金,-0.0027,0.0701,0.026,0.0113,1.9836,1
2024-07-01,台達電,0.0372,0.2239,0.0892,0.0188,0.599,0
2024-07-01,台積電,0.0298,0.1836,0.049,0.0192,0.4317,0
2024-07-01,聯發科,0.0035,0.1457,0.0357,0.0283,0.6844,0
2024-07-01,廣達,0.0148,0.1259,0.0459,0.0301,0.4948,0
2024-07-02,聯發科,0.0181,0.1102,0.0268,0.0279,0.6993,0
2024-07-02,中華電,-0.004,-0.0118,-0.0087,0.0058,1.5659,0
2024-07-02,國泰金,-0.0043,0.0625,0.0246,0.0112,0.7256,1
2024-07-02,台積電,0.0159,0.1391,0.0337,0.0189,0.5523,1
2024-07-02,富邦金,0.0318,0.0976,0.048,0.0093,1.324,1
2024-07-02,台達電,-0.0103,0.1576,0.0606,0.0188,0.7643,0
2024-07-02,鴻海,-0.006,0.1883,0.0567,0.0256,1.254,0
2024-07-02,廣達,0.0049,0.085,0.0349,0.0297,0.5864,1
2024-07-03,中華電,0.0,-0.0118,-0.0081,0.0058,1.4797,0
2024-07-03,富邦金,0.0707,0.1318,0.071,0.0105,1.6694,1
2024-07-03,國泰金,0.0699,0.1287,0.0761,0.0162,2.1898,0
2024-07-03,聯發科,0.0,0.1331,0.017,0.0272,0.8777,1
2024-07-03,台達電,-0.0143,0.1488,0.0438,0.019,0.7386,1
2024-07-03,鴻海,-0.0085,0.2176,0.0392,0.0242,0.6743,1
2024-07-03,台積電,0.0198,0.1714,0.0461,0.0187,0.5252,1
2024-07-03,廣達,-0.0048,0.12,0.0343,0.0287,0.4234,1
2024-07-04,鴻海,0.0353,0.2536,0.086,0.0261,0.9892,0
2024-07-04,聯發科,0.0075,0.1426,0.0109,0.027,1.0415,0
2024-07-04,國泰金,0.0631,0.112,0.0564,0.0168,1.3656,1
2024-07-04,富邦金,0.0676,0.1311,0.0695,0.0105,0.9906,1
2024-07-04,台積電,0.0469,0.1814,0.0651,0.0191,0.9043,0
2024-07-04,台達電,-0.0116,0.1246,0.0446,0.0184,0.6243,1
2024-07-04,中華電,-0.0225,-0.0302,-0.025,0.007,4.9303,1
2024-07-04,廣達,0.0131,0.1175,0.032,0.0287,0.4855,1
2024-07-05,國泰金,0.0754,0.1035,0.0616,0.0165,0.965,1
2024-07-05,台達電,-0.0013,0.1426,0.0513,0.0183,0.819,1
2024-07-05,廣達,0.0,0.1163,0.0364,0.0287,0.4593,1
2024-07-05,富邦金,0.0706,0.129,0.0782,0.0104,1.1361,1
2024-07-05,台積電,0.0404,0.1285,0.0587,0.0169,0.4527,1
2024-07-05,中華電,-0.0061,-0.0217,-0.0116,0.0076,1.2468,0
2024-07-05,聯發科,-0.0144,0.0697,-0.0107,0.0257,0.8943,1
2024-07-05,鴻海,0.028,0.2394,0.0748,0.0262,0.3978,1
2024-07-08,富邦金,0.0697,0.1316,0.0852,0.0105,1.2121,0
2024-07-08,廣達,0.0357,0.1703,0.0532,0.0282,0.9143,1
2024-07-08,國泰金,0.0723,0.108,0.0732,0.0167,1.0272,0
2024-07-08,台積電,0.0692,0.182,0.0812,0.0167,0.9097,1
2024-07-08,中華電,-0.0222,-0.0222,-0.0188,0.0077,1.5186,0
2024-07-08,鴻海,0.0755,0.3088,0.1199,0.0279,1.0292,0
2024-07-08,聯發科,0.0257,0.1384,0.0341,0.0276,1.0578,1
2024-07-08,台達電,0.0294,0.1869,0.0827,0.0196,1.3757,1
2024-07-09,富邦金,0.0617,0.1125,0.0793,0.0102,1.0566,1
2024-07-09,廣達,0.0962,0.224,0.0964,0.0298,2.0152,1
2024-07-09,國泰金,0.067,0.095,0.0649,0.0167,1.1267,1
2024-07-09,鴻海,0.1027,0.2813,0.1015,0.0282,1.2097,0
2024-07-09,聯發科,0.0584,0.175,0.0548,0.0278,1.2857,0
2024-07-09,台達電,0.0705,0.2265,0.0931,0.019,1.2793,1
2024-07-09,台積電,0.0833,0.1824,0.0774,0.0167,1.053,1
2024-07-09,中華電,-0.0144,-0.0222,-0.0177,0.0077,0.7715,0
2024-07-10,鴻海,0.101,0.2226,0.081,0.0279,0.6325,1
2024-07-10,台達電,0.108,0.2451,0.1089,0.0193,1.1553,1
2024-07-10,台積電,0.0674,0.1541,0.0748,0.016,1.0514,1
2024-07-10,富邦金,0.0696,0.1724,0.1091,0.011,1.9899,1
2024-07-10,聯發科,0.0439,0.1283,0.0307,0.0281,0.7362,0
2024-07-10,廣達,0.1071,0.2423,0.1008,0.0297,1.0416,0
2024-07-10,中華電,-0.0186,-0.0263,-0.0205,0.0077,0.8695,0
2024-07-10,國泰金,0.0341,0.137,0.0835,0.0167,1.1355,1
2024-07-11,台達電,0.1361,0.2506,0.1315,0.0195,0.9992,0
2024-07-11,鴻海,0.0513,0.2046,0.0806,0.0277,0.6109,0
2024-07-11,國泰金,0.0791,0.1669,0.107,0.0175,1.7475,1
2024-07-11,中華電,0.0,-0.0263,-0.0192,0.0077,0.6275,0
2024-07-11,富邦金,0.1039,0.2126,0.1387,0.0127,2.2898,0
2024-07-11,聯發科,0.0327,0.0479,0.0176,0.0247,0.7498,0
2024-07-11,台積電,0.0746,0.1752,0.1017,0.017,0.965,0
2024-07-11,廣達,0.0761,0.1708,0.065,0.0302,0.6865,0
2024-07-12,廣達,0.0449,0.1222,0.0383,0.0306,0.5508,0
2024-07-12,富邦金,0.0824,0.1951,0.1222,0.0131,1.5592,0
2024-07-12,聯發科,0.0074,-0.0035,-0.0253,0.0266,0.9748,0
2024-07-12,國泰金,0.0718,0.1685,0.1016,0.0174,0.8758,0
2024-07-12,中華電,-0.0125,-0.0377,-0.0173,0.007,0.6242,1
2024-07-12,鴻海,0.007,0.1189,0.0294,0.0295,1.2778,1
2024-07-12,台達電,0.0904,0.216,0.0896,0.0213,0.7839,0
2024-07-12,台積電,0.0348,0.128,0.0546,0.0198,1.5409,0
2024-07-15,富邦金,0.057,0.1961,0.1,0.013,1.3219,1
2024-07-15,鴻海,-0.0442,0.1103,0.0266,0.0295,0.4959,0
2024-07-15,台達電,0.0323,0.2009,0.062,0.0219,0.6851,0
2024-07-15,台積電,0.0048,0.1292,0.0482,0.0197,0.8462,1
2024-07-15,廣達,0.011,0.1196,0.0231,0.0307,0.5265,0
2024-07-15,國泰金,0.0433,0.1701,0.0812,0.0174,0.7642,1
2024-07-15,中華電,0.0042,-0.0258,-0.0077,0.0074,0.9196,0
2024-07-15,聯發科,-0.0458,0.0036,-0.029,0.0265,0.5045,0
2024-07-16,聯發科,-0.0788,-0.0215,-0.0352,0.0262,0.7272,0
2024-07-16,國泰金,0.0531,0.1493,0.0803,0.0169,0.75,0
2024-07-16,台積電,0.0144,0.1188,0.0574,0.0194,0.7126,0
2024-07-16,中華電,0.0042,-0.0296,-0.0062,0.0073,1.1684,0
2024-07-16,富邦金,0.0663,0.1909,0.0999,0.013,1.0654,0
2024-07-16,鴻海,-0.0554,0.1006,0.0053,0.0298,0.7794,0
2024-07-16,廣達,-0.0402,0.1082,0.0165,0.0307,0.5138,0
2024-07-16,台達電,0.0061,0.1853,0.047,0.0222,0.6337,0
2024-07-17,台達電,-0.0226,0.1199,0.0374,0.0195,0.6036,0
2024-07-17,廣達,-0.0792,-0.0063,-0.01,0.025,0.672,0
2024-07-17,聯發科,-0.0767,-0.088,-0.0451,0.0226,0.9061,0
2024-07-17,富邦金,0.0213,0.1697,0.0829,0.0135,1.2941,0
2024-07-17,中華電,0.0084,-0.0258,-0.0049,0.0073,0.7845,1
2024-07-17,國泰金,0.0267,0.1456,0.0713,0.017,0.8694,0
2024-07-17,台積電,-0.0144,0.0499,0.0298,0.0187,1.2229,0
2024-07-17,鴻海,-0.0515,0.0711,-0.0027,0.0296,0.7462,0
2024-07-18,台達電,-0.0749,0.0866,0.0093,0.0205,0.9451,0
2024-07-18,鴻海,-0.0953,-0.038,-0.0385,0.0263,1.3447,0
2024-07-18,國泰金,-0.0198,0.1057,0.048,0.0176,1.073,0
2024-07-18,台積電,-0.0694,0.0245,0.0036,0.0196,1.7877,0
2024-07-18,富邦金,-0.0271,0.1526,0.0623,0.0142,1.757,0
2024-07-18,中華電,0.0169,-0.0099,0.0039,0.0074,1.3573,1
2024-07-18,廣達,-0.1038,-0.097,-0.0557,0.0252,1.5748,0
2024-07-18,聯發科,-0.0986,-0.1278,-0.0713,0.0232,1.4503,0
2024-07-19,廣達,-0.089,-0.0704,-0.0555,0.0243,0.8218,0
2024-07-19,台積電,-0.0673,0.0,-0.0314,0.0211,2.008,0
2024-07-19,富邦金,-0.0363,0.1311,0.0402,0.015,1.9034,0
2024-07-19,中華電,0.0211,0.0021,0.008,0.0073,0.7024,0
2024-07-19,聯發科,-0.0735,-0.1357,-0.0792,0.0233,0.8982,0
2024-07-19,鴻海,-0.0556,-0.0131,-0.0379,0.0257,0.9551,0
2024-07-19,國泰金,-0.0472,0.0781,0.0181,0.0188,1.1513,0
2024-07-19,台達電,-0.0545,0.0418,0.001,0.0192,0.7834,0
2024-07-22,台積電,-0.0971,-0.0011,-0.0623,0.0212,1.7709,1
2024-07-22,中華電,0.0084,-0.0099,0.0043,0.0071,0.7717,1
2024-07-22,聯發科,-0.0959,-0.112,-0.0997,0.0212,1.1244,1
2024-07-22,富邦金,-0.0653,0.0879,-0.0061,0.0183,1.4943,1
2024-07-22,國泰金,-0.0769,0.0299,-0.0256,0.0214,1.0215,1
2024-07-22,廣達,-0.1084,-0.0526,-0.0818,0.0229,0.9728,1
2024-07-22,鴻海,-0.1109,-0.0416,-0.0904,0.028,1.6269,1
2024-07-22,台達電,-0.1,-0.008,-0.0626,0.0239,1.3517,1
2024-07-23,國泰金,-0.0596,0.0522,-0.0037,0.022,0.4686,0
2024-07-23,聯發科,-0.052,-0.0591,-0.0602,0.0234,1.0213,0
2024-07-23,富邦金,-0.0409,0.1203,0.0231,0.0195,0.6887,0
2024-07-23,廣達,-0.0791,-0.0262,-0.0519,0.024,0.733,0
2024-07-23,鴻海,-0.054,-0.0205,-0.0469,0.0295,0.8769,0
2024-07-23,台積電,-0.072,0.036,-0.024,0.0232,1.0176,0
2024-07-23,台達電,-0.0558,0.0065,-0.0228,0.0251,0.8494,0
2024-07-23,中華電,0.0167,0.0023,0.0125,0.0073,1.0176,1
2024-07-26,國泰金,-0.0582,0.0699,-0.0069,0.0215,0.8106,1
2024-07-26,台達電,-0.056,0.0078,-0.0269,0.025,1.264,1
2024-07-26,台積電,-0.1029,-0.0375,-0.0772,0.0263,1.7011,1
2024-07-26,廣達,-0.1242,-0.1115,-0.1172,0.0287,1.4794,0
2024-07-26,鴻海,-0.0943,-0.0623,-0.0891,0.0313,1.0673,1
2024-07-26,富邦金,-0.0403,0.1225,0.0103,0.0194,0.5788,1
2024-07-26,中華電,0.0251,0.0146,0.0201,0.0074,0.9358,0
2024-07-26,聯發科,-0.0604,-0.0943,-0.0779,0.0234,1.5616,0
2024-07-29,鴻海,-0.0539,-0.0685,-0.0812,0.0312,0.6253,1
2024-07-29,台積電,-0.0607,-0.0167,-0.0564,0.0268,0.8448,0
2024-07-29,富邦金,-0.0023,0.1441,0.031,0.02,0.8484,0
2024-07-29,中華電,0.0083,0.0023,0.0117,0.0077,0.6774,0
2024-07-29,國泰金,-0.0234,0.0981,0.0079,0.0217,0.6711,0
2024-07-29,台達電,-0.0137,0.0246,-0.008,0.0254,1.0033,1
2024-07-29,廣達,-0.094,-0.1148,-0.1284,0.0288,0.9917,1
2024-07-29,聯發科,-0.0312,-0.0914,-0.0773,0.0234,0.7754,1
2024-07-30,中華電,0.0,0.0021,0.0074,0.0077,0.5789,1
2024-07-30,台達電,0.0025,0.0323,0.0004,0.0255,0.747,1
2024-07-30,台積電,-0.0309,-0.0269,-0.0592,0.0268,0.8622,0
2024-07-30,鴻海,-0.0392,-0.0606,-0.0641,0.0314,0.5933,1
2024-07-30,國泰金,-0.0144,0.0825,-0.0119,0.0221,0.4935,1
2024-07-30,富邦金,0.0046,0.122,0.017,0.0203,0.4722,1
2024-07-30,廣達,-0.0892,-0.133,-0.1209,0.0281,1.2529,1
2024-07-30,聯發科,-0.004,-0.0837,-0.0622,0.0237,0.6851,0
2024-07-31,聯發科,-0.0041,-0.1187,-0.0827,0.024,1.1225,0
2024-07-31,國泰金,0.04,0.074,-0.0041,0.0219,0.4455,1
2024-07-31,富邦金,0.0678,0.1284,0.0309,0.0204,0.7323,0
2024-07-31,台達電,0.1098,0.0615,0.0336,0.0266,1.4214,1
2024-07-31,中華電,0.0083,-0.0017,0.0117,0.0075,0.5356,0
2024-07-31,廣達,-0.0538,-0.1167,-0.1092,0.0282,1.4957,1
2024-07-31,台積電,-0.0053,-0.0351,-0.0636,0.0268,0.807,1
2024-07-31,鴻海,0.0286,-0.0598,-0.0517,0.0314,0.8253,1
2024-08-01,鴻海,0.005,-0.0098,-0.0297,0.0312,0.7811,0
2024-08-01,中華電,0.0,0.0063,0.0113,0.0073,0.5712,1
2024-08-01,廣達,-0.0269,-0.0571,-0.0525,0.0319,1.4524,0
2024-08-01,國泰金,0.0211,0.079,-0.0014,0.0219,0.5805,0
2024-08-01,台達電,0.0886,0.107,0.0519,0.0264,1.6386,0
2024-08-01,台積電,-0.0194,0.0,-0.0375,0.0275,0.9377,0
2024-08-01,富邦金,0.0316,0.12,0.0253,0.0205,0.7175,0
2024-08-01,聯發科,-0.0745,-0.1446,-0.106,0.0247,1.7397,0
2024-08-02,中華電,0.0041,0.0187,0.0229,0.0077,1.3128,0
2024-08-02,台積電,-0.0227,-0.0776,-0.0912,0.0301,1.433,0
2024-08-02,鴻海,-0.0286,-0.0813,-0.1028,0.0359,1.8091,0
2024-08-02,廣達,-0.0327,-0.1364,-0.1219,0.0362,1.419,0
2024-08-02,聯發科,-0.1245,-0.207,-0.1652,0.0291,1.8889,0
2024-08-02,台達電,0.0052,0.0277,-0.0337,0.0325,1.5642,0
2024-08-02,國泰金,-0.0033,-0.0033,-0.0251,0.0189,0.7386,0
2024-08-02,富邦金,0.0236,0.0731,0.0067,0.0202,0.7209,0
2024-08-05,廣達,-0.113,-0.2249,-0.2002,0.0416,1.7232,1
2024-08-05,國泰金,-0.1132,-0.084,-0.1122,0.0281,1.722,1
2024-08-05,台達電,-0.1136,-0.0812,-0.127,0.0397,1.5357,1
2024-08-05,台積電,-0.1367,-0.1891,-0.1719,0.0358,2.4734,1
2024-08-05,富邦金,-0.094,-0.0292,-0.0836,0.0293,1.4931,1
2024-08-05,鴻海,-0.1295,-0.2168,-0.1827,0.0389,2.2862,0
2024-08-05,聯發科,-0.2008,-0.2793,-0.2297,0.0339,2.7659,1
2024-08-05,中華電,0.0,0.0253,0.0091,0.007,1.9292,1
2024-08-06,中華電,0.0083,0.0167,0.0124,0.0065,1.1142,0
2024-08-06,台積電,-0.0638,-0.1244,-0.1001,0.041,1.6498,1
2024-08-06,國泰金,-0.0908,-0.0848,-0.1005,0.028,1.1978,1
2024-08-06,聯發科,-0.1434,-0.2037,-0.1554,0.0406,1.9292,1
2024-08-06,廣達,-0.0869,-0.2083,-0.1661,0.0424,1.3729,1
2024-08-06,鴻海,-0.1454,-0.2191,-0.1757,0.0389,2.7211,1
2024-08-06,富邦金,-0.0671,-0.0223,-0.0628,0.0295,1.044,1
2024-08-06,台達電,-0.0675,-0.0362,-0.0706,0.0422,1.507,1
2024-08-07,國泰金,-0.0609,-0.0594,-0.0576,0.0298,1.0308,0
2024-08-07,聯發科,-0.0574,-0.1901,-0.0868,0.0423,1.2157,0
2024-08-07,廣達,-0.0826,-0.2175,-0.146,0.042,1.5816,0
2024-08-07,中華電,0.0,0.021,0.0073,0.0063,1.3875,0
2024-08-07,鴻海,-0.1389,-0.2472,-0.1492,0.0362,1.4651,0
2024-08-07,台達電,-0.0844,-0.056,-0.0518,0.0414,1.016,0
2024-08-07,台積電,-0.015,-0.1111,-0.0536,0.0419,0.934,0
2024-08-07,富邦金,-0.0635,-0.0121,-0.0402,0.0299,0.6238,1
2024-08-08,廣達,-0.1696,-0.2857,-0.1664,0.0397,1.7266,1
2024-08-08,國泰金,-0.0796,-0.0692,-0.0672,0.0299,0.5696,1
2024-08-08,鴻海,-0.1926,-0.2749,-0.1713,0.0367,1.4548,1
2024-08-08,聯發科,-0.0551,-0.2363,-0.1023,0.0415,0.9385,1
2024-08-08,台積電,-0.0667,-0.1385,-0.0715,0.0421,0.6076,1
2024-08-08,台達電,-0.1108,-0.0805,-0.0541,0.0411,0.9534,1
2024-08-08,中華電,0.0,0.021,0.0062,0.0063,0.7579,1
2024-08-08,富邦金,-0.0578,-0.0061,-0.0341,0.0299,0.6341,1
2024-08-09,台達電,-0.0064,-0.0785,-0.0237,0.0412,1.0204,1
2024-08-09,台積電,0.0343,-0.1062,-0.0265,0.0434,0.7844,1
2024-08-09,國泰金,-0.0131,-0.0487,-0.0212,0.0314,1.2499,1
2024-08-09,鴻海,-0.0965,-0.2461,-0.1339,0.0381,1.1286,1
2024-08-09,富邦金,-0.0104,-0.0072,-0.0,0.0298,0.9374,1
2024-08-09,廣達,-0.0602,-0.2669,-0.1178,0.0412,1.4796,1
2024-08-09,中華電,-0.0081,0.0295,0.0089,0.0062,0.976,0
2024-08-09,聯發科,0.0321,-0.216,-0.0828,0.0418,0.8041,1
2024-08-12,國泰金,0.0971,-0.0687,-0.0095,0.0306,0.7703,1
2024-08-12,鴻海,0.0476,-0.2195,-0.0837,0.0399,0.8962,1
2024-08-12,聯發科,0.1857,-0.1725,-0.0324,0.0436,0.531,0
2024-08-12,富邦金,0.0987,-0.0337,0.011,0.0286,0.6792,1
2024-08-12,台達電,0.1368,-0.0806,0.0097,0.0411,0.9225,1
2024-08-12,台積電,0.1534,-0.1296,-0.013,0.0426,0.6091,1
2024-08-12,中華電,0.0,0.0253,0.0035,0.0063,0.4883,1
2024-08-12,廣達,0.1148,-0.197,-0.0468,0.0451,1.4031,0
2024-08-13,聯發科,0.0791,-0.1471,-0.0368,0.0429,0.4469,1
2024-08-13,中華電,0.0,0.0295,0.0062,0.0063,0.5471,1
2024-08-13,台積電,0.0693,-0.0952,-0.0068,0.042,0.424,1
2024-08-13,鴻海,0.0806,-0.162,-0.049,0.0402,0.9085,1
2024-08-13,國泰金,0.0927,-0.067,-0.0011,0.0306,0.5675,1
2024-08-13,富邦金,0.0843,-0.0206,0.0203,0.0287,0.4143,1
2024-08-13,台達電,0.071,-0.0533,0.0138,0.0407,0.4378,1
2024-08-13,廣達,0.0789,-0.1825,-0.0383,0.045,0.7578,1
2024-08-14,廣達,0.084,-0.161,-0.0128,0.0454,0.8063,1
2024-08-14,台達電,0.0777,-0.0145,0.0387,0.0409,0.6374,0
2024-08-14,聯發科,0.0304,-0.1255,-0.009,0.0434,0.521,0
2024-08-14,台積電,0.0304,-0.0885,0.0055,0.0421,0.6061,0
2024-08-14,富邦金,0.0811,0.0105,0.0407,0.029,0.9747,0
2024-08-14,鴻海,0.088,-0.1432,-0.0173,0.0408,0.7875,0
2024-08-14,中華電,0.0082,0.0251,0.0091,0.0061,0.7291,1
2024-08-14,國泰金,0.0563,-0.0477,0.0113,0.0307,0.7892,0
2024-08-15,國泰金,0.0657,-0.0581,0.0095,0.0306,0.5641,1
2024-08-15,台積電,0.0525,-0.1062,0.0061,0.0418,0.3243,1
2024-08-15,台達電,0.0849,-0.0085,0.0392,0.0409,0.5158,1
2024-08-15,中華電,0.0123,0.0293,0.0117,0.0061,0.7363,1
2024-08-15,鴻海,0.107,-0.1502,-0.033,0.041,0.6682,1
2024-08-15,聯發科,0.0359,-0.1413,-0.0264,0.0436,0.364,1
2024-08-15,廣達,0.1312,-0.1581,-0.0017,0.0454,0.4626,1
2024-08-15,富邦金,0.071,-0.0017,0.0373,0.0289,0.6204,1
2024-08-16,中華電,0.0164,0.0377,0.0181,0.0063,0.8899,0
2024-08-16,鴻海,0.092,-0.1321,-0.0096,0.0413,0.5807,1
2024-08-16,廣達,0.114,-0.1131,0.0307,0.0458,0.794,0
2024-08-16,台積電,0.0375,-0.0592,0.0373,0.0422,0.7398,1
2024-08-16,台達電,0.0606,0.0,0.0443,0.0409,0.6131,0
2024-08-16,富邦金,0.0744,0.0444,0.0745,0.03,1.8048,0
2024-08-16,聯發科,0.0933,-0.0717,0.041,0.0464,0.8225,1
2024-08-16,國泰金,0.0413,-0.0352,0.0344,0.0311,1.1715,0
2024-08-19,聯發科,0.0681,-0.0195,0.0633,0.046,0.7073,0
2024-08-19,廣達,0.0412,-0.0671,0.0327,0.0445,0.4218,1
2024-08-19,中華電,0.0165,0.0249,0.0127,0.0062,0.4335,0
2024-08-19,鴻海,0.0625,-0.0833,0.0112,0.0409,0.4735,0
2024-08-19,國泰金,0.0213,-0.0296,0.0245,0.031,0.5711,0
2024-08-19,富邦金,0.0369,0.0297,0.045,0.0306,1.0102,0
2024-08-19,台達電,0.0138,0.0075,0.0274,0.0407,0.4772,0
2024-08-19,台積電,0.0351,-0.0318,0.0433,0.0419,0.3777,0
2024-08-20,富邦金,0.0149,0.0314,0.0294,0.0305,0.7901,1
2024-08-20,中華電,0.0123,0.0207,0.0117,0.0062,0.5107,0
2024-08-20,台達電,0.0075,0.0088,0.0218,0.0407,0.4096,0
2024-08-20,廣達,0.0657,-0.0438,0.0575,0.0448,0.7655,0
2024-08-20,鴻海,0.0304,-0.0858,0.0133,0.0409,0.6702,0
2024-08-20,國泰金,0.0065,-0.0144,0.0154,0.0306,0.7485,1
2024-08-20,聯發科,0.0776,-0.0079,0.0595,0.0459,0.5244,0
2024-08-20,台積電,0.034,0.0031,0.0432,0.0411,0.4527,0
2024-08-21,聯發科,0.0295,-0.0041,0.0343,0.0458,0.559,1
2024-08-21,中華電,0.0082,0.0249,0.0104,0.0061,0.6848,1
2024-08-21,台達電,-0.022,0.071,0.0121,0.0378,0.8607,1
2024-08-21,台積電,0.0105,0.0202,0.026,0.0406,0.59,0
2024-08-21,富邦金,-0.0011,0.0799,0.0301,0.0288,0.4508,0
2024-08-21,國泰金,0.0,0.0317,0.0171,0.029,0.5867,0
2024-08-21,鴻海,-0.0108,-0.0468,-0.0005,0.0391,0.6168,0
2024-08-21,廣達,0.0406,-0.0208,0.0513,0.0443,0.5737,0
2024-08-22,鴻海,-0.0083,-0.1092,-0.0164,0.0376,0.6253,1
2024-08-22,國泰金,-0.0032,-0.0016,0.009,0.0285,0.5008,1
2024-08-22,台積電,0.0085,-0.0286,0.0201,0.0395,0.494,0
2024-08-22,台達電,-0.0171,0.0321,0.0155,0.0367,0.3375,0
2024-08-22,富邦金,-0.0101,0.0304,0.0159,0.0281,0.7119,1
2024-08-22,聯發科,0.0649,-0.0353,0.0448,0.0448,0.3836,0
2024-08-22,中華電,0.0081,0.0206,0.0135,0.0059,0.6427,0
2024-08-22,廣達,0.0166,-0.0707,0.0329,0.0439,0.4569,0
2024-08-23,聯發科,-0.0041,-0.0161,0.0414,0.0445,0.5571,0
2024-08-23,國泰金,-0.0238,0.0,0.0106,0.0285,0.3718,1
2024-08-23,富邦金,-0.0368,0.0483,0.0239,0.0281,0.4768,1
2024-08-23,台積電,-0.0206,0.0271,0.0165,0.0372,0.5925,1
2024-08-23,廣達,-0.009,0.0036,0.0327,0.0406,0.5677,0
2024-08-23,台達電,-0.0219,0.0361,0.0137,0.0367,0.3702,0
2024-08-23,鴻海,-0.0217,-0.0625,-0.0104,0.0363,0.4349,1
2024-08-23,中華電,0.0,0.0122,0.0129,0.0057,0.7466,0
2024-08-26,廣達,-0.0108,0.0185,0.028,0.0404,0.4453,1
2024-08-26,鴻海,-0.0267,-0.057,0.0036,0.0364,0.3769,0
2024-08-26,國泰金,0.0257,0.0191,0.049,0.0295,1.5566,0
2024-08-26,台積電,-0.0236,0.0064,0.0173,0.037,0.5473,0
2024-08-26,聯發科,-0.0319,-0.0202,0.034,0.0446,0.4926,0
2024-08-26,台達電,-0.0235,-0.0025,-0.0038,0.0367,0.5258,1
2024-08-26,中華電,0.004,0.0206,0.0118,0.0053,0.5964,1
2024-08-26,富邦金,0.0211,0.0539,0.0544,0.0283,1.3453,1
2024-08-27,國泰金,0.0227,0.0227,0.0347,0.0294,0.8151,1
2024-08-27,台積電,-0.0319,0.0021,0.0086,0.037,0.4189,1
2024-08-27,廣達,-0.0299,0.0185,0.0289,0.0404,0.5148,1
2024-08-27,中華電,0.0081,0.0289,0.0145,0.0052,0.6651,0
2024-08-27,聯發科,-0.032,-0.0359,0.0317,0.0445,0.5182,0
2024-08-27,鴻海,-0.0322,-0.0791,-0.0004,0.0362,0.2521,1
2024-08-27,台達電,-0.0062,0.0,0.0088,0.0367,0.2624,1
2024-08-27,富邦金,0.0383,0.0659,0.0544,0.0282,0.8261,0
2024-08-28,聯發科,-0.0164,-0.0164,0.0241,0.0441,0.6278,1
2024-08-28,國泰金,0.0258,0.0176,0.0403,0.0294,0.4517,0
2024-08-28,中華電,0.004,0.0206,0.0094,0.0053,0.7349,0
2024-08-28,廣達,-0.0124,0.022,0.039,0.0404,0.5059,0
2024-08-28,富邦金,0.0314,0.0431,0.0498,0.028,0.4873,0
2024-08-28,鴻海,0.0109,-0.0631,0.0308,0.0367,0.5444,0
2024-08-28,台達電,0.0013,-0.0338,0.0119,0.0357,0.2813,0
2024-08-28,台積電,0.0063,0.0321,0.0305,0.0373,0.7029,0
2024-08-29,中華電,-0.004,0.0165,0.0045,0.0054,0.5678,1
2024-08-29,國泰金,0.0277,0.0048,0.0335,0.0294,0.4893,1
2024-08-29,廣達,-0.0145,-0.0588,0.018,0.0383,0.7395,0
2024-08-29,台積電,-0.0084,-0.0177,0.009,0.0371,0.9895,1
2024-08-29,富邦金,0.0363,0.0351,0.04,0.0281,0.5622,1
2024-08-29,聯發科,0.0163,0.0593,0.0636,0.0443,0.7707,0
2024-08-29,台達電,-0.0112,-0.0625,0.0077,0.0353,0.375,1
2024-08-29,鴻海,0.0279,-0.0889,0.0304,0.0363,0.5281,0
2024-08-30,台達電,-0.0062,0.0244,0.0115,0.0302,0.9789,0
2024-08-30,國泰金,0.0325,0.0359,0.0382,0.0288,1.0421,1
2024-08-30,富邦金,0.0326,0.0575,0.0438,0.0278,1.2173,1
2024-08-30,鴻海,0.025,-0.0107,0.031,0.0317,0.4934,0
2024-08-30,聯發科,0.0122,0.1376,0.0484,0.0402,0.8784,0
2024-08-30,廣達,-0.029,0.0075,0.0026,0.0339,0.7177,0
2024-08-30,台積電,-0.0053,0.0454,0.0078,0.0344,1.4716,1
2024-08-30,中華電,0.0,0.0081,0.0081,0.0047,0.9768,0
2024-09-02,廣達,-0.0291,0.1148,-0.0062,0.0244,0.4291,1
2024-09-02,聯發科,0.0082,0.2361,0.0255,0.0334,0.5618,0
2024-09-02,中華電,0.0,0.0206,0.0071,0.0037,0.3653,0
2024-09-02,鴻海,0.0055,0.0893,0.0184,0.0216,0.3825,1
2024-09-02,台積電,-0.0021,0.1632,0.005,0.0251,0.5025,0
2024-09-02,富邦金,0.0229,0.1899,0.0587,0.0171,1.4079,0
2024-09-02,台達電,-0.0013,0.1239,-0.0066,0.019,0.7506,0
2024-09-02,國泰金,0.0125,0.1637,0.05,0.0184,1.1708,0
2024-09-03,鴻海,0.0249,0.1045,0.0245,0.0216,0.6293,0
2024-09-03,富邦金,0.0163,0.1611,0.0476,0.0171,0.6311,0
2024-09-03,國泰金,0.0095,0.1355,0.0274,0.0191,0.6417,0
2024-09-03,聯發科,0.0083,0.1349,0.0152,0.0287,0.6826,0
2024-09-03,廣達,-0.0127,0.1012,0.0077,0.0238,0.7233,0
2024-09-03,中華電,-0.004,0.0164,0.0063,0.0036,0.6881,0
2024-09-03,台積電,-0.0021,0.0682,-0.0067,0.0188,0.5935,0
2024-09-03,台達電,-0.0188,0.0523,-0.0141,0.0136,0.7537,0
2024-09-04,富邦金,-0.0163,0.0956,0.0074,0.019,1.6309,1
2024-09-04,鴻海,-0.0323,0.0528,-0.0084,0.0227,1.5961,0
2024-09-04,廣達,-0.1023,0.0,-0.0738,0.0305,1.6525,0
2024-09-04,中華電,-0.0161,0.0041,-0.0101,0.0052,1.5805,1
2024-09-04,聯發科,-0.0542,-0.013,-0.055,0.0295,1.9479,0
2024-09-04,台積電,-0.0778,-0.0337,-0.059,0.0202,2.3467,1
2024-09-04,國泰金,-0.0299,0.0512,-0.0088,0.0188,1.4408,1
2024-09-04,台達電,-0.0712,-0.0198,-0.0647,0.0179,1.6035,0
2024-09-05,富邦金,0.011,0.1107,0.0222,0.0193,1.1168,1
2024-09-05,聯發科,-0.112,-0.0045,-0.0756,0.0291,1.8028,1
2024-09-05,台積電,-0.0435,0.0067,-0.0456,0.0196,0.9087,1
2024-09-05,中華電,-0.004,0.0123,-0.0026,0.0055,0.6017,1
2024-09-05,廣達,-0.0919,0.0292,-0.0861,0.0292,0.8336,1
2024-09-05,國泰金,-0.0111,0.0796,0.0003,0.0185,1.1852,1
2024-09-05,鴻海,-0.0515,0.0703,-0.0363,0.0213,1.026,1
2024-09-05,台達電,-0.0717,-0.0212,-0.0713,0.0179,1.0291,1
2024-09-06,台積電,-0.0275,-0.0171,-0.0278,0.0175,0.7566,0
2024-09-06,廣達,-0.0429,0.026,-0.0521,0.0289,1.211,0
2024-09-06,國泰金,0.0,0.0496,0.0155,0.016,1.0027,0
2024-09-06,富邦金,0.0065,0.0756,0.0207,0.018,0.7161,0
2024-09-06,聯發科,-0.0766,0.0178,-0.0472,0.0299,1.0355,0
2024-09-06,中華電,0.0,0.0164,0.0047,0.0057,0.7096,0
2024-09-06,鴻海,-0.0434,0.0475,-0.0302,0.0204,0.5601,0
2024-09-06,台達電,-0.0601,-0.031,-0.0535,0.0172,1.0359,0
2024-09-09,廣達,-0.0637,-0.0637,-0.0732,0.0249,1.4386,0
2024-09-09,聯發科,-0.098,-0.0596,-0.0778,0.0291,1.4121,1
2024-09-09,富邦金,-0.0394,0.0403,-0.0055,0.019,1.573,1
2024-09-09,鴻海,-0.0601,-0.0227,-0.0539,0.0188,1.0091,0
2024-09-09,中華電,-0.004,0.0165,-0.0002,0.0057,0.7302,1
2024-09-09,台達電,-0.0811,-0.0915,-0.082,0.0171,1.3298,1
2024-09-09,台積電,-0.0517,-0.0436,-0.0459,0.018,1.1143,1
2024-09-09,國泰金,-0.034,0.0246,-0.0017,0.0164,1.2063,1
2024-09-10,台積電,-0.0383,-0.0393,-0.0387,0.0181,1.0278,0
2024-09-10,鴻海,-0.0865,-0.0663,-0.0673,0.0178,1.378,1
2024-09-10,廣達,-0.1195,-0.1013,-0.1077,0.0264,2.3176,1
2024-09-10,聯發科,-0.0738,-0.0259,-0.0558,0.0295,1.0843,0
2024-09-10,台達電,-0.0599,-0.0763,-0.062,0.0178,1.0427,0
2024-09-10,富邦金,-0.0318,0.0368,-0.0026,0.0189,1.0311,0
2024-09-10,中華電,0.0,0.0164,0.003,0.0057,0.6413,0
2024-09-10,國泰金,-0.0173,0.0212,-0.0011,0.0164,0.7644,0
2024-09-11,廣達,-0.032,-0.107,-0.0935,0.0262,0.7238,1
2024-09-11,鴻海,-0.0557,-0.0863,-0.0604,0.0166,0.47,1
2024-09-11,台積電,0.0135,-0.0496,-0.0394,0.0179,0.5696,1
2024-09-11,台達電,-0.0202,-0.1088,-0.0681,0.0166,1.2091,1
2024-09-11,聯發科,-0.022,-0.0633,-0.0696,0.0293,0.7844,1
2024-09-11,富邦金,-0.008,0.0053,-0.0132,0.0186,0.7959,1
2024-09-11,國泰金,0.0146,0.0097,-0.0032,0.0163,0.7799,1
2024-09-11,中華電,0.0123,0.0082,-0.0014,0.0057,0.7721,1
2024-09-12,國泰金,0.008,0.0211,0.0022,0.0163,0.8304,1
2024-09-12,聯發科,0.0405,0.0,-0.0319,0.0303,0.8366,0
2024-09-12,中華電,0.0122,0.0122,0.0061,0.0059,0.6852,0
2024-09-12,鴻海,0.0143,-0.0193,-0.0151,0.0195,0.8694,0
2024-09-12,富邦金,-0.0239,0.0122,-0.0104,0.0186,0.6835,1
2024-09-12,台達電,0.0542,-0.0489,-0.0029,0.0233,1.2636,0
2024-09-12,台積電,0.0468,0.0013,0.0065,0.0211,1.2083,1
2024-09-12,廣達,0.0243,-0.0681,-0.049,0.0285,1.6127,1
2024-09-13,聯發科,-0.0175,-0.0854,-0.0528,0.0267,0.6889,1
2024-09-13,台達電,0.0253,-0.0633,-0.0099,0.0233,0.6816,1
2024-09-13,鴻海,-0.0028,-0.0435,-0.0213,0.0191,0.5993,1
2024-09-13,台積電,0.0362,-0.0183,0.015,0.0202,0.7992,0
2024-09-13,富邦金,-0.0158,-0.0148,0.0008,0.0166,0.5255,1
2024-09-13,國泰金,-0.0047,0.0032,0.0068,0.0155,0.6768,0
2024-09-13,中華電,0.004,0.004,0.0059,0.0056,0.3069,1
2024-09-13,廣達,-0.0078,-0.0862,-0.039,0.0278,0.7759,0
2024-09-16,台達電,0.0634,-0.047,-0.0062,0.0231,0.5413,0
2024-09-16,廣達,0.016,-0.0863,-0.0365,0.0278,0.5625,0
2024-09-16,中華電,0.0121,0.0121,0.0093,0.0056,0.7601,0
2024-09-16,聯發科,0.0226,-0.0996,-0.0436,0.0262,0.7508,0
2024-09-16,國泰金,0.0096,0.0128,0.0045,0.0153,0.4133,1
2024-09-16,鴻海,0.0523,-0.0321,0.0082,0.0199,0.9238,0
2024-09-16,台積電,0.0581,-0.0224,0.0162,0.0202,0.4349,0
2024-09-16,富邦金,0.0093,0.0127,0.0013,0.0155,0.4669,1
2024-09-18,台達電,0.0298,-0.0559,-0.0175,0.0232,0.9717,1
2024-09-18,鴻海,0.0296,-0.067,-0.0274,0.0216,1.3193,1
2024-09-18,聯發科,-0.0221,-0.116,-0.059,0.0265,1.4007,1
2024-09-18,台積電,0.0456,-0.0286,0.0112,0.0202,0.9009,1
2024-09-18,廣達,0.0438,-0.1197,-0.0455,0.0272,0.5849,1
2024-09-18,國泰金,0.0096,0.0243,0.0049,0.0151,0.5956,1
2024-09-18,中華電,0.0081,0.0121,0.0087,0.0056,0.8018,0
2024-09-18,富邦金,0.0081,0.0299,0.0033,0.0151,0.956,1
2024-09-19,聯發科,0.009,-0.082,-0.0421,0.0264,1.4886,1
2024-09-19,國泰金,0.0368,0.0468,0.028,0.016,1.5185,0
2024-09-19,富邦金,0.0444,0.0512,0.0261,0.016,1.1759,1
2024-09-19,鴻海,0.0413,-0.0381,-0.0115,0.0217,0.7335,1
2024-09-19,台達電,0.0741,-0.0212,0.0133,0.0243,1.1025,0
2024-09-19,廣達,0.0455,-0.1028,-0.0287,0.0275,0.6698,0
2024-09-19,台積電,0.0702,0.0066,0.0313,0.0205,1.0328,1
2024-09-19,中華電,0.0121,0.0121,0.0081,0.0056,0.8129,1
2024-09-20,鴻海,-0.0028,-0.0139,-0.008,0.0212,1.4309,1
2024-09-20,中華電,0.012,0.0161,0.0153,0.0058,2.3579,1
2024-09-20,富邦金,0.0583,0.0822,0.0392,0.0159,1.6814,1
2024-09-20,台達電,-0.0051,-0.0373,0.0036,0.0244,1.3483,1
2024-09-20,國泰金,0.0286,0.0537,0.0237,0.0159,1.6837,1
2024-09-20,台積電,0.0351,0.0277,0.0438,0.0206,1.7956,1
2024-09-20,聯發科,-0.026,-0.0854,-0.0335,0.0264,1.6135,1
2024-09-20,廣達,-0.002,-0.0851,-0.0262,0.0273,1.0485,1
2024-09-23,國泰金,0.0348,0.0634,0.0316,0.016,0.8821,1
2024-09-23,台積電,0.0317,0.0341,0.0463,0.0206,0.4415,1
2024-09-23,台達電,0.0143,-0.0286,0.0142,0.0245,0.7386,1
2024-09-23,鴻海,0.0227,0.0,0.0088,0.0216,0.5447,1
2024-09-23,聯發科,0.0178,-0.0653,-0.0129,0.0268,0.8147,1
2024-09-23,中華電,0.0161,0.0202,0.0183,0.0058,1.0253,0
2024-09-23,廣達,0.0098,-0.0688,-0.0052,0.0277,0.4716,0
2024-09-23,富邦金,0.06,0.0842,0.0475,0.0159,1.1757,1
2024-09-24,中華電,0.012,0.0202,0.0173,0.0058,1.0054,0
2024-09-24,台達電,0.0298,0.0051,0.0308,0.0245,0.5771,1
2024-09-24,台積電,0.0422,0.0436,0.0547,0.0207,0.8137,1
2024-09-24,廣達,0.0098,-0.0673,-0.0036,0.0277,0.7999,1
2024-09-24,國泰金,0.0507,0.0376,0.0438,0.0138,1.7842,1
2024-09-24,聯發科,0.0575,-0.0165,0.0311,0.0287,1.2079,1
2024-09-24,富邦金,0.0668,0.058,0.0524,0.0145,0.9182,1
2024-09-24,鴻海,0.011,0.0055,0.0254,0.0217,0.9996,1
2024-09-25,鴻海,0.0833,0.0443,0.0538,0.0226,1.9118,1
2024-09-25,廣達,0.09,-0.0109,0.0592,0.0313,1.9531,1
2024-09-25,台達電,0.0474,-0.005,0.0337,0.0244,1.2387,0
2024-09-25,聯發科,0.1086,0.0124,0.0563,0.0293,1.8087,1
2024-09-25,中華電,0.012,0.0161,0.0165,0.0058,1.3417,1
2024-09-25,富邦金,0.0712,0.0625,0.0571,0.0145,1.1867,0
2024-09-25,台積電,0.068,0.0716,0.0701,0.0208,1.1605,1
2024-09-25,國泰金,0.0617,0.0634,0.0531,0.0136,1.2967,1
2024-09-26,台達電,0.0115,-0.0112,0.0291,0.0244,1.0293,1
2024-09-26,台積電,0.0573,0.0576,0.0775,0.0203,1.1166,0
2024-09-26,聯發科,0.1339,0.0583,0.0918,0.0302,1.5037,0
2024-09-26,國泰金,0.054,0.0756,0.0679,0.014,1.6867,0
2024-09-26,中華電,0.016,0.0242,0.0193,0.0057,1.0574,0
2024-09-26,富邦金,0.0414,0.0614,0.0505,0.0146,0.6784,0
2024-09-26,廣達,0.0889,-0.0108,0.0715,0.0313,1.0998,1
2024-09-26,鴻海,0.0737,0.0216,0.0582,0.0218,1.0583,1
2024-09-27,台積電,0.0277,0.0652,0.0582,0.02,1.0546,0
2024-09-27,國泰金,0.0433,0.0697,0.0518,0.0142,1.3288,0
2024-09-27,聯發科,0.12,0.008,0.0827,0.0289,1.3912,0
2024-09-27,鴻海,0.0791,0.0352,0.0647,0.0218,1.0829,0
2024-09-27,台達電,0.0336,0.0063,0.0392,0.0244,1.1152,0
2024-09-27,富邦金,0.0055,0.05,0.0287,0.0152,1.001,0
2024-09-27,中華電,0.004,0.0243,0.014,0.0057,0.8096,0
2024-09-27,廣達,0.097,0.0184,0.0763,0.0309,1.1618,0
2024-09-30,台積電,-0.0205,0.0183,0.0118,0.0225,1.8215,1
2024-09-30,鴻海,0.0417,0.0163,0.0443,0.0223,0.9871,0
2024-09-30,台達電,-0.0256,-0.0476,-0.0091,0.0268,1.1382,1
2024-09-30,聯發科,0.0262,-0.0524,0.0125,0.0327,1.2902,1
2024-09-30,中華電,-0.0079,0.0121,0.0054,0.006,1.1839,1
2024-09-30,國泰金,0.0168,0.0472,0.0338,0.0148,1.0859,1
2024-09-30,富邦金,-0.0163,0.0329,0.017,0.0154,1.0611,1
2024-09-30,廣達,0.0272,-0.0149,0.0265,0.0325,1.1411,1
2024-10-01,廣達,0.0448,0.0037,0.0419,0.0327,0.5291,0
2024-10-01,中華電,-0.004,0.0161,0.0086,0.0061,0.8354,0
2024-10-01,聯發科,0.0126,-0.0122,0.0433,0.0333,0.894,1
2024-10-01,鴻海,0.0219,0.0219,0.0403,0.0222,0.5382,1
2024-10-01,台達電,-0.0315,-0.0253,0.0027,0.0268,0.8044,0
2024-10-01,富邦金,-0.0205,0.0131,0.0197,0.0146,0.7254,0
2024-10-01,國泰金,0.006,0.0309,0.0353,0.0142,0.4561,0
2024-10-01,台積電,-0.0152,0.0299,0.0261,0.0227,0.7819,1
2024-10-04,鴻海,0.0292,0.0486,0.0766,0.0235,1.7395,1
2024-10-04,聯發科,0.0041,0.0082,0.0601,0.0335,1.0099,1
2024-10-04,廣達,-0.0385,-0.0368,0.0205,0.0328,1.1055,1
2024-10-04,台達電,-0.0804,-0.0675,-0.0423,0.0288,2.1241,1
2024-10-04,富邦金,-0.0343,0.0097,0.0124,0.0146,0.6985,1
2024-10-04,台積電,-0.0279,0.044,0.0291,0.0226,1.1598,1
2024-10-04,中華電,-0.0158,0.004,-0.0036,0.0067,1.3941,0
2024-10-04,國泰金,-0.0164,0.0361,0.0226,0.014,0.9109,1
2024-10-07,富邦金,-0.0204,0.057,0.0208,0.0123,0.6782,1
2024-10-07,台積電,-0.0099,0.1355,0.052,0.019,1.1914,1
2024-10-07,廣達,-0.029,0.07,0.0384,0.0272,0.7689,0
2024-10-07,國泰金,-0.0044,0.1039,0.0484,0.0128,1.1033,0
2024-10-07,中華電,-0.0236,0.0164,-0.0084,0.0056,1.4017,0
2024-10-07,聯發科,-0.0157,0.1013,0.072,0.0292,1.3075,0
2024-10-07,鴻海,0.0422,0.1003,0.0906,0.0225,1.3154,0
2024-10-07,台達電,-0.0593,0.0013,-0.0253,0.0267,1.9335,1
2024-10-08,國泰金,0.003,0.0849,0.0395,0.0128,0.9548,1
2024-10-08,台達電,-0.045,0.0352,-0.0022,0.0272,1.2566,0
2024-10-08,中華電,-0.0316,-0.0041,-0.0202,0.006,2.1613,0
2024-10-08,廣達,-0.0415,0.0749,0.027,0.0271,0.512,1
2024-10-08,富邦金,0.0011,0.0398,0.0222,0.0116,0.7841,0
2024-10-08,台積電,0.01,0.1247,0.051,0.0189,0.926,1
2024-10-08,鴻海,0.0157,0.1086,0.0656,0.022,0.8626,1
2024-10-08,聯發科,-0.0278,0.1036,0.0454,0.0291,0.657,1
2024-10-09,廣達,0.036,0.0663,0.0545,0.0266,1.3616,1
2024-10-09,台積電,0.0658,0.1161,0.0556,0.0187,1.3641,1
2024-10-09,聯發科,0.0596,0.0873,0.058,0.0286,0.8351,1
2024-10-09,台達電,0.0026,0.016,-0.0042,0.0269,1.1392,0
2024-10-09,中華電,-0.0239,-0.0121,-0.0196,0.0057,0.8227,0
2024-10-09,鴻海,0.0613,0.1275,0.0864,0.0225,1.2857,1
2024-10-09,富邦金,0.0022,0.0284,0.0118,0.0119,0.6948,1
2024-10-09,國泰金,0.0195,0.0677,0.0376,0.0124,0.6738,1
2024-10-11,中華電,-0.0278,-0.0081,-0.0192,0.0056,0.7652,0
2024-10-11,廣達,0.0522,0.128,0.0806,0.0264,1.4918,1
2024-10-11,聯發科,0.0744,0.1765,0.0957,0.0283,1.4583,0
2024-10-11,鴻海,0.0695,0.1628,0.0836,0.0212,1.0793,0
2024-10-11,富邦金,0.0,0.0547,0.0103,0.0103,0.4371,0
2024-10-11,國泰金,0.0195,0.088,0.0363,0.0116,0.8566,0
2024-10-11,台積電,0.0751,0.1676,0.0732,0.0181,1.2375,0
2024-10-11,台達電,-0.0117,0.0483,-0.0104,0.0256,0.7252,1
2024-10-14,台達電,0.0587,0.0501,0.0067,0.0257,0.8199,1
2024-10-14,富邦金,0.0044,0.0475,0.0058,0.0103,0.4084,1
2024-10-14,鴻海,0.0258,0.1775,0.0695,0.0206,0.583,1
2024-10-14,國泰金,0.0258,0.0815,0.0278,0.0117,0.4242,1
2024-10-14,聯發科,0.0488,0.1416,0.0799,0.0284,0.5971,1
2024-10-14,中華電,-0.0161,-0.0121,-0.0186,0.0055,0.8469,1
2024-10-14,廣達,0.0821,0.1837,0.0772,0.0238,0.7337,1
2024-10-14,台積電,0.0696,0.1611,0.0652,0.0182,1.0542,1
2024-10-15,鴻海,0.0481,0.2212,0.1014,0.0217,1.8861,0
2024-10-15,富邦金,0.0088,0.0749,0.0177,0.0103,0.9414,0
2024-10-15,台達電,0.0698,0.0933,0.0307,0.026,1.4157,0
2024-10-15,中華電,-0.004,0.0,-0.0106,0.0058,1.3005,0
2024-10-15,廣達,0.1047,0.2211,0.1115,0.025,1.9784,0
2024-10-15,國泰金,0.0118,0.1008,0.0395,0.012,1.137,0
2024-10-15,聯發科,0.04,0.1712,0.0797,0.0278,0.8709,0
2024-10-15,台積電,0.0647,0.1929,0.0812,0.0183,1.1836,0
2024-10-16,富邦金,-0.012,0.0524,-0.0025,0.0113,1.1652,1
2024-10-16,台達電,0.0183,0.0,0.0061,0.0222,1.1515,1
2024-10-16,國泰金,0.0015,0.0779,0.0206,0.0127,0.8554,1
2024-10-16,中華電,0.0,-0.0161,-0.0178,0.0058,1.261,0
2024-10-16,鴻海,0.0567,0.1549,0.0828,0.0203,1.3892,1
2024-10-16,廣達,0.1111,0.166,0.101,0.0237,1.2268,1
2024-10-16,聯發科,0.0408,0.1039,0.0537,0.0273,0.9367,0
2024-10-16,台積電,0.0347,0.1117,0.0504,0.0172,1.4283,0
2024-10-17,廣達,0.0987,0.1807,0.1119,0.0238,1.0524,1
2024-10-17,富邦金,0.011,0.0565,0.0091,0.0115,0.6749,1
2024-10-17,鴻海,0.0477,0.1847,0.0919,0.0201,0.9206,0
2024-10-17,台積電,0.0147,0.0929,0.0357,0.0176,1.4143,1
2024-10-17,聯發科,0.0241,0.1333,0.0472,0.0263,0.5971,1
2024-10-17,中華電,0.0,-0.0161,-0.0171,0.0058,1.1915,1
2024-10-17,國泰金,0.0118,0.0854,0.0285,0.0128,0.549,1
2024-10-17,台達電,0.0275,0.0182,0.013,0.0222,0.8184,1
2024-10-18,國泰金,0.0265,0.1062,0.0412,0.0131,1.573,0
2024-10-18,中華電,0.0122,-0.008,-0.0046,0.0064,1.044,0
2024-10-18,富邦金,0.0276,0.0737,0.0232,0.0119,1.9125,0
2024-10-18,台積電,0.0383,0.1457,0.0783,0.02,2.0302,0
2024-10-18,鴻海,0.0375,0.1464,0.0792,0.0197,1.3846,1
2024-10-18,台達電,0.0579,0.0428,0.0366,0.0228,1.4831,0
2024-10-18,廣達,0.0887,0.2087,0.125,0.0238,2.1106,1
2024-10-18,聯發科,0.0038,0.1549,0.0642,0.0266,1.1623,1
2024-10-21,廣達,0.0899,0.236,0.1202,0.0231,0.7662,1
2024-10-21,國泰金,0.0089,0.0807,0.015,0.0144,1.3655,1
2024-10-21,台積電,0.0383,0.153,0.0707,0.0199,0.8631,0
2024-10-21,鴻海,0.0553,0.2069,0.0821,0.0166,0.813,1
2024-10-21,台達電,0.0323,0.0526,0.0288,0.0226,0.5904,1
2024-10-21,中華電,0.0,-0.02,-0.0157,0.0069,0.9482,1
2024-10-21,聯發科,0.031,0.2036,0.0747,0.0258,0.8868,0
2024-10-21,富邦金,0.0044,0.0436,-0.0042,0.0135,1.3848,1
2024-10-22,聯發科,0.0077,0.1696,0.0505,0.0263,0.743,0
2024-10-22,富邦金,0.0152,0.0448,0.0199,0.0136,1.3984,0
2024-10-22,鴻海,0.0411,0.221,0.0993,0.0169,1.1803,1
2024-10-22,台積電,0.0047,0.1198,0.0548,0.02,0.9648,0
2024-10-22,台達電,0.0151,0.0332,0.0386,0.0217,0.7277,0
2024-10-22,國泰金,0.0073,0.0694,0.0264,0.0137,0.9506,0
2024-10-22,廣達,0.0795,0.2609,0.1428,0.0236,1.5272,0
2024-10-22,中華電,-0.004,-0.016,-0.0109,0.007,0.8621,0
2024-10-23,聯發科,0.0196,0.1556,0.0352,0.0266,0.791,0
2024-10-23,國泰金,0.0206,0.0696,0.0216,0.0137,0.6507,0
2024-10-23,台積電,0.0144,0.0894,0.0357,0.0203,0.7615,0
2024-10-23,鴻海,0.0537,0.2203,0.091,0.017,0.6999,0
2024-10-23,廣達,0.0746,0.2554,0.1226,0.0237,0.7364,0
2024-10-23,中華電,-0.0041,-0.0317,-0.0173,0.0068,1.3518,0
2024-10-23,富邦金,0.0199,0.0143,0.0061,0.0136,0.5429,0
2024-10-23,台達電,0.0244,0.0297,0.0217,0.0218,0.4183,0
2024-10-24,富邦金,-0.0033,-0.0065,-0.0023,0.0134,0.5986,1
2024-10-24,中華電,-0.0041,-0.0356,-0.0155,0.0067,0.8277,0
2024-10-24,台積電,0.0242,0.085,0.0315,0.0204,0.9007,1
2024-10-24,鴻海,0.0144,0.175,0.0599,0.0182,1.042,1
2024-10-24,聯發科,-0.0039,0.1092,0.0063,0.0273,0.6554,1
2024-10-24,廣達,0.015,0.1868,0.071,0.0261,1.3016,1
2024-10-24,台達電,0.0038,0.0077,0.0085,0.022,0.6458,1
2024-10-24,國泰金,-0.0058,0.0428,0.0047,0.0142,0.6079,1
2024-10-25,聯發科,0.0077,0.1004,0.0371,0.0267,0.9981,1
2024-10-25,台達電,0.0,0.0126,0.0296,0.0222,0.7605,1
2024-10-25,台積電,-0.0184,0.079,0.0324,0.0203,0.5214,0
2024-10-25,中華電,-0.0161,-0.0356,-0.0137,0.0067,0.6207,1
2024-10-25,富邦金,-0.0107,-0.0043,0.0077,0.0135,0.3873,0
2024-10-25,鴻海,0.041,0.1803,0.0736,0.0184,0.6547,0
2024-10-25,廣達,0.0098,0.2086,0.0784,0.026,0.5328,0
2024-10-25,國泰金,-0.0115,0.0407,0.0145,0.0141,0.4688,1
2024-10-28,國泰金,0.0146,0.0328,0.0172,0.0139,0.9083,0
2024-10-28,台達電,0.0125,0.0176,0.0364,0.0223,1.0194,1
2024-10-28,台積電,-0.0323,0.0448,0.0157,0.0204,0.9501,0
2024-10-28,中華電,0.0,-0.0316,-0.0081,0.0069,0.6263,0
2024-10-28,聯發科,0.0038,0.0898,0.0483,0.0264,0.8209,0
2024-10-28,鴻海,0.0238,0.1406,0.0616,0.0178,1.2717,0
2024-10-28,廣達,0.0032,0.1376,0.0715,0.023,0.6652,0
2024-10-28,富邦金,0.011,-0.015,0.0052,0.0134,0.595,0
2024-10-29,鴻海,-0.0278,0.1055,0.0294,0.0193,1.1439,1
2024-10-29,台積電,-0.0326,0.0246,0.0048,0.0205,1.066,0
2024-10-29,中華電,-0.0041,-0.0354,-0.0063,0.0067,0.9302,0
2024-10-29,台達電,0.0037,0.0253,0.0376,0.0222,0.9677,0
2024-10-29,國泰金,-0.0115,0.0029,0.0054,0.0137,0.9119,1
2024-10-29,聯發科,-0.0076,0.0236,0.0196,0.0262,0.8412,0
2024-10-29,廣達,-0.0502,0.0998,0.0423,0.0238,0.819,1
2024-10-29,富邦金,-0.0182,-0.0151,0.0027,0.0134,0.8097,0
2024-10-30,聯發科,-0.0077,0.0238,0.0106,0.0262,0.8803,0
2024-10-30,富邦金,-0.0141,-0.0055,-0.0058,0.0129,0.748,0
2024-10-30,中華電,0.0,-0.0356,-0.0085,0.0067,0.8062,0
2024-10-30,台積電,-0.0283,0.03,-0.0063,0.0203,0.8941,0
2024-10-30,廣達,-0.0426,0.0957,0.0393,0.0239,0.5891,1
2024-10-30,國泰金,-0.0043,0.0207,0.0102,0.0134,0.6664,0
2024-10-30,鴻海,-0.0208,0.1073,0.034,0.0193,0.8979,0
2024-10-30,台達電,0.0138,0.01,0.032,0.0222,1.37,0
2024-11-01,台積電,-0.033,0.0711,-0.0144,0.0175,1.2858,1
2024-11-01,廣達,0.0,0.1553,0.0372,0.0205,0.797,1
2024-11-01,國泰金,0.0059,0.0316,0.0042,0.0129,1.1737,1
2024-11-01,富邦金,-0.0099,0.0,-0.0102,0.0127,1.643,1
2024-11-01,鴻海,-0.0165,0.1093,0.0118,0.0192,1.1535,1
2024-11-01,中華電,0.0,-0.0279,-0.0071,0.0066,1.109,1
2024-11-01,台達電,-0.0076,0.0263,-0.0038,0.0206,1.472,1
2024-11-01,聯發科,0.0157,0.0979,0.006,0.0206,1.2648,1
2024-11-04,鴻海,-0.0093,0.1444,0.0342,0.0197,0.7398,0
2024-11-04,台達電,-0.0174,0.0273,0.0064,0.0206,0.9558,1
2024-11-04,中華電,0.0041,-0.0278,-0.0016,0.0066,0.5004,1
2024-11-04,台積電,-0.0235,0.07,-0.0032,0.0175,0.6313,1
2024-11-04,富邦金,0.0011,0.0176,0.0097,0.0136,1.0831,0
2024-11-04,聯發科,-0.0152,0.0702,0.0066,0.0197,0.5714,0
2024-11-04,廣達,0.0113,0.1698,0.0579,0.021,0.8528,1
2024-11-04,國泰金,0.0087,0.0435,0.0167,0.0133,1.2131,1
2024-11-05,鴻海,-0.0047,0.1031,0.0292,0.0184,0.5849,0
2024-11-05,台積電,0.0,0.0747,0.0029,0.0175,0.7722,1
2024-11-05,中華電,0.0041,-0.012,0.0031,0.0062,0.6073,0
2024-11-05,聯發科,-0.0337,0.0488,0.0004,0.0195,0.6192,1
2024-11-05,廣達,0.0258,0.2137,0.063,0.0197,0.9247,1
2024-11-05,國泰金,0.0072,0.0576,0.0168,0.0129,0.562,0
2024-11-05,台達電,-0.016,0.0888,0.0111,0.017,0.6515,1
2024-11-05,富邦金,0.0044,0.0244,0.0085,0.0135,0.588,0
2024-11-06,鴻海,0.0191,0.081,0.0229,0.0182,0.9167,1
2024-11-06,台積電,0.0192,0.0547,0.0098,0.0166,1.2955,1
2024-11-06,聯發科,0.0038,0.044,0.0099,0.0194,0.6781,0
2024-11-06,台達電,-0.0074,0.0819,0.0186,0.0168,0.886,0
2024-11-06,富邦金,-0.0022,0.0033,-0.0015,0.0135,0.5007,1
2024-11-06,國泰金,0.0088,0.0162,0.0058,0.0115,0.5616,1
2024-11-06,廣達,0.0578,0.1981,0.062,0.0196,1.0844,1
2024-11-06,中華電,0.0,-0.0121,-0.0004,0.0062,0.7068,1
2024-11-07,鴻海,0.026,0.1186,0.0339,0.0177,1.0261,1
2024-11-07,聯發科,0.0116,0.0653,0.0068,0.0187,0.7673,0
2024-11-07,國泰金,0.0131,0.031,0.0145,0.0116,1.1682,0
2024-11-07,富邦金,0.0154,0.0088,0.0068,0.0136,0.9343,1
2024-11-07,台積電,0.034,0.0545,0.0119,0.0166,1.0137,1
2024-11-07,廣達,0.0725,0.226,0.0679,0.0192,0.985,1
2024-11-07,中華電,0.0082,0.0041,0.0035,0.0057,0.6164,0
2024-11-07,台達電,-0.0124,0.0445,0.0063,0.0163,0.7708,1
2024-11-08,廣達,0.0754,0.1993,0.0666,0.0186,1.1054,0
2024-11-08,國泰金,0.0131,0.0251,0.0089,0.0117,0.7086,0
2024-11-08,台達電,0.0243,0.0485,0.0065,0.0162,0.856,1
2024-11-08,鴻海,0.0481,0.0955,0.034,0.017,0.7434,1
2024-11-08,聯發科,-0.0078,0.0281,-0.0139,0.0191,0.7505,1
2024-11-08,中華電,0.0082,0.0041,0.0033,0.0057,1.0961,0
2024-11-08,台積電,0.0634,0.0686,0.0322,0.0171,0.865,0
2024-11-08,富邦金,0.0277,0.0254,0.0132,0.0135,0.7115,0
2024-11-11,廣達,0.0367,0.1525,0.0495,0.0183,0.8407,0
2024-11-11,中華電,0.0041,0.0041,0.0031,0.0057,0.5115,0
2024-11-11,台積電,0.0433,0.0383,0.0255,0.0165,0.8168,0
2024-11-11,富邦金,-0.0065,0.011,-0.0004,0.0139,0.7379,0
2024-11-11,鴻海,0.028,0.1,0.0386,0.0171,0.5807,0
2024-11-11,聯發科,0.0,-0.0038,-0.0021,0.0164,0.5449,0
2024-11-11,台達電,0.0152,0.0553,0.0063,0.0162,0.7801,0
2024-11-11,國泰金,-0.0129,0.0103,-0.0033,0.012,0.9817,0
2024-11-12,聯發科,-0.0194,-0.0194,-0.0243,0.0172,0.8077,0
2024-11-12,鴻海,0.0,0.0754,0.0067,0.0184,0.9315,1
2024-11-12,中華電,-0.0041,0.0,-0.001,0.0057,1.2652,1
2024-11-12,國泰金,-0.033,-0.003,-0.0205,0.0126,1.7758,0
2024-11-12,富邦金,-0.0065,0.0133,-0.0011,0.0138,1.2576,0
2024-11-12,台達電,-0.0038,0.0245,-0.0049,0.0159,1.5455,0
2024-11-12,廣達,-0.0157,0.1041,0.0059,0.0208,1.0437,1
2024-11-12,台積電,0.0,0.0048,-0.0078,0.0182,1.1834,0
2024-11-13,台積電,-0.0236,-0.0327,-0.0204,0.0176,0.9809,0
2024-11-13,聯發科,-0.0383,-0.0346,-0.0303,0.0171,0.7942,0
2024-11-13,鴻海,0.0047,0.0362,0.0073,0.0163,0.7952,0
2024-11-13,富邦金,-0.0044,-0.0098,-0.0082,0.0135,1.3519,0
2024-11-13,廣達,0.0047,0.0897,0.0305,0.0197,1.0951,0
2024-11-13,國泰金,-0.0333,-0.0291,-0.0293,0.0122,1.6027,0
2024-11-13,台達電,-0.0236,-0.0125,-0.013,0.0147,0.7904,0
2024-11-13,中華電,0.0082,0.0,0.0071,0.0057,1.2579,0
2024-11-14,富邦金,-0.0206,0.0,-0.0159,0.013,1.0605,1
2024-11-14,鴻海,-0.0253,0.0317,-0.0083,0.0165,1.046,0
2024-11-14,中華電,-0.0041,0.0,-0.001,0.0057,0.8532,0
2024-11-14,廣達,-0.0338,0.0661,0.0033,0.0207,0.9501,0
2024-11-14,聯發科,-0.0536,-0.0314,-0.0443,0.0169,0.8604,1
2024-11-14,台達電,-0.0251,0.0,-0.0243,0.0139,0.9037,0
2024-11-14,台積電,-0.0282,-0.0096,-0.0199,0.0168,1.0438,0
2024-11-14,國泰金,-0.0516,-0.0236,-0.0369,0.012,1.1343,1
2024-11-15,台達電,-0.035,-0.0153,-0.0311,0.0139,0.6622,1
2024-11-15,國泰金,-0.0374,-0.0248,-0.0255,0.0119,1.1993,1
2024-11-15,鴻海,-0.0505,-0.0072,-0.0291,0.0169,1.4274,0
2024-11-15,廣達,-0.0945,-0.0116,-0.052,0.0242,2.4913,0
2024-11-15,富邦金,-0.0205,-0.0066,-0.0079,0.0127,1.2797,0
2024-11-15,台積電,-0.0505,0.0,-0.0199,0.0167,0.8326,0
2024-11-15,聯發科,-0.0078,-0.0039,-0.017,0.0182,0.8572,0
2024-11-15,中華電,-0.0041,0.0,-0.001,0.0057,0.7649,0
2024-11-18,富邦金,-0.0207,-0.0365,-0.0192,0.0123,1.8841,1
2024-11-18,台達電,-0.0362,-0.0386,-0.028,0.0125,0.584,1
2024-11-18,鴻海,-0.0795,-0.0241,-0.0491,0.0175,0.8842,1
2024-11-18,廣達,-0.1062,-0.0537,-0.0703,0.024,1.0108,0
2024-11-18,聯發科,-0.0425,-0.0498,-0.0378,0.018,0.8201,1
2024-11-18,國泰金,-0.0247,-0.0401,-0.022,0.0111,0.8526,1
2024-11-18,中華電,-0.0041,-0.0121,-0.0004,0.005,0.6806,1
2024-11-18,台積電,-0.0553,-0.0553,-0.0266,0.0123,0.8132,1
2024-11-19,廣達,-0.0735,-0.0615,-0.069,0.024,1.0986,1
2024-11-19,中華電,0.0082,0.0082,0.0073,0.0046,0.804,0
2024-11-19,台積電,-0.0095,-0.0415,-0.0102,0.0129,0.6322,0
2024-11-19,富邦金,-0.0033,0.0055,-0.002,0.0118,1.7983,0
2024-11-19,鴻海,-0.0491,-0.031,-0.0429,0.0173,0.8743,1
2024-11-19,台達電,-0.0227,-0.03,-0.0227,0.0125,0.7008,0
2024-11-19,國泰金,0.003,-0.0088,-0.0114,0.0104,1.2997,0
2024-11-19,聯發科,0.0158,-0.0338,-0.0012,0.0195,0.9295,0
2024-11-20,鴻海,-0.0396,-0.0441,-0.029,0.0164,0.6784,0
2024-11-20,富邦金,-0.0055,-0.03,-0.0103,0.0103,1.7194,0
2024-11-20,國泰金,0.009,-0.0274,-0.0144,0.0098,1.1153,0
2024-11-20,聯發科,0.0159,-0.0267,-0.0076,0.0193,1.0659,0
2024-11-20,中華電,-0.0081,-0.0041,-0.0006,0.0048,0.9113,1
2024-11-20,台達電,-0.0178,-0.0445,-0.0243,0.0121,0.868,0
2024-11-20,台積電,-0.0097,-0.0465,-0.0222,0.0131,1.0451,0
2024-11-20,廣達,-0.0823,-0.0737,-0.0478,0.0231,0.8668,0
2024-11-21,廣達,-0.0652,-0.0726,-0.0491,0.0231,0.6617,1
2024-11-21,鴻海,-0.0426,-0.0625,-0.0424,0.0167,0.7524,1
2024-11-21,富邦金,-0.0111,-0.0304,-0.0219,0.0103,1.8134,0
2024-11-21,台積電,-0.0242,-0.0472,-0.0342,0.0131,1.0631,1
2024-11-21,國泰金,0.006,-0.0376,-0.0242,0.0101,1.2569,1
2024-11-21,台達電,-0.0206,-0.0439,-0.0361,0.0121,1.3246,1
2024-11-21,中華電,0.0041,0.0082,0.0031,0.0046,0.8101,0
2024-11-21,聯發科,0.0243,-0.0269,-0.014,0.0193,0.5766,1
2024-11-22,鴻海,-0.0193,-0.0402,-0.0381,0.0162,0.5854,1
2024-11-22,台達電,0.0207,0.0013,-0.0032,0.0143,0.8964,0
2024-11-22,富邦金,-0.0187,-0.0219,-0.0208,0.0102,1.2844,1
2024-11-22,台積電,0.0048,-0.0189,-0.0045,0.015,0.6574,0
2024-11-22,中華電,0.0041,0.0082,0.0026,0.0046,0.6773,1
2024-11-22,廣達,0.0,-0.0262,-0.0381,0.0218,0.7334,1
2024-11-22,國泰金,-0.0015,-0.0205,-0.0203,0.0097,0.8805,1
2024-11-22,聯發科,0.0315,0.0315,0.0195,0.0202,1.342,0
2024-11-25,鴻海,0.0395,-0.0255,-0.0013,0.0177,1.238,0
2024-11-25,中華電,0.0082,0.0123,0.0061,0.0046,2.2882,1
2024-11-25,富邦金,0.0078,-0.0184,-0.0067,0.0104,1.8349,0
2024-11-25,國泰金,0.0045,-0.0246,-0.0117,0.0094,1.8365,1
2024-11-25,台達電,0.0181,-0.0211,-0.0034,0.0134,1.2566,0
2024-11-25,聯發科,0.0323,-0.0266,-0.0025,0.0193,1.6208,0
2024-11-25,廣達,0.0293,-0.0355,-0.0299,0.0215,0.8342,0
2024-11-25,台積電,0.0049,-0.0329,-0.0125,0.015,1.2487,0
2024-11-26,台達電,-0.0013,-0.0432,-0.0164,0.0136,0.4711,0
2024-11-26,中華電,0.004,0.0122,0.0096,0.0046,0.7582,0
2024-11-26,聯發科,-0.0039,-0.0412,-0.0004,0.0189,0.7151,0
2024-11-26,台積電,-0.0288,-0.0381,-0.0298,0.0153,0.6994,0
2024-11-26,鴻海,-0.0049,-0.0581,-0.0364,0.0195,1.4311,0
2024-11-26,廣達,0.0241,-0.0419,-0.0344,0.0215,0.5415,0
2024-11-26,富邦金,-0.0142,-0.0196,-0.0102,0.0104,0.7884,0
2024-11-26,國泰金,-0.0044,-0.0274,-0.0089,0.0094,0.6071,0
2024-11-27,聯發科,-0.0196,-0.0385,-0.0219,0.0187,0.6716,1
2024-11-27,國泰金,-0.0134,-0.0292,-0.0207,0.0095,0.5107,0
2024-11-27,廣達,-0.0305,-0.0545,-0.066,0.0223,0.8297,1
2024-11-27,台積電,-0.0244,-0.0385,-0.0375,0.0153,0.8156,1
2024-11-27,富邦金,-0.0188,-0.0306,-0.0229,0.0109,0.9963,1
2024-11-27,中華電,0.0082,0.0082,0.0051,0.0047,1.0379,0
2024-11-27,鴻海,-0.0461,-0.0621,-0.0621,0.0198,1.4154,0
2024-11-27,台達電,-0.0013,-0.0493,-0.0177,0.0135,0.375,0
2024-11-28,國泰金,-0.0045,-0.0377,-0.0218,0.0093,0.5132,0
2024-11-28,中華電,0.0041,0.0123,0.0045,0.0046,0.7862,0
2024-11-28,廣達,-0.0204,-0.0511,-0.0587,0.0224,0.5621,1
2024-11-28,富邦金,-0.0045,-0.0209,-0.0208,0.0107,0.5152,0
2024-11-28,鴻海,-0.0346,-0.0757,-0.0632,0.0195,0.8812,0
2024-11-28,台達電,0.0079,-0.0495,-0.0203,0.0135,0.7318,0
2024-11-28,台積電,-0.005,-0.0243,-0.0316,0.0153,0.8838,0
2024-11-28,聯發科,-0.0079,-0.0271,-0.0167,0.0187,0.9768,0
2024-11-29,聯發科,-0.042,-0.0271,-0.0153,0.0187,1.0039,1
2024-11-29,廣達,-0.0202,-0.0459,-0.0468,0.0225,0.5191,1
2024-11-29,中華電,0.0,0.0082,0.0,0.0047,1.0423,0
2024-11-29,富邦金,-0.0146,-0.0265,-0.0294,0.0109,0.9624,1
2024-11-29,台達電,-0.033,-0.0243,-0.0268,0.0115,0.9683,1
2024-11-29,台積電,-0.0423,-0.0283,-0.0389,0.0154,1.072,1
2024-11-29,鴻海,-0.0369,-0.0601,-0.0604,0.0193,0.7737,1
2024-11-29,國泰金,-0.0165,-0.0423,-0.0285,0.0095,0.9642,1
2024-12-02,廣達,-0.0201,-0.0654,-0.037,0.0215,0.436,0
2024-12-02,中華電,-0.004,0.0041,-0.0002,0.0047,1.0098,1
2024-12-02,聯發科,0.0234,0.0116,0.0272,0.0212,1.0498,1
2024-12-02,台積電,0.0049,-0.0048,-0.001,0.0175,0.8285,1
2024-12-02,富邦金,-0.0099,-0.0293,-0.0103,0.0106,0.8488,1
2024-12-02,台達電,-0.0127,-0.0165,-0.0068,0.0121,0.4546,1
2024-12-02,鴻海,-0.0689,-0.0841,-0.0539,0.0179,0.7431,1
2024-12-02,國泰金,0.0045,-0.0287,0.001,0.0112,0.8602,1
2024-12-03,國泰金,0.0223,-0.0129,0.021,0.0121,1.2226,1
2024-12-03,富邦金,0.0089,-0.0152,0.0048,0.0112,0.7908,0
2024-12-03,鴻海,-0.0296,-0.0818,-0.0475,0.0179,0.8089,1
2024-12-03,台積電,0.0446,0.0048,0.018,0.0179,1.1373,1
2024-12-03,聯發科,0.0273,0.0194,0.0302,0.0212,1.3882,1
2024-12-03,中華電,-0.004,0.0041,0.0037,0.0047,1.1842,1
2024-12-03,廣達,-0.0135,-0.0786,-0.033,0.0211,0.6075,1
2024-12-03,台達電,0.009,-0.0188,0.0005,0.012,0.7721,1
2024-12-04,台達電,0.0233,-0.0199,0.0118,0.012,0.5507,0
2024-12-04,聯發科,0.056,0.0115,0.0335,0.0211,1.0904,1
2024-12-04,富邦金,0.0203,-0.0088,0.0019,0.011,0.4882,1
2024-12-04,台積電,0.07,0.0094,0.032,0.0181,0.9026,1
2024-12-04,鴻海,0.0229,-0.0585,-0.0227,0.0189,0.7944,0
2024-12-04,廣達,0.0262,-0.0827,-0.0254,0.021,0.542,0
2024-12-04,中華電,0.0081,0.0163,0.011,0.0049,0.7887,0
2024-12-04,國泰金,0.0376,-0.0014,0.0225,0.0119,0.6325,1
2024-12-05,國泰金,0.0437,-0.0086,0.0259,0.0116,0.5308,0
2024-12-05,聯發科,0.0558,0.0153,0.0366,0.0211,1.1975,0
2024-12-05,鴻海,0.0179,-0.0829,-0.0282,0.0184,0.7615,0
2024-12-05,富邦金,0.027,-0.0098,0.0102,0.011,0.6861,1
2024-12-05,廣達,0.0208,-0.0968,-0.0203,0.0205,0.452,1
2024-12-05,中華電,0.004,0.0081,0.0065,0.0049,0.5386,1
2024-12-05,台達電,0.0195,-0.0188,0.0038,0.0119,0.8269,1
2024-12-05,台積電,0.0697,0.0094,0.0363,0.0181,0.8621,0
2024-12-06,聯發科,0.0398,0.0195,0.0199,0.0209,0.962,1
2024-12-06,富邦金,0.0455,-0.0097,0.0184,0.011,0.8648,0
2024-12-06,台達電,0.0472,-0.0025,0.0231,0.0127,1.0677,1
2024-12-06,台積電,0.0693,-0.0229,0.0279,0.0174,0.8514,1
2024-12-06,中華電,0.0122,0.0122,0.0099,0.005,0.689,0
2024-12-06,鴻海,0.0128,-0.0917,-0.0283,0.0183,0.779,0
2024-12-06,廣達,0.0206,-0.0945,-0.0052,0.0206,0.5941,0
2024-12-06,國泰金,0.0457,-0.0115,0.0191,0.0117,0.4306,1
2024-12-09,中華電,0.0122,0.0122,0.0093,0.005,0.7312,0
2024-12-09,鴻海,-0.0051,-0.1136,-0.0372,0.0181,0.6593,0
2024-12-09,台達電,0.0425,0.01,0.038,0.0132,1.2686,0
2024-12-09,聯發科,0.0115,0.0232,0.0343,0.021,0.915,1
2024-12-09,廣達,0.0102,-0.0892,-0.0037,0.0206,0.5427,0
2024-12-09,國泰金,0.0237,0.0073,0.0262,0.0115,0.7681,0
2024-12-09,台積電,0.0386,-0.0092,0.0381,0.0175,0.6264,0
2024-12-09,富邦金,0.0212,-0.0022,0.013,0.0106,0.4328,1
2024-12-10,聯發科,0.0266,0.0672,0.0504,0.0205,1.2838,0
2024-12-10,國泰金,-0.0044,0.0163,0.0164,0.011,0.5593,0
2024-12-10,中華電,0.0081,0.0163,0.0085,0.0049,0.7539,0
2024-12-10,鴻海,-0.0229,-0.1028,-0.0468,0.0176,0.9512,0
2024-12-10,廣達,0.0,-0.0639,-0.0105,0.0192,0.6588,0
2024-12-10,台達電,0.0307,0.0151,0.0321,0.013,1.2676,1
2024-12-10,富邦金,0.0121,0.0033,0.0184,0.0107,0.5174,0
2024-12-10,台積電,0.0095,0.0143,0.0277,0.016,0.8291,0
2024-12-11,中華電,-0.008,0.0,0.0004,0.0049,1.124,0
2024-12-11,富邦金,0.011,0.0066,0.0136,0.0106,0.61,1
2024-12-11,廣達,-0.0238,-0.1087,-0.025,0.018,0.9949,0
2024-12-11,聯發科,0.0227,0.0757,0.0465,0.0204,1.3357,1
2024-12-11,台達電,0.0494,0.0534,0.0587,0.0142,2.068,1
2024-12-11,台積電,-0.0234,0.0097,0.0079,0.0163,0.7535,1
2024-12-11,鴻海,-0.0597,-0.1189,-0.0557,0.0176,1.0612,0
2024-12-11,國泰金,-0.0087,0.024,0.0123,0.0107,0.9352,1
2024-12-12,台積電,-0.0102,0.0281,0.0249,0.0167,0.7026,1
2024-12-12,富邦金,0.0285,0.0399,0.037,0.0118,1.8714,0
2024-12-12,台達電,0.0651,0.072,0.0613,0.0138,1.3944,1
2024-12-12,廣達,-0.0272,-0.0906,-0.0236,0.0175,0.7172,0
2024-12-12,國泰金,0.0058,0.0514,0.0275,0.011,1.653,0
2024-12-12,鴻海,-0.0528,-0.1087,-0.0528,0.0176,0.8108,0
2024-12-12,聯發科,0.0415,0.1174,0.0638,0.0202,1.5917,1
2024-12-12,中華電,-0.004,0.0082,-0.0,0.0045,0.6662,0
2024-12-13,富邦金,0.0174,0.0286,0.0322,0.0117,0.5469,1
2024-12-13,廣達,-0.0387,-0.0387,-0.0234,0.0127,0.6875,0
2024-12-13,聯發科,0.0805,0.1102,0.0811,0.0199,1.2853,0
2024-12-13,中華電,-0.008,0.0082,-0.0004,0.0045,1.1331,0
2024-12-13,台積電,0.0038,0.0329,0.028,0.0167,0.6439,1
2024-12-13,鴻海,-0.0581,-0.099,-0.058,0.0172,0.9353,0
2024-12-13,台達電,0.0602,0.0959,0.0715,0.0137,2.148,1
2024-12-13,國泰金,0.0116,0.0389,0.024,0.0109,0.6489,1
2024-12-16,富邦金,0.024,0.0434,0.0311,0.0112,0.9328,0
2024-12-16,聯發科,0.0453,0.1169,0.056,0.0195,1.4148,1
2024-12-16,中華電,-0.012,0.0041,-0.0047,0.0046,0.9017,1
2024-12-16,國泰金,0.013,0.0463,0.0305,0.011,1.5972,0
2024-12-16,鴻海,-0.0667,-0.1012,-0.0759,0.0174,1.2688,1
2024-12-16,台積電,0.0132,0.0626,0.0441,0.0169,1.2369,0
2024-12-16,廣達,-0.0709,-0.0534,-0.0568,0.0143,1.6337,0
2024-12-16,台達電,0.0519,0.1022,0.0737,0.0137,1.2801,0
2024-12-17,國泰金,0.0,0.0133,0.0078,0.012,1.1485,1
2024-12-17,中華電,-0.008,0.0,-0.0006,0.0044,1.5552,1
2024-12-17,鴻海,-0.0469,-0.1007,-0.066,0.0174,0.9658,1
2024-12-17,聯發科,0.0556,0.1089,0.0808,0.0189,1.6544,0
2024-12-17,台積電,0.0133,0.0376,0.0325,0.0169,1.1552,1
2024-12-17,廣達,-0.0614,-0.0517,-0.0544,0.0143,1.0363,1
2024-12-17,富邦金,0.0054,0.012,0.0173,0.0111,1.0246,0
2024-12-17,台達電,0.0409,0.0812,0.0532,0.0145,1.1916,1
2024-12-18,國泰金,0.0058,0.0208,0.0097,0.0119,0.7493,0
2024-12-18,中華電,0.004,0.0122,0.0028,0.004,0.962,0
2024-12-18,廣達,-0.0383,-0.066,-0.0478,0.0135,0.9582,0
2024-12-18,聯發科,0.0519,0.1137,0.0711,0.0188,1.118,0
2024-12-18,鴻海,-0.0238,-0.1044,-0.0531,0.0172,0.8336,0
2024-12-18,富邦金,0.0033,0.0155,0.0099,0.0109,0.7055,0
2024-12-18,台達電,0.0265,0.1009,0.063,0.0145,0.89,0
2024-12-18,台積電,0.0423,0.0626,0.039,0.0165,1.2734,0
2024-12-19,富邦金,-0.0319,0.0179,-0.002,0.0108,1.4246,0
2024-12-19,國泰金,-0.0273,0.0165,-0.0073,0.0122,1.2522,0
2024-12-19,聯發科,0.029,0.1225,0.0649,0.0186,1.1445,0
2024-12-19,廣達,-0.0402,-0.0663,-0.0498,0.0135,1.4079,1
2024-12-19,鴻海,-0.0398,-0.1062,-0.0659,0.0173,1.0968,0
2024-12-19,台積電,0.0094,0.0635,0.0215,0.0165,1.2964,0
2024-12-19,中華電,0.0,0.0041,-0.0014,0.004,1.0078,0
2024-12-19,台達電,-0.0012,0.0932,0.0359,0.0151,1.024,0
2024-12-20,聯發科,-0.0142,0.0611,0.0393,0.0181,1.0041,1
2024-12-20,廣達,-0.028,-0.0657,-0.0361,0.0135,0.9875,1
2024-12-20,富邦金,-0.0342,0.0123,-0.0081,0.0109,1.2301,1
2024-12-20,台達電,-0.026,0.0457,0.0225,0.0137,1.2014,1
2024-12-20,中華電,-0.004,0.0,-0.0055,0.0041,1.4905,1
2024-12-20,台積電,-0.0282,-0.001,-0.0119,0.0171,1.5178,1
2024-12-20,國泰金,-0.0317,0.0075,-0.0135,0.0123,1.2603,1
2024-12-20,鴻海,-0.0295,-0.1084,-0.0606,0.0172,0.9557,1
2024-12-23,國泰金,-0.0157,0.0253,0.0102,0.0134,0.8604,0
2024-12-23,廣達,0.0509,-0.0334,0.0056,0.0167,1.7001,1
2024-12-23,中華電,0.0122,0.0081,0.0063,0.0049,1.0541,0
2024-12-23,台積電,-0.0046,0.0526,0.0284,0.0195,0.9217,0
2024-12-23,聯發科,0.0181,0.1016,0.0491,0.0172,0.8007,0
2024-12-23,台達電,-0.0141,0.0673,0.0389,0.0142,0.6704,1
2024-12-23,富邦金,-0.0245,0.0099,0.0024,0.0107,0.6313,1
2024-12-23,鴻海,0.0192,-0.1188,-0.031,0.0158,0.8982,0
2024-12-24,鴻海,0.0137,-0.084,-0.0266,0.0139,0.6121,1
2024-12-24,台積電,0.0047,0.0734,0.0248,0.0188,0.7947,1
2024-12-24,聯發科,-0.014,0.0977,0.0405,0.0173,0.5959,1
2024-12-24,台達電,0.0143,0.0981,0.0476,0.0136,0.8126,0
2024-12-24,廣達,0.0582,-0.0202,0.0136,0.0168,1.0843,1
2024-12-24,富邦金,-0.0076,0.0189,0.0059,0.0107,0.4259,0
2024-12-24,中華電,0.0,-0.004,-0.0016,0.0052,1.1988,1
2024-12-24,國泰金,0.0044,0.0223,0.0076,0.0134,0.3162,0
2024-12-25,台積電,0.0,0.0892,0.0252,0.0185,0.4763,0
2024-12-25,聯發科,-0.007,0.128,0.0381,0.016,0.4462,1
2024-12-25,台達電,-0.0071,0.0946,0.0355,0.0138,0.2961,1
2024-12-25,中華電,0.0,0.004,0.0022,0.0052,0.3844,0
2024-12-25,富邦金,-0.0044,0.0304,0.0011,0.0101,0.3334,0
2024-12-25,國泰金,-0.0015,0.0331,0.0031,0.013,0.3128,0
2024-12-25,鴻海,0.0108,-0.0509,-0.0188,0.0127,0.4266,1
2024-12-25,廣達,0.058,0.0192,0.0161,0.0147,0.8168,0
2024-12-26,中華電,0.004,0.004,0.002,0.0052,0.3761,1
2024-12-26,國泰金,0.0148,0.0362,0.0013,0.013,0.1889,1
2024-12-26,廣達,0.0601,0.0104,0.0121,0.0147,0.6635,0
2024-12-26,台積電,0.014,0.0837,0.0212,0.0185,0.4558,1
2024-12-26,富邦金,0.0044,0.027,-0.0024,0.0102,0.3654,1
2024-12-26,台達電,0.0276,0.1146,0.0434,0.0137,0.375,1
2024-12-26,聯發科,0.0,0.1315,0.0392,0.016,0.4484,1
2024-12-26,鴻海,0.0359,-0.0409,-0.0115,0.0128,0.7317,0
2024-12-27,中華電,0.0122,0.0122,0.0055,0.0051,0.6105,0
2024-12-27,聯發科,0.0288,0.1394,0.0398,0.0159,0.4433,0
2024-12-27,廣達,0.0486,0.0,0.0121,0.0145,0.4034,0
2024-12-27,鴻海,0.0304,-0.046,-0.0144,0.0128,0.4417,0
2024-12-27,國泰金,0.0297,0.0548,0.0074,0.0128,0.5682,0
2024-12-27,台達電,0.0473,0.1325,0.0455,0.0133,0.4737,1
2024-12-27,台積電,0.0531,0.0986,0.0212,0.0183,0.8104,0
2024-12-27,富邦金,0.0155,0.0432,0.001,0.0098,0.3774,0
2024-12-30,台達電,0.0345,0.1184,0.0469,0.013,0.7586,0
2024-12-30,中華電,-0.004,0.0081,0.001,0.0052,0.6578,0
2024-12-30,廣達,-0.0035,-0.0171,0.0025,0.0146,0.5884,0
2024-12-30,聯發科,0.0071,0.084,0.0284,0.0135,0.5455,0
2024-12-30,鴻海,-0.0027,-0.0561,-0.0195,0.0128,0.5181,0
2024-12-30,台積電,0.0093,0.0572,0.0184,0.0164,0.7874,0
2024-12-30,富邦金,-0.0011,0.019,-0.0054,0.0092,0.4495,0
2024-12-30,國泰金,0.0029,0.0237,0.0048,0.0113,0.9455,0
